user_id,text_id,predictions
9750,23643,0
2171,29527,1
10173,23016,1
9912,22819,1
8749,15758,1
2689,26362,0
8325,10694,0
8072,48834,0
9488,49895,0
2593,24301,0
2996,41581,1
2980,48081,1
2914,46066,1
2577,6831,1
9140,16311,1
4632,38719,1
10871,48140,1
1095,41025,0
5414,8070,1
9054,28981,1
9937,49530,1
7886,16823,1
5465,37890,1
8538,7574,1
1340,26915,1
643,3581,1
3056,41018,0
4761,43300,1
7397,37950,1
3066,38433,0
1815,1832,0
1055,29478,0
3281,31516,1
258,36126,0
6344,14889,1
7258,32857,1
2396,22001,0
2225,12494,1
10807,42332,0
1656,34112,0
1895,29783,1
11123,42901,1
3980,20190,0
11043,11064,1
3775,40048,1
1758,23629,0
2747,21238,0
4061,13949,0
3989,18630,0
5228,6732,0
2682,33238,1
816,11624,0
3945,35967,1
612,49507,1
9070,20142,0
2753,49489,1
8339,34464,1
1767,42434,0
9024,17467,1
38,8960,1
11134,9679,0
9640,46222,1
765,38738,1
3208,7847,1
4726,22111,1
2199,39578,0
4874,48173,0
6330,42021,1
636,8230,1
7632,305,1
835,41214,1
7970,23286,0
344,29585,0
774,14190,1
8168,2603,0
3736,47769,1
3887,25444,1
4241,24971,0
9425,40969,1
7679,47703,0
10684,40127,0
3709,13202,1
7884,21157,0
10637,24976,0
8195,42706,0
3960,35372,0
8382,12514,1
8489,12987,1
8248,18441,0
9000,16345,1
1301,34252,1
5350,40038,0
3358,17576,0
10794,12594,0
1139,14835,0
5525,38651,1
5770,41119,1
3617,42690,1
616,5783,1
908,35789,1
10316,27687,1
3595,19857,0
7991,37620,1
10547,34657,0
8815,38658,0
2501,18838,1
8850,33941,0
7567,39524,0
8326,4573,1
5632,47045,1
266,5419,1
2517,44281,1
424,30721,1
1665,13391,0
1941,25584,1
10151,27204,0
2197,20974,1
619,10500,0
7349,5035,1
5410,17235,1
8332,27857,0
1036,27690,0
10762,7679,0
1229,32174,1
1639,17763,0
6016,11849,1
2944,14655,0
720,28948,0
7311,12020,0
8503,42020,1
293,44050,0
5535,11676,0
4653,14230,0
1410,9944,1
2384,24083,1
2671,46792,1
10593,967,1
10638,11827,0
10759,26690,1
8888,978,0
3265,29241,1
5734,34523,1
9202,7337,1
7751,22905,0
8351,27756,1
4154,18695,1
1630,26980,0
10274,32169,1
9532,9244,1
3147,15075,1
5219,19310,1
8706,19476,1
2999,28285,0
5273,4973,1
10169,16000,1
3283,40667,1
7774,16416,1
676,26289,1
152,3882,0
2799,28642,0
6857,38373,0
1206,39849,0
8560,42125,1
4246,42732,1
2533,22515,1
6515,3320,1
581,38174,0
4916,23117,0
6893,40275,1
9946,27980,1
6031,16224,-1
7754,47485,1
6042,40954,1
8365,4126,0
7232,10720,0
9367,29869,1
6193,17964,1
8890,36461,1
9984,42051,1
9587,47542,0
10525,46159,0
6253,35392,1
2737,5703,1
5675,9961,1
5109,20959,0
4261,21490,0
410,28785,1
7719,22272,1
6258,23205,1
3852,3179,0
5622,33515,1
4888,44285,-1
6001,40510,0
4188,24746,1
5086,42259,0
2847,275,1
2807,9696,1
3630,29785,1
7263,11009,1
8977,14841,1
3328,4794,1
6434,26612,-1
10743,6986,-1
2417,4288,1
1372,22869,1
12,16273,1
7680,42615,1
8628,5873,0
8421,8829,0
5270,10008,1
6415,24202,1
5672,31473,0
10421,13806,0
10401,20086,0
10138,38855,1
9308,29163,0
9816,29040,1
7189,31324,0
6316,36459,0
217,37574,1
2803,26792,0
6073,6298,0
2748,4450,0
6566,36953,1
2985,28049,-1
1049,34288,1
400,9721,1
9848,33703,0
3112,20094,0
5707,7449,1
8974,30313,0
7713,31116,0
6994,49652,1
5550,34086,1
5642,49451,1
8920,4630,0
7196,26054,0
7129,1888,0
1328,26928,1
9110,36465,1
9320,14343,0
3022,719,1
588,39487,1
2295,33546,1
2926,47920,1
5097,44664,0
6262,20839,1
1760,4701,0
4032,7074,1
923,18260,1
6101,38285,0
9178,11351,1
3338,1382,1
7908,46009,0
3420,42687,0
9313,15470,1
1171,31018,1
2835,8824,1
3483,3119,1
11093,3405,0
11040,28200,0
31,6073,1
7932,43135,1
8937,16912,1
8636,41983,1
11033,33900,1
42,4933,0
1451,15460,1
6351,31315,0
6192,21815,1
1450,46331,1
10311,12209,0
5614,39861,0
7937,1848,0
848,29325,0
1899,43320,1
7676,20088,1
5209,27840,1
8825,38326,1
5534,7282,0
1056,30624,1
4753,48681,0
2563,35074,0
8180,9639,1
5332,10326,1
10071,47156,1
5648,9181,1
7180,8480,1
2489,7451,0
353,11114,1
7378,19200,1
4010,10257,1
9522,16914,0
5449,9841,1
5268,29176,0
5135,39803,1
6811,2993,1
10149,20246,1
8602,46883,1
9090,26493,0
961,45778,0
10351,39419,1
3227,24603,0
958,16675,1
10696,18771,0
9953,33025,1
5005,18280,0
9286,23889,1
2746,14272,0
8148,6216,1
7056,46264,1
6934,44151,0
1182,8265,1
11047,28088,0
1755,33303,0
10851,46589,0
6269,25255,1
7090,22780,0
2158,21654,0
1980,44870,1
10302,13166,0
5065,42915,0
576,11930,1
2029,36084,1
4379,11433,0
773,23367,0
5937,32899,1
8015,28295,1
4688,49603,1
3539,40972,1
6453,31658,0
3146,21592,1
658,35128,0
4902,49948,0
9789,35647,1
9897,40866,1
7402,40784,1
2708,48283,-1
3812,3518,0
10263,4519,1
10531,2679,1
10006,13255,1
1037,37220,1
10371,1673,1
766,17839,1
5802,43539,0
2464,17828,1
911,18094,0
7967,21500,0
5697,39383,1
8131,29200,0
4561,32080,1
4373,33232,0
7421,49554,1
7201,14973,1
1309,23138,1
5653,24964,0
8725,49392,1
5506,40842,1
1736,26882,0
3408,30329,0
5141,16315,0
9609,13158,0
966,18610,1
3810,16921,1
3835,6700,1
3799,11259,0
10146,2802,0
6824,2198,0
5043,3100,1
2690,21116,0
10139,10564,1
5483,30452,0
7942,17473,0
7427,4545,0
8584,12228,0
4871,48066,0
7901,14441,1
8787,15426,0
8288,5886,1
1728,30810,1
522,47682,0
3511,18609,0
8589,20934,0
4990,31339,1
9878,22196,1
2937,38145,0
10598,16148,1
1375,46191,1
3961,19206,0
7229,18928,0
5,1925,0
7811,19911,0
7658,18190,1
4524,30440,0
1991,27673,1
3716,28016,0
8994,38923,1
4417,45234,1
10164,28634,0
108,11818,1
1716,21392,1
8905,16544,0
270,12851,0
6637,4153,1
3698,36104,1
5896,36276,0
10715,33216,1
7283,22770,1
2742,22422,0
8780,19112,0
5324,1160,0
9780,22584,1
8497,3643,0
10072,45627,1
682,14728,0
2490,885,1
446,30495,1
5778,29880,1
5288,23177,0
10331,546,1
2048,21862,1
5508,22016,1
1800,46340,0
3795,22409,1
3471,21713,1
4667,27354,0
1700,7992,1
4433,19494,1
5596,22098,1
280,19114,1
10940,30036,1
7757,11221,0
666,28098,1
3770,3695,1
4112,42555,0
2813,16510,0
5439,23978,1
3088,6840,0
4265,4886,1
6445,17318,0
5285,47228,1
3110,26301,0
5481,45902,0
8723,34747,1
5892,15951,1
5058,27378,0
3015,10623,0
6422,17825,0
10575,43438,1
6489,45499,1
1952,9585,0
9244,24332,0
7723,27334,0
834,4534,0
10309,37837,1
2867,22848,1
1880,49921,1
8593,34416,1
1293,4449,0
10817,39983,0
9288,28867,0
2988,23208,0
9620,34433,1
3016,45795,1
10074,21720,0
8231,25507,1
924,38730,1
7617,33608,1
1694,4642,0
3740,32203,0
6392,18732,0
2621,1678,1
9099,47777,0
1157,20581,1
9170,26645,1
3905,11180,0
459,46286,1
2759,5023,0
140,28980,0
2881,3894,1
9139,34223,0
7238,49495,0
6723,13886,0
3955,31646,1
9949,18447,1
10805,7219,1
859,27384,0
1682,4078,0
7947,45063,1
647,16178,1
2589,13221,0
8034,47346,1
4959,44826,0
2268,7555,1
3160,27058,1
10076,30490,1
1651,14687,0
889,14845,1
1463,44995,0
10848,24550,-1
6948,1530,1
4860,18581,0
9794,3436,0
10860,2597,1
5965,29306,1
7634,277,1
8311,46862,0
406,32241,0
6,27844,1
7487,42197,1
7835,12568,-1
10737,21863,0
2080,35851,1
4008,4906,1
4394,8636,0
8149,14817,1
3914,23108,0
3138,26872,0
7096,10110,1
1808,3998,0
583,27788,1
2303,12647,0
3902,33402,1
1699,32556,1
4903,13520,0
1797,25622,1
797,22743,0
75,25382,1
1354,36225,0
9035,8612,1
6359,1479,0
8329,1784,1
6807,3456,1
9975,5423,0
2540,39442,0
3409,10283,1
6305,28657,0
768,44440,0
7798,43301,1
4243,45720,1
3908,39976,1
2480,21892,-1
7800,40434,1
8114,37441,0
4669,3992,0
4932,24300,0
9330,20201,0
5432,9664,1
10708,8166,0
6969,25249,0
4466,44013,1
6206,30848,1
6869,12196,0
9521,11452,1
3406,37714,1
892,31486,1
6149,8539,1
6747,12350,0
4255,8188,1
9802,42324,1
10995,43330,1
1435,31128,0
1239,45292,0
5698,5811,1
10595,18209,1
9821,969,1
10049,46597,0
5115,25083,1
2623,5715,0
1297,738,1
4710,3503,0
9349,2568,0
4150,16516,1
10130,12896,0
3153,1551,1
6268,31651,1
8995,23074,1
4779,30599,-1
2561,17506,0
3679,41722,1
2173,12092,0
6778,39756,0
621,36311,1
7779,19138,1
3784,26004,0
9031,22830,0
6451,47695,1
6608,29720,1
3450,4316,1
5476,39029,1
5340,9752,0
4107,7279,1
5412,38794,0
8377,49617,0
4734,268,1
4968,31729,0
9695,7996,0
7536,7676,1
6276,43665,0
4684,46373,0
11011,41835,1
300,30538,0
10703,26372,0
11077,43647,0
6766,3869,0
3585,41174,1
6309,48968,1
23,32313,0
10906,48796,0
5612,19633,1
1762,12260,1
7362,44500,0
10096,15168,1
6232,41045,1
7031,32213,1
2648,1135,0
3456,45875,0
2244,45102,0
6200,11384,0
3482,29335,1
2139,10763,1
9638,14613,0
3109,2079,0
4378,8331,1
1791,38425,0
11108,34384,1
7785,32028,1
8801,20283,0
2329,14006,0
8732,13303,-1
9253,36452,1
5057,18816,0
10483,36346,1
9876,14302,0
10545,21662,1
2974,44630,1
916,17401,0
7623,18314,0
4690,24823,0
3282,7672,1
7262,31858,0
3622,43811,0
6710,38426,0
2101,16728,0
10443,2535,0
5542,23546,0
10979,33513,1
6483,46716,0
2532,1215,0
5420,39338,1
11054,20343,1
7858,10897,0
9148,26455,1
1993,17205,0
3797,34348,1
7589,37840,1
5516,27262,1
5067,26133,1
7356,28393,0
9317,46540,1
10133,11806,1
759,49651,0
6924,13702,0
11056,42852,1
2488,40374,1
9082,12513,0
6606,7020,1
5919,19403,0
6079,1663,0
2128,46172,1
3754,43396,1
4002,19929,1
6285,16117,1
10126,45515,0
309,9340,1
10865,48301,1
1496,32389,1
325,42183,0
7214,48319,1
2990,3524,1
4024,21343,1
4666,43169,0
3273,33041,1
2418,3336,1
2394,4085,1
903,3390,1
8792,27958,0
819,4902,1
8620,16124,0
9982,31043,1
6871,30044,0
2372,21665,1
1437,49174,1
6238,41526,1
1855,26946,0
8871,19949,1
9049,26899,0
1289,47588,1
9945,11344,1
7482,23912,0
2702,24625,0
6148,2862,1
5408,5972,0
2187,49537,1
5370,44672,1
8071,22548,1
5690,40444,1
6717,9090,1
8105,3681,1
10658,7287,1
8714,17756,0
7960,47658,0
10981,43283,1
281,22351,1
7532,5875,1
3519,28664,0
10168,24018,1
5309,20089,0
536,10361,1
4457,2029,0
5479,6195,1
5788,3743,1
9642,31369,0
5365,11159,0
2768,1677,1
9432,49717,1
1698,45170,0
5501,28789,1
492,36852,1
667,28264,0
7622,8703,1
10987,19750,1
4440,13025,0
8160,558,0
5407,42913,1
7529,9253,1
3707,30511,1
8051,27197,0
1242,35410,0
2827,48642,1
596,10997,1
3012,8157,0
2948,9783,1
7814,14081,0
2995,34919,1
9437,26093,1
6500,1414,1
1562,33063,0
5306,41623,0
4862,16707,0
5339,38688,1
10365,11865,1
7550,10553,1
10749,43019,1
2370,21881,1
3469,30793,1
7393,21864,0
8631,38239,0
8509,49856,1
9851,36568,1
2364,23874,1
5458,43522,0
4141,620,0
8656,33110,1
2601,36291,0
9676,8691,0
4652,3105,1
1304,21488,1
4619,35364,1
3350,20853,0
3686,39431,1
4448,17997,0
3401,30443,1
6396,35747,0
8467,26979,1
9899,17609,1
2848,26008,1
1046,47078,0
9721,19967,1
4629,44785,1
8175,7691,0
9543,10330,1
4812,47046,1
3400,34803,0
5236,9505,0
10103,31748,0
2065,11232,1
1818,23296,0
351,25291,1
2016,7903,0
10691,39143,0
7377,7302,0
10042,40862,1
8941,45175,0
2738,18048,0
9364,22807,0
2039,49313,1
6890,20854,0
1165,47164,1
7054,21321,1
10067,26601,1
5728,18254,0
7691,18222,1
4180,17256,1
6693,43090,0
4721,37954,0
4331,14077,1
5832,40203,0
6720,48015,1
8907,24363,1
5367,43457,1
7975,5761,0
11036,34994,0
2160,4041,0
637,27768,0
7594,11101,1
9484,34504,0
9888,7280,0
2712,6185,1
669,38141,1
5801,16584,1
1108,23244,0
495,3082,0
7087,63,0
5312,24808,0
9731,50061,1
3639,40795,-1
3786,39331,1
8840,7855,1
223,29296,0
701,32353,0
10718,12208,0
3155,43708,0
9741,11413,0
777,3279,0
9062,9738,0
2578,27454,0
5645,17674,1
3116,9182,0
10790,11390,1
6177,23123,0
7573,35998,1
1743,20951,0
7911,12570,0
8755,4504,1
6442,42928,0
3096,41072,1
2998,364,1
11037,46655,1
8135,6874,0
4584,24469,0
1211,15801,1
3145,14039,1
2249,41174,1
1408,14549,1
5972,12929,0
10026,39823,0
7608,18489,0
8059,47632,1
6703,34143,1
5175,15575,1
2837,26590,1
1162,10551,0
5511,28597,1
1834,32075,1
3275,14073,0
10173,17519,1
9912,44318,0
4309,4579,0
8749,14490,1
2689,14027,1
5667,4133,0
8325,6125,0
8072,22471,1
7210,27132,1
9488,21341,1
2593,20922,0
8822,29604,1
8696,48902,1
2996,4959,1
2980,48615,1
2914,31269,0
2577,35424,0
4632,46501,1
9303,19353,1
3295,18668,1
10871,48176,0
5414,40751,0
1689,24012,1
7548,46694,0
7886,7817,0
5465,7147,0
1368,5528,0
1340,27877,0
3056,48954,1
4761,15707,1
7397,29603,0
5084,6654,0
3281,35823,1
258,46673,0
6344,45745,0
2396,34226,0
2225,39293,0
10807,4698,0
1498,15069,0
1895,46713,1
6427,21039,1
11123,1151,0
3775,31337,1
1758,32423,1
2747,8473,1
2425,14126,1
4061,48320,1
3989,6638,0
5228,32235,1
7508,12559,1
504,11491,0
3945,9057,1
612,14832,0
2753,7738,1
8339,38936,0
1767,31232,0
909,30564,0
38,12663,1
9040,22950,1
731,37834,1
10588,91,0
8817,5287,1
9640,43187,1
8151,40040,1
1128,20662,1
2199,8985,1
636,12745,1
7970,35499,1
769,40452,0
344,15698,1
8168,46353,0
3736,37148,0
4241,542,0
1788,29437,1
10684,24231,0
7884,49384,0
10637,43085,1
8195,49699,0
8000,45274,1
7727,1447,0
7295,14803,1
2388,8837,1
1226,17182,0
212,18751,1
8382,48063,1
7752,27029,0
1301,8790,1
7069,40654,1
5350,6341,1
3358,21296,1
10794,6678,1
1139,26103,0
5525,42567,1
616,10122,1
908,20348,-1
8820,48583,1
5722,10247,1
1778,34479,1
3595,1327,0
10547,29712,0
8815,37079,1
2501,5079,0
9830,3003,1
5034,44280,0
7567,49542,0
4607,32387,1
8326,21979,1
5632,26461,0
266,8718,1
2517,25410,1
424,10534,1
1941,25737,1
619,6312,1
9564,13181,0
7651,6312,1
8332,13105,0
1036,17051,0
9631,30141,0
10127,14410,1
7747,40083,1
5143,45397,0
1639,23593,0
1783,24428,0
2944,49992,0
720,13881,1
7311,23474,1
1809,48817,0
293,24691,0
7791,43442,1
5535,28445,1
87,47418,0
1410,25280,1
2384,18593,0
10638,26333,0
10759,16096,0
6277,28469,1
5734,44048,1
9202,12855,1
7751,2378,1
8351,21467,0
1870,36563,1
1630,48967,1
7883,23926,0
10523,37425,1
290,14722,1
7664,3248,1
9532,1939,1
10215,30775,0
3147,34902,1
5219,5771,1
5273,20709,1
10389,18890,0
10169,40809,1
3100,19456,0
7774,46987,1
152,33429,0
6952,45540,0
2799,11157,1
9263,37206,1
6857,28225,1
10949,41669,0
2786,46559,1
4246,37987,0
581,33680,1
4916,23937,0
9160,28623,1
5271,30097,0
6031,46177,1
3618,40539,1
6042,47333,1
8365,26752,1
8645,17389,1
7232,29969,1
8890,44386,1
1027,7202,1
9984,15222,1
9587,24962,0
10525,47391,1
6253,22927,1
8689,3442,1
2737,17333,1
5109,42160,0
3439,35653,0
1193,312,0
4261,27611,1
3497,3109,0
7719,12195,1
6258,36885,0
1359,18155,1
3852,45402,1
5622,5437,0
4888,35741,1
4583,10651,1
114,43377,1
3630,47049,0
7263,3917,1
8977,20799,0
8704,33584,0
8044,11054,1
3328,10760,0
5743,43061,0
8312,17885,1
6434,14360,1
2417,26602,1
12,7238,1
8355,24322,1
7680,39832,1
6415,37095,0
10769,4915,1
767,10983,0
8439,3906,1
9443,2736,1
9308,6289,0
7189,31586,0
6316,6324,0
217,31967,1
6073,13682,1
7304,15502,0
6566,778,1
295,29233,0
2985,20192,0
1049,38428,0
400,49055,1
9848,22787,1
8694,39854,1
3112,5842,0
5707,29401,0
6225,38486,1
7713,4983,1
2694,40673,1
5550,24677,1
8920,28846,0
10867,12333,0
10665,29634,1
9320,6822,0
3022,45879,1
11060,29373,1
5097,44187,1
1760,1968,1
4032,47293,0
9178,7262,1
3338,3682,1
7908,8883,0
9313,9527,0
1171,44782,1
4643,22734,1
1260,26588,0
11040,3208,1
6115,16078,0
31,8825,0
7932,25295,1
8937,331,1
8636,24222,1
11033,34425,0
6351,26202,0
6022,27800,1
6192,22344,1
3708,13339,1
10311,3562,1
2565,3963,1
7937,44781,1
3844,7839,1
5633,26337,1
1899,24696,1
7676,19431,1
8825,8545,0
5534,44276,0
2062,19015,0
1056,1204,0
5890,3595,1
8180,3157,0
7739,23924,0
10071,7732,1
3846,48866,1
1999,38926,0
2489,6314,0
353,47942,1
7378,27302,1
9522,3825,0
5449,5614,1
3322,16317,1
8435,44401,0
5548,44375,1
4424,15543,1
4402,23252,1
6549,34783,1
8602,4147,1
961,33054,1
8286,36675,0
10351,26565,0
6064,28650,0
3227,34664,1
958,42875,0
10696,26886,0
9953,1966,0
10195,1978,1
5005,41800,1
7114,8686,1
6800,21664,1
8148,36954,0
7056,15364,0
3047,44982,0
7279,32221,1
1057,2061,1
6934,29621,0
1182,38014,0
1755,50005,1
10851,42298,0
4052,46170,1
6269,32206,1
2158,19180,1
3560,20141,1
1132,27024,1
81,8576,1
3233,2646,1
2029,41444,1
3367,32668,0
8015,17461,1
3500,16190,1
4688,9975,1
3539,31992,1
1447,16347,1
4884,7187,0
3146,12511,1
658,35150,1
4902,5303,0
2954,42438,0
9897,47959,0
7402,27373,0
8744,48013,1
190,4783,0
3812,11319,0
10263,28185,0
7162,21087,1
5802,40293,1
911,561,0
2699,7715,0
7967,11120,1
3860,30470,0
4561,42586,0
6166,41293,1
4373,10,1
7421,43834,1
6404,12968,0
8400,32324,1
8838,1634,0
7201,46166,0
5653,43108,0
8725,3664,0
2891,2297,1
7416,7669,1
5141,3809,0
8304,49755,1
6879,5697,1
8618,2933,0
9609,12330,1
966,28152,1
2965,35353,-1
3810,20173,0
3835,30679,1
11095,10558,1
5016,46237,1
6659,30077,0
1854,39875,1
2162,17750,1
3799,32322,0
10146,34184,1
10008,12791,0
1282,36805,1
443,19263,1
4974,32223,0
7051,7716,0
10139,22980,0
3396,4702,1
5483,6444,0
360,4118,1
7942,6634,0
6789,6435,0
2691,1588,1
2157,8953,0
7427,5762,1
7264,6025,0
4871,26778,0
10667,8267,0
8288,26158,1
1728,35413,0
1526,21966,1
7444,39391,0
8589,17345,0
4990,4798,0
9599,28748,0
2937,22808,0
10598,48538,1
1375,4123,0
6795,23748,1
5,343,1
7504,19876,0
7811,922,0
7897,7689,1
8823,13871,1
4524,4388,1
1991,41213,0
8994,18911,1
10164,38183,0
1302,34511,1
108,39717,0
7285,16040,0
270,19442,1
6637,17855,0
3698,28951,1
5896,31851,0
8453,10722,0
2742,36967,0
7682,31045,1
8780,38034,1
9780,20437,1
8497,10738,0
4823,25170,0
682,19137,1
2490,9213,1
446,8649,0
5288,24597,0
5508,20382,1
9520,28966,0
1800,9095,1
3795,49175,1
2752,26022,0
4667,21219,1
4433,36271,1
10940,18120,1
666,44831,0
4112,6726,0
4897,16467,1
3088,35775,0
3591,25594,1
4648,29363,0
4265,1255,0
6445,49849,1
5285,39234,1
3110,3862,1
5481,48924,1
5892,31091,0
10788,44943,1
5058,37084,1
4325,9558,0
3015,2590,0
9938,45479,0
6684,7862,0
1952,13006,1
6761,49230,1
10281,3055,0
10309,13927,0
1880,2472,0
9644,4052,1
7506,10042,1
6135,34382,1
3783,13826,0
9270,3677,1
8593,6034,1
238,3836,1
2644,19000,1
685,16032,1
1293,8587,1
10817,34434,1
1744,16176,1
9288,38696,1
2988,28181,1
9620,24117,1
2630,47647,1
3016,20482,0
10074,43957,1
5062,13199,0
5105,25705,0
7617,38619,1
1694,14792,1
3740,24204,1
10473,41741,0
2621,7239,1
9099,31620,0
5777,33844,1
6057,29225,1
10143,16442,0
3905,15176,0
459,6374,0
1886,6512,0
140,13128,0
5624,38541,1
9139,31106,1
7238,23212,0
1093,2486,0
4764,42144,1
3897,11392,0
5234,24272,1
859,12874,1
1682,11971,1
7947,41367,0
851,16790,1
647,26842,0
2589,26722,0
4959,38272,1
4736,42789,0
3160,35716,0
3130,46065,1
10076,17409,1
1651,830,0
889,29384,0
10848,39306,0
4860,14015,0
9794,38351,1
10860,49582,1
5965,16913,1
406,17252,1
9222,46729,1
8798,47680,0
6,11627,1
7487,18046,0
2713,41197,0
8459,47813,1
7835,35627,1
2080,13491,1
10898,25425,0
10028,25564,1
4394,28395,1
4314,48033,1
9809,44462,1
1921,6799,0
5863,40910,1
7096,46113,1
3563,49423,0
6806,37423,1
2303,20790,1
6310,45177,1
4166,47554,0
9415,41302,0
7951,27883,0
3902,2174,0
1699,22578,1
4903,11911,1
8011,41516,1
981,18074,0
6359,11223,0
271,30197,1
10738,36750,1
8329,46187,1
6807,26812,1
9975,46369,1
2540,43897,1
4793,37112,1
768,49303,1
7798,12796,0
2250,6478,0
3908,13125,1
8114,7378,1
6860,9470,1
4669,47818,1
10944,25604,0
9330,15141,0
10708,5198,0
4466,40182,1
6206,25241,1
3944,37120,0
6869,30472,0
9521,49897,1
3406,5116,0
7673,8012,0
3169,17005,0
892,14473,0
6149,10310,1
2780,24515,0
6747,32808,1
341,7526,0
4730,18960,0
9802,22153,0
6874,15772,0
10995,7690,0
8049,30011,0
780,25670,1
1435,30131,0
5857,41273,0
1239,16750,0
1138,5904,0
4390,26775,1
9821,11538,1
10049,12589,1
7553,16630,1
5115,37130,1
2623,23936,1
1297,22047,1
4710,22260,1
10130,22243,1
3153,12086,1
9927,12160,0
6268,42959,1
5358,6241,1
6341,31761,0
8828,12433,0
4779,31415,1
3679,13337,1
2173,28167,0
6778,15969,0
621,12301,0
9031,418,0
6451,43128,1
5476,19091,1
5340,11425,1
4107,32870,1
5412,46206,1
8377,44544,1
754,35836,1
9461,28781,0
2246,8677,1
9695,17144,1
7536,238,0
2436,26541,0
7546,14349,1
7611,7686,1
6276,40668,1
9626,11625,0
3371,14004,1
1598,47278,0
4684,49924,1
11011,41819,0
10703,14942,0
6766,24803,0
9857,10405,1
10672,18714,1
23,42400,1
10098,7314,0
8442,30064,0
5361,590,1
5664,7446,1
1762,29471,1
7362,10492,0
3673,21574,0
6232,49405,0
7031,10735,1
2648,20885,1
2244,31827,0
2139,8014,0
1982,49691,-1
10152,6653,0
11133,3329,1
7060,31418,1
9638,48641,0
3109,31746,1
2618,22901,1
4378,27491,0
11108,10078,0
2178,23635,0
8577,25266,1
8809,38158,0
2329,82,1
8732,41170,1
10308,7427,0
3342,17532,1
2031,47339,0
9253,42346,0
499,37288,0
10545,16289,0
5761,39908,1
916,20690,1
7623,22693,1
4690,49194,0
5377,49107,1
7262,29164,0
3622,17926,1
3543,31305,1
2101,9207,0
6411,37672,1
2651,10108,0
7325,18174,1
6483,41887,1
2532,42306,1
9148,18135,1
10035,12666,1
1993,34874,1
2235,45715,1
7322,49858,1
7589,39862,1
5516,16771,0
5067,22595,1
9317,38976,0
8934,336,1
6924,28886,0
6978,37401,1
5046,49411,0
2488,11723,0
9082,11746,0
6916,45352,0
9490,3418,0
5466,29521,1
6606,22673,1
6079,5000,1
3754,8355,1
4002,41291,1
4038,23549,1
10126,40231,0
10282,37458,0
1496,9307,1
325,48620,1
7214,47540,0
1739,19172,1
4024,17046,1
4666,11186,1
3258,47816,1
8424,9349,1
2394,21065,0
9729,26555,1
903,29237,1
819,9126,1
2475,6833,1
6238,4342,0
8871,20244,1
8886,17400,1
4031,37801,0
9049,42583,1
1289,6914,1
2820,26440,1
9325,7900,1
3246,48725,1
2702,30799,0
10064,5656,1
8071,8448,0
9108,14763,1
10658,42491,0
8714,38972,1
10981,9746,1
7532,15876,0
10168,40421,1
985,30658,1
10054,14003,1
536,34754,1
4457,1140,0
5788,48264,1
4985,27220,0
5365,16566,1
3446,18215,1
1698,5447,0
5501,41577,1
492,38502,1
8702,30675,0
5407,5883,1
7529,22712,0
8051,28571,1
945,23505,0
10397,50049,0
3132,46133,0
1068,34925,0
5475,6206,0
3375,44459,1
2827,13313,1
596,17439,0
3874,30297,0
2948,21956,1
7814,34865,0
2995,24105,1
2758,32860,0
9437,12236,1
4830,7306,1
6500,22017,-1
9925,42545,0
3594,13499,1
10365,20635,1
5008,31993,0
878,42596,1
10749,49226,0
2370,36303,0
7393,14277,0
7972,6819,1
5825,45428,1
2364,38092,1
9633,30009,1
4141,7972,0
8656,21484,1
2601,49145,0
4652,8907,1
1304,6816,0
4619,41633,1
3401,15648,0
10398,6346,1
8467,46169,1
174,5595,1
1046,18887,0
9721,28119,1
3604,17455,0
6532,48799,1
6376,15733,0
3587,8006,1
4450,30593,1
9543,28609,1
4812,2152,0
441,284,0
3400,29357,0
1032,42660,0
10103,18082,0
2065,1630,1
9203,38109,0
1818,35994,1
2016,37218,0
8496,39277,1
10042,27186,0
792,32533,0
2738,15659,0
4382,40810,0
8652,24459,0
8276,11732,0
9364,29054,1
2039,46364,1
7054,17504,0
2792,21708,0
5728,18121,1
7828,14283,0
1058,16041,0
7691,29419,0
7714,28097,0
4180,5702,0
9952,15329,0
6693,12336,0
3286,34838,0
4721,16652,0
4331,12963,0
5832,44983,0
6720,22162,0
7217,9992,-1
8907,18,0
2515,31744,1
5082,3016,1
5367,29372,0
11036,45344,1
2160,13742,0
637,41806,1
9484,40030,1
9888,10966,0
3382,9467,1
669,6824,1
9572,15055,0
8800,37759,1
8123,34940,1
1108,16067,1
8142,3926,0
4389,11559,1
5312,29901,1
5137,11957,0
3639,7421,1
7198,11136,0
701,4164,0
5301,37085,1
10140,27649,0
1295,14576,1
3155,17019,0
6647,34418,1
6266,5859,1
9062,22713,1
5645,8090,0
6177,43067,1
7573,17058,0
397,42898,1
1743,46475,0
7911,18737,-1
8755,46061,1
6442,38194,1
4584,16905,0
1211,16705,1
1408,21083,1
2243,22293,1
8433,12285,1
10026,20355,0
7608,46290,0
6703,23747,1
5175,10084,1
3191,37403,1
6334,27899,1
2837,23241,0
1162,27901,0
2342,44633,1
3849,5813,1
6009,16768,0
1834,24721,0
9750,14354,1
2689,31475,0
5667,15005,1
8325,47110,1
8072,12078,1
227,32549,0
9488,2797,1
2593,33503,1
8696,13578,1
2980,20403,0
2914,9680,1
9140,34139,0
4632,47470,0
3295,34974,0
10871,7480,0
1095,13496,0
5414,6899,0
9054,41155,1
1689,5377,1
7548,9650,1
7886,35542,1
1340,17214,0
643,892,1
3056,3493,0
4761,46457,1
7397,15676,1
5084,30771,1
718,512,1
258,42487,1
2225,40555,0
10807,50007,0
7837,7231,1
1656,27582,1
1895,16843,1
3980,40950,1
6175,25324,1
3730,25595,1
2747,17242,0
7760,16130,1
4061,9932,1
3989,14168,1
7508,41080,0
816,29173,1
504,46741,0
9070,35163,0
2753,11215,1
8339,13535,0
1767,7007,1
7741,39140,0
11134,20231,1
10729,7342,1
765,8652,1
3208,11518,0
4726,37272,1
2199,49653,1
636,17865,1
10826,14175,0
7632,20399,1
7970,7610,0
344,43241,1
774,42473,1
3887,13746,0
6752,20735,1
4241,19427,1
9425,14401,1
1788,16170,1
7884,34328,1
8195,6029,1
7727,43501,1
1866,37136,1
3363,12166,0
7295,21906,1
2388,35981,1
1226,31793,1
212,13717,1
8489,16120,1
7069,28387,0
3358,11358,1
1139,17474,1
5525,41243,1
5770,4210,1
3617,41659,1
908,31206,1
8820,41356,1
10316,17228,0
3595,23309,0
7991,15090,1
10547,796,1
8815,43013,1
2501,38242,0
9830,49053,0
5034,42041,1
1513,46254,1
266,23298,0
2517,15310,1
424,32137,1
2197,46400,1
619,31501,1
7651,31501,1
8332,4343,1
1036,31058,0
10762,37427,0
4406,2489,0
9631,14348,1
7747,33835,0
1783,25046,1
7311,49625,1
8503,26689,0
293,33532,1
5535,46410,1
4653,8216,0
87,21286,1
1410,5250,0
7909,48447,1
2384,37332,0
2671,22091,0
2525,48206,1
10759,22670,0
6277,37749,1
3265,6561,0
5734,37851,0
9202,13078,0
8351,43167,0
1630,44146,1
7883,39495,1
10274,5080,0
10523,40546,1
290,39471,0
7664,13215,1
9532,39703,1
4511,4692,0
10215,34948,0
8016,17554,0
5868,6814,1
8706,48587,0
2999,724,1
5273,12865,1
10389,43485,1
10169,38657,0
3100,46623,1
676,33360,0
152,3954,1
2799,47973,1
9263,48488,1
6857,31370,1
9935,35448,1
9315,48276,1
10949,33531,1
4246,42331,0
2533,35446,1
581,13473,0
4916,25807,1
6893,4081,1
9946,34644,0
8108,48491,1
4811,13830,1
7754,48492,1
230,30710,1
6042,2281,1
8365,13941,1
7232,27640,1
9367,14751,1
6193,49202,1
1027,34653,1
9984,32829,1
9587,13990,1
10525,2266,1
8689,39549,1
2737,32927,-1
5675,1736,1
5109,31558,1
3439,1087,0
8675,24338,0
410,45149,1
7719,10352,0
3852,32468,1
4888,36057,1
6001,49518,1
2420,23610,1
4583,35124,-1
4188,14486,1
2847,42080,1
3630,12289,1
9111,7076,0
7263,48267,-1
8704,15912,1
8044,41467,0
3328,36641,0
5743,14016,1
8312,6761,1
6434,200,1
5204,29350,1
2417,14688,0
12,5163,0
8355,7296,0
7680,9792,0
8628,31257,0
8421,42171,1
5270,3212,1
5672,43839,0
767,13207,0
8439,28641,1
6432,11628,0
5147,4971,1
2481,23616,1
10138,31061,0
5862,29905,1
9816,48780,1
7189,47562,1
6316,3665,1
6073,24337,1
7304,31981,1
6566,32218,1
1049,35018,1
400,12048,1
8694,47688,1
5707,22292,0
9709,33030,0
6225,46596,1
10777,2477,1
8974,42517,0
7713,29842,1
2694,49525,1
10144,25771,0
5550,33221,1
8920,44236,1
10867,32534,0
2239,14833,0
1328,9130,1
9110,20606,1
9320,26165,0
3022,45495,1
11060,35642,1
588,31824,0
2295,33936,1
2926,7550,1
1760,35005,1
923,31137,1
9178,32961,1
9313,49614,1
1171,8815,0
2835,31474,0
3483,47453,0
1260,10799,1
6578,332,0
11093,20502,0
11040,49007,0
6115,8277,1
31,4562,1
7932,28802,0
8937,29343,0
8636,17347,0
2822,42100,1
1451,49904,0
6351,14071,1
1450,22295,1
5614,23796,0
7937,24778,0
5633,6941,0
8825,27175,-1
5534,33770,1
9943,40216,1
1056,44223,1
4771,4231,1
4753,20785,0
2563,33274,0
8180,31320,1
7739,14200,1
10071,10942,1
1999,31277,1
7378,35473,1
9522,40903,0
5449,15084,1
5268,15740,1
5135,45829,1
3322,49136,1
5548,43039,0
10149,24627,0
9885,28958,1
66,48931,1
4402,4361,1
6549,22432,0
8602,20100,1
1796,1378,1
9090,1453,0
8286,23653,0
6064,25012,1
958,43325,0
10696,35559,-1
9953,14333,0
5005,4753,1
8148,35057,1
7056,27954,1
6934,46411,0
1182,46255,1
1755,8069,1
10851,14937,0
4052,3656,0
6269,10115,1
165,37537,1
1980,22280,0
3343,24969,1
10302,32912,1
1132,6066,1
5065,2404,1
576,6707,0
2029,41460,1
773,1601,1
3367,40614,0
8317,33652,1
8015,2,1
10055,6304,1
8580,42796,1
3539,3616,0
6453,34572,1
4884,40061,1
4187,30831,1
658,2692,1
2954,38970,1
9897,34752,0
7402,20083,0
2708,35,1
3812,44032,0
10531,25384,1
1037,4190,1
10371,39453,1
766,14436,0
5802,29802,1
2464,19962,0
911,34093,1
2699,17605,0
5283,34157,0
844,45945,1
5697,5216,1
3860,6193,0
8131,15522,0
6166,36092,1
10706,32589,1
7421,38107,1
6404,32114,1
8400,20305,0
8838,41111,1
7201,19592,1
1309,47751,0
9153,16762,0
5653,12345,1
8725,17002,1
5506,34598,1
9597,32236,1
1736,20813,0
7416,4283,0
5141,24346,1
8304,22419,-1
9609,32631,1
6749,7604,1
2965,28842,0
3810,30158,1
11095,3988,0
10208,25733,0
5016,29303,0
7086,32158,0
3799,21530,1
10146,25812,1
8803,40450,0
7641,8830,0
10008,21207,0
443,24905,1
4974,10178,0
10139,29565,1
5483,26708,1
10101,13431,1
3867,49306,0
6844,33716,1
7901,43750,1
1728,40764,1
522,42697,1
3511,49972,0
8589,15139,1
4990,27955,1
9878,45878,1
9599,3204,0
2937,28807,0
10598,35758,1
1375,8316,1
6795,39365,1
3961,19312,-1
2697,44190,0
7504,41955,-1
4819,15295,1
7897,47469,1
7658,47462,1
4524,48125,1
1991,16209,0
10164,48047,1
1302,17398,1
108,21485,0
1716,11607,0
270,2931,0
6637,4895,1
3453,28687,1
5896,34360,0
10715,32382,0
7283,15137,1
2742,22501,0
7682,31980,1
8780,48640,0
5324,579,-1
8497,10713,0
1428,14730,1
4823,4583,0
2490,27622,0
446,9499,1
5288,8525,0
3795,36899,1
2752,13714,1
1700,8499,0
280,899,0
10940,13452,1
7757,37047,0
666,12183,0
6458,23892,1
4897,19288,1
2813,46909,1
5285,10480,0
6256,49970,0
1115,35719,1
10788,10925,0
5058,25423,0
4325,9277,-1
3015,7266,0
10575,8202,1
6684,1708,1
9244,33272,0
6761,40992,1
7723,348,1
10281,18312,1
834,32179,1
10309,22115,1
1880,37352,0
9644,2801,1
6135,17074,0
3783,48382,0
9270,7717,1
2644,36543,1
4906,37631,1
2398,29310,1
10817,17721,0
4355,24013,1
9288,22156,0
2988,43509,0
6896,4030,0
2630,45013,0
9463,4609,1
924,23462,1
7617,49462,0
6531,18472,1
1694,33949,0
3740,21580,0
10473,2167,1
6392,7207,0
2621,7015,0
9099,19104,0
7121,19309,1
6057,1642,1
1157,10504,1
9170,38851,1
3000,46914,1
10143,22241,0
3905,3558,0
459,42565,0
1886,44247,1
140,24195,1
6845,25908,0
2881,21596,1
5891,43507,1
6723,49805,1
4764,35012,1
10119,10783,1
3897,41026,1
2404,26373,1
3955,43236,1
4806,38740,1
5234,47191,1
9949,29490,0
10805,36154,1
859,47626,1
1682,49966,1
851,8082,1
4926,34746,0
2589,49292,1
8034,18490,0
3315,36376,1
4959,25491,1
9689,41894,1
4736,47879,1
2268,7979,-1
889,39299,0
6948,5870,1
4860,22934,0
5965,27758,1
8311,18616,0
406,25396,0
8798,33800,1
6,23728,1
2713,45473,1
8459,18669,1
7835,16418,-1
2080,9191,1
10898,8450,1
10028,47654,1
4008,33922,0
4314,27016,0
1921,34587,1
5863,20432,0
7096,13132,1
1808,30731,1
3563,10230,1
6806,6183,1
583,16033,1
2303,12272,0
4166,22361,0
7951,42917,1
3902,31596,1
2675,39340,1
4903,48907,0
8011,9332,0
75,12382,1
2472,2980,1
1354,42295,1
2510,27211,1
981,10844,0
6359,43967,0
271,4521,0
9975,19709,0
6305,38695,0
768,27586,1
6658,34237,1
7798,3075,0
4243,41190,1
3908,26424,1
8114,27747,0
4669,47124,1
6315,36669,0
10944,19674,1
6969,20517,0
7438,40906,1
4466,43940,1
6206,3551,0
3944,42521,0
6869,18501,0
8853,13650,1
7673,15942,1
3169,6575,1
2780,14828,0
6747,43885,0
4730,21851,1
4255,21232,1
9802,25109,1
6874,11016,1
10995,3299,0
8049,27567,1
1435,10582,1
5857,27549,0
1943,19582,0
1138,48241,0
9996,23003,1
9821,30858,0
10049,25537,0
7553,25617,1
4710,31147,1
9349,21507,0
4150,26014,0
10130,14465,0
3153,4538,1
9927,1090,0
6268,45732,1
7026,48466,1
6341,47908,1
4779,40742,0
3527,20601,1
2561,49611,1
3679,7630,0
2173,6071,1
6778,49634,1
7779,16896,1
3784,22421,1
5281,34213,0
6451,40912,1
6608,49943,1
3450,39905,1
5476,37845,0
754,4413,1
9461,27944,1
4734,49565,1
2246,9133,0
7536,16351,0
7546,44425,0
9626,42571,-1
3371,6159,0
1598,2858,1
1515,23006,0
11011,22885,1
1259,46997,1
300,21605,1
6766,43976,0
10672,1996,1
23,12253,1
6424,21914,0
8442,33830,1
10906,2015,0
5361,5145,0
5883,36512,1
7362,32200,1
3673,24431,0
6232,47145,0
2648,17340,1
6200,36926,0
3150,16950,1
2139,6421,0
1982,22963,1
10152,28186,0
11133,48728,0
7060,27234,0
9638,4043,0
2618,46549,1
1791,27960,0
7785,35863,0
8577,4183,0
8801,33470,0
8809,21188,0
8732,38512,0
5001,44935,0
3342,18352,0
2031,32451,0
9253,13748,1
5057,4779,0
10483,34336,1
9876,20542,0
499,40087,1
916,19812,1
7623,21526,1
4690,25078,1
3282,13319,0
7458,21074,1
7262,18690,1
3622,37277,1
1144,47863,0
1745,45302,0
3543,17098,0
2101,49789,0
2651,45739,1
10979,37659,0
7325,32567,0
2532,36198,1
1534,23783,1
216,38861,0
11054,21196,0
7858,41636,1
9148,47505,1
1993,42039,0
3797,12082,1
6982,4611,1
5516,1977,0
5067,10541,1
7356,42999,1
3431,25476,1
7216,27888,1
6228,40881,1
5039,2119,0
9985,42104,1
8934,47803,0
6924,30878,0
6978,23289,1
5046,22974,1
575,31685,0
11056,10412,0
2488,7875,1
6916,30307,0
2093,17087,1
5919,7769,1
6079,31881,0
2128,28916,0
6285,22560,0
10126,48003,0
309,41497,1
9586,37536,0
10865,10704,0
4714,19549,0
1496,6763,0
325,46453,1
7214,30040,1
2990,36035,1
4024,48909,0
3273,24525,0
3258,21656,-1
2418,6982,0
8184,23508,1
8424,36166,1
9729,15986,0
903,10625,1
8792,20113,1
819,13628,0
8670,44809,1
8620,39369,1
9982,2441,0
2372,43618,1
8886,4132,1
518,30689,1
9049,34875,0
1289,49100,1
9325,12280,1
9945,41865,1
7482,3765,1
1499,22847,0
2702,38935,0
6148,34201,1
10064,4098,1
2187,3653,0
8071,39106,1
5690,47103,1
9108,2660,1
7960,45898,1
10981,25334,1
7532,43789,0
3519,43409,0
5309,13364,1
8260,48244,1
10054,6387,0
536,33241,1
6248,33227,0
1123,11265,0
1637,24938,0
7104,2205,0
6931,45180,0
5788,28153,1
8206,41613,0
4596,49263,1
9642,33190,0
5365,9656,0
1698,24984,1
5501,17895,1
667,7779,1
6464,39892,1
5407,44211,0
7529,18684,1
3707,1188,1
10292,44020,1
8051,7816,0
945,22224,1
6859,29244,0
10397,34137,1
3132,37093,0
5475,3733,0
3375,8481,1
1242,29441,0
2827,17387,1
596,32851,0
5303,42384,1
3874,4219,0
2064,46775,1
824,13970,1
7814,24254,0
2995,48936,1
1681,1200,1
2758,549,1
9437,15982,1
4830,31996,0
10283,12749,0
9925,25834,0
1562,22373,0
8088,20076,1
4862,10261,1
5339,39726,1
10365,24562,0
2665,36136,0
7550,44622,1
3546,46874,1
7159,20084,1
878,3130,1
2370,9512,1
7093,31379,1
3469,5879,0
7393,34149,1
8631,12886,0
7972,22705,0
4517,25411,-1
7981,11670,0
9851,23307,0
2364,20818,0
4776,14952,1
5458,26867,0
9895,2223,0
4141,40617,1
8124,3330,1
8656,33681,0
9676,47215,1
4652,41790,1
1304,45126,1
4619,13533,0
3350,46758,1
3686,33270,1
10398,34301,1
6585,37078,1
2450,34740,0
2848,47114,1
9721,10473,1
4629,48847,1
8175,36992,1
4812,2642,1
441,49441,1
3400,38591,0
1032,9486,0
5236,35930,1
1818,20841,1
351,39204,0
2016,12146,1
2605,33822,0
792,24100,0
8941,35130,1
2738,15339,1
8276,46310,1
9364,18315,1
8955,47859,1
2039,35369,0
6890,46740,1
2851,48897,0
2792,26201,0
5728,38374,1
7828,643,0
7691,14741,0
7714,46807,0
4180,33095,0
3286,21728,1
4721,3473,0
8907,38332,1
2719,16945,1
7975,46778,0
11036,12948,1
7594,21230,1
9888,48153,1
2712,38160,0
669,39244,1
8800,10318,1
8142,11934,1
4389,26409,0
7087,11014,0
5934,24614,0
5137,36475,1
3786,17666,0
8840,31950,0
7198,7102,0
10140,7645,0
1295,21337,1
3155,19479,0
777,5503,1
9062,9824,1
3116,4929,1
10790,41086,0
10436,45666,0
5745,40111,1
6177,44795,1
7573,13351,0
397,2313,1
8755,28800,0
6939,30643,1
6442,48429,0
8135,22307,1
4584,22571,1
1211,39970,0
3779,44179,0
5972,8874,1
8433,49712,1
5175,5835,0
6702,35186,1
1842,32379,0
9076,48665,1
7457,39217,0
2342,7986,0
10864,46759,0
1834,48384,0
9912,17969,1
8749,33757,1
2689,12825,1
8072,39165,1
7210,325,1
9488,692,1
8822,8281,0
2980,15503,1
9140,47395,1
3295,22158,1
10871,44997,1
5414,33725,0
9054,16143,0
126,12822,1
5465,45555,1
8538,4263,1
1060,48008,1
1340,3209,0
3056,1699,0
4761,18107,0
7397,16391,1
3066,5340,1
1055,42279,1
3281,39272,0
718,27051,1
258,29641,0
7258,37524,0
2396,24882,0
3751,7651,0
7837,35584,0
1656,7044,0
1895,9681,1
6427,20584,0
3775,27096,1
1758,40570,1
3730,25004,0
2747,4646,1
7760,10131,1
2425,42642,1
3087,32978,1
3989,41210,1
5228,18553,0
7508,17241,0
816,30668,0
504,18534,1
612,34889,1
9070,19457,1
2753,6386,0
9024,9529,1
909,17268,0
9040,31076,1
731,36333,1
10588,28007,1
3219,34106,0
8817,44841,1
9640,40983,0
10729,45441,1
765,24596,1
1128,32343,0
4726,37999,0
2199,30481,1
6330,10210,1
636,3705,0
10826,45968,1
5132,2151,1
835,45255,1
7970,24455,0
344,13921,1
774,24747,0
3736,39318,1
3887,8987,0
6752,39959,1
7679,4377,1
10684,15258,0
3709,45068,1
7884,3244,1
10637,14042,0
8195,31734,1
3960,23659,1
1866,14317,1
3363,10386,1
1226,39693,0
8382,37132,1
8489,4706,1
9000,39857,0
1301,41922,1
7069,42425,0
5350,12732,1
3358,49049,0
7370,13060,0
10794,44379,1
1139,44038,1
5525,7681,0
5770,34567,0
616,35697,1
8820,44948,0
10316,50008,0
10547,45854,0
8815,13829,1
2501,49552,0
9830,37351,0
5034,16049,1
7567,19937,0
8326,23374,1
266,12784,1
1941,19880,0
2197,19676,0
8517,15377,1
7349,6852,0
9564,12983,1
7651,28913,1
5410,19052,0
8332,29556,1
1036,257,1
4406,42846,1
5143,25626,1
1639,17076,1
1783,35332,0
6016,8584,1
8522,27111,1
7311,38837,1
1809,841,0
5535,25628,0
4653,21390,0
1410,11584,0
2384,36237,1
2525,31406,1
10759,21767,0
6277,40978,1
8888,22889,0
3265,47903,0
9202,11563,1
1870,14834,1
1630,45760,0
10523,1381,0
7664,10518,1
4511,5566,1
6477,27922,0
3147,33650,1
8016,22636,1
5219,41827,1
5868,30732,1
8706,31213,1
5920,1795,1
5273,21134,1
10389,6231,1
10169,15622,0
3283,46328,0
7774,40665,1
1414,9717,0
676,3730,1
6952,17063,1
2799,42889,1
6857,22907,1
1206,49198,1
9315,33711,1
10949,29779,0
2786,23359,0
4246,15175,1
6515,15712,1
4916,2333,0
6893,46315,0
9946,26715,1
8108,40499,1
5271,27319,0
2154,47488,1
6031,36447,1
7754,25902,0
230,11660,1
6042,17492,0
7232,23909,1
9367,12602,1
6193,48079,1
1027,32226,0
9984,46313,1
9587,46568,0
10525,26677,0
6253,5705,1
8689,31159,1
2737,45926,1
5675,35934,1
5109,15032,1
1193,43097,1
8675,3245,1
4261,27227,1
3497,18956,1
410,823,1
7719,21260,0
6258,17783,1
1359,39183,1
3852,17944,0
4888,893,0
5086,23568,1
7263,10146,0
8977,13594,1
8044,17658,0
3328,33085,1
10743,42730,0
1372,15724,1
12,46517,1
8355,16263,0
7680,49331,1
8421,31303,-1
1203,24684,0
5672,15212,1
10769,12034,1
10421,7598,0
6432,8568,1
5147,47579,1
10401,38228,0
2481,19324,1
10138,41340,1
4633,33109,0
846,48052,1
9816,34000,0
7189,750,1
5686,37872,1
8062,33099,0
2803,18257,1
6073,20857,1
2748,35259,1
6566,22468,1
295,26144,0
400,42693,1
9848,3076,0
8694,12936,0
10777,21577,1
8974,5942,1
7713,14393,0
6994,45413,0
5550,5269,1
6440,33864,1
8920,10127,0
10867,28717,1
7196,15102,1
7129,8344,0
10665,25767,1
9110,22613,0
3022,10287,1
588,8009,0
2926,38811,1
5097,30712,1
1760,3913,0
4032,40055,0
923,24955,0
6101,17127,1
9178,24473,1
9313,30398,0
1171,5711,0
2835,40003,1
6578,31238,0
6115,17887,0
7932,12342,0
8636,45410,1
11033,40399,0
2822,24761,1
42,11922,0
1451,5592,0
6351,18342,0
6022,9220,0
6192,10246,0
1450,41555,1
3708,22043,1
5614,24407,0
3079,25165,0
3844,26551,1
7676,2088,0
8825,13904,0
5534,40622,0
2062,10881,0
1056,9596,1
4771,20287,1
771,12629,0
2563,26332,1
8180,31727,1
5332,23280,1
7739,23573,0
10071,16134,0
524,14240,0
9522,45561,0
10611,244,1
5449,41857,0
5268,48837,1
3322,37235,1
8435,40431,1
5548,511,0
10149,30250,1
9885,12335,1
66,14811,1
4402,44203,1
6549,36159,0
8602,49797,1
961,36846,1
8286,6192,0
6064,40572,0
9953,35243,1
10195,23882,0
5005,11467,1
7114,41024,1
7056,29570,1
7279,33307,1
6934,29294,1
11047,28610,1
1755,17736,1
10851,10202,1
165,23566,-1
3343,29579,1
6441,49261,0
5065,1497,0
3233,5696,0
576,36156,0
2029,44242,0
4379,23167,0
773,47099,1
8317,38240,1
8015,14985,1
3500,19522,1
1447,9597,0
4187,44617,0
4902,12780,0
9789,42102,1
2954,43730,1
9897,31887,1
7402,38022,1
8744,34855,0
190,20139,1
3812,1724,0
10263,22551,0
7162,42288,1
10371,44484,1
766,20916,-1
5802,11823,1
2464,23900,1
911,28045,1
8328,24442,0
844,1091,-1
8933,13406,0
5697,10832,1
6166,28256,0
4373,35803,0
10706,31690,0
6404,25129,1
2891,47028,0
1736,30441,0
7416,48107,1
3408,10702,0
5141,32884,1
8304,8140,1
6879,16271,0
8618,43772,1
6699,15898,1
6749,5863,0
1586,12056,0
3835,5726,1
10208,19497,1
5016,19774,0
7086,49750,1
6659,29967,1
2162,44921,1
3799,44551,1
8803,23730,0
7641,16732,1
10008,43000,1
4403,14671,0
6824,15251,1
443,34251,0
4974,38244,0
7051,24610,1
10139,6812,1
3396,37830,1
7942,4275,1
10647,4992,1
7264,42014,1
8584,31127,0
6844,3377,1
4871,35848,1
7901,45396,0
10667,12675,0
1526,40566,1
7444,17253,1
3511,48894,1
9548,17516,0
8589,38966,1
4990,34199,0
9599,10153,0
1375,3313,1
3961,20493,1
2697,27480,0
7229,3008,1
5,12973,1
4819,22635,0
7897,19433,1
7658,32566,1
4524,29049,0
1991,9654,1
8994,18801,0
10164,20869,0
1716,169,0
7285,24881,1
8905,49160,1
270,20233,1
6637,43682,0
3453,13598,0
5564,44025,1
7283,17572,1
2742,29900,0
7682,27523,1
8780,47758,1
5324,9297,1
1428,48235,0
4823,1734,0
10072,47701,1
2490,30460,0
10544,4498,0
446,46620,1
5778,27232,1
5288,22124,0
10331,12365,0
104,38384,1
4158,31192,0
2048,42204,1
4100,19144,1
1800,27419,1
3795,37363,0
3471,8302,1
4667,42321,0
4433,14928,1
280,33624,0
666,5181,1
3770,19697,1
8082,17223,1
5439,43311,1
3088,30570,1
3591,3793,1
6445,44688,0
5285,47457,1
6256,39456,1
5481,19896,0
8723,48210,1
1115,16533,1
4325,17627,1
6422,46309,1
6684,45039,1
6489,2514,0
9244,35661,1
7723,14325,1
10281,26330,0
834,1745,0
1880,15187,0
9644,47064,1
7506,15793,1
3783,20165,1
9270,11535,1
8593,46908,0
685,966,0
1293,35507,1
10817,38449,0
9288,35106,0
3016,11686,1
10074,24091,0
9463,25526,1
5062,23485,0
1153,15425,1
5105,17433,1
7617,39038,1
6531,26182,1
1694,4468,1
3740,18827,0
10473,2226,0
6392,25431,0
2621,30661,1
9099,30025,0
7121,7093,0
4945,32531,1
9170,38909,1
3905,27293,0
459,3909,1
2759,32883,0
140,16632,1
5624,27852,1
6845,25893,1
2881,29962,0
5891,13076,1
6723,8965,1
4764,8117,1
3897,8357,1
2404,21873,1
5234,6165,1
9763,43510,1
2466,10059,1
9949,35595,0
859,9726,1
7947,8894,0
851,11495,1
647,32962,1
8034,4159,0
4959,40239,1
4736,12548,1
2268,15620,0
3160,3375,1
1651,35064,0
889,5148,1
1463,7941,1
10848,16900,1
6948,41342,0
4860,22301,0
9794,17187,1
10860,21081,0
5965,27464,0
406,3448,0
9222,40548,1
559,18757,1
8798,8783,1
6,9598,1
7487,43222,1
2713,49419,0
8459,8535,1
10737,12815,1
2080,1264,1
10898,29790,1
4394,10601,1
4314,10952,0
9809,27136,1
3914,11125,1
5863,17733,0
10269,12018,0
3563,12118,0
4892,7888,1
583,17808,1
2303,7181,0
6310,42926,0
4166,769,1
9415,36759,0
157,37461,1
7951,2828,0
3902,17741,1
1699,20987,0
4903,3203,0
8011,49930,1
797,45846,0
2472,43289,1
2510,36481,0
6359,20661,0
271,3680,0
526,38849,0
10738,33026,-1
8292,33925,1
6807,2460,0
9975,44851,1
2540,16257,1
4793,8403,1
3409,17653,0
6305,22250,0
10214,48551,0
6658,17305,1
4243,11042,1
2250,12276,0
3908,49967,1
7800,1448,1
8114,26521,0
6860,10001,1
4669,5121,0
7866,29361,1
4932,6305,1
8343,25066,1
10708,34600,1
6969,41851,0
4466,32056,1
6206,49137,1
8853,15489,1
3406,47496,1
7673,48757,1
3169,22147,1
892,8229,1
6149,306,1
2780,31865,1
6747,14018,1
3655,14044,1
4255,20856,0
9802,47651,0
6874,20368,1
6950,47274,1
1435,24245,1
4071,25495,1
1239,47311,0
5698,25304,1
1138,48508,1
4390,926,1
9821,12409,0
10049,44813,0
1297,49284,0
4710,26799,1
4150,1019,0
3153,36098,1
6268,12436,1
7026,49730,0
4624,27848,0
8995,34786,1
5358,3847,1
6341,15278,0
8828,37025,1
4779,38214,0
2561,17884,1
2173,1779,0
6778,28727,0
621,13407,1
7779,9066,1
9031,20981,0
6451,32441,0
6608,15589,1
3450,31005,1
5412,31114,1
754,2771,1
2246,19283,0
4968,29754,1
4151,12583,0
9695,1999,1
7536,17407,0
7611,42489,1
8510,22603,1
6276,41692,1
1515,13422,1
11011,23919,0
300,48890,0
3585,19502,1
6309,35284,0
10672,39592,1
23,19260,0
10098,47084,1
6424,23765,1
8442,15531,1
5664,42207,0
7362,4318,1
3673,11653,0
6232,40269,1
2648,49101,0
3456,19179,0
2244,6994,1
3150,13196,0
3482,23076,0
2139,19631,0
1982,48950,1
10152,37799,0
11133,27201,0
7060,8586,0
3109,24168,0
2618,9157,1
4378,8085,1
1791,37916,1
11108,35681,0
312,19532,1
7785,3908,0
8577,27700,0
8801,20329,1
8809,24604,1
2329,42903,0
133,6176,0
5001,35082,0
3342,36386,-1
2031,25016,1
9253,26370,1
5057,3611,0
9876,20718,1
499,8516,0
591,18947,0
2974,23172,0
5761,15439,0
5377,3700,1
3282,48329,1
7458,10089,1
7262,2998,0
6710,37263,0
1144,22282,1
1745,23498,0
3543,42429,1
6411,33959,1
2651,26756,0
9980,36497,1
2532,11244,0
1534,10778,1
2002,22232,1
11054,48423,1
5130,14721,1
1993,22052,0
3687,30607,0
7322,27925,0
7589,36392,1
5516,15535,1
7356,48911,1
3431,26196,0
10133,45075,1
7216,38235,1
5039,7820,0
6924,42149,0
6978,46678,1
11056,31364,1
2488,42427,1
9082,44076,0
6916,17886,1
9490,110,1
6606,26490,1
2093,10286,1
7505,14063,1
5919,39517,1
2128,14330,1
9297,41952,1
6285,37527,1
4038,30315,1
10126,35721,0
309,48659,0
10282,4451,0
10865,31036,1
4714,11661,1
1496,37555,0
1603,27909,-1
4666,6313,0
3273,1351,1
5908,30450,1
8424,8574,1
2394,10768,0
9729,7894,1
819,13069,1
8670,45503,1
8620,7348,0
9982,1054,0
2372,10902,1
1437,49235,0
7239,49367,0
9049,41076,0
1289,37548,1
9325,17482,1
6148,40365,1
9960,4731,1
5370,27869,0
6760,33814,1
6717,2142,0
8105,1720,0
8714,42929,1
7960,39025,0
281,41971,1
3519,2210,0
6850,35678,0
8260,9330,1
985,19083,1
311,41108,0
10054,26344,1
536,16229,1
4457,31134,1
5479,48487,1
5788,31010,1
8206,27619,0
4596,20112,1
4985,49054,0
9642,27479,1
5365,875,1
3446,20395,1
9432,40283,1
1698,28125,1
492,49147,1
7622,41854,1
10987,3689,0
8160,28011,0
5407,16986,0
7529,10040,0
8051,22867,1
945,27861,1
6859,18226,0
10397,15313,-1
5475,5891,1
3033,33631,1
596,17303,1
2064,36717,1
824,37189,1
2995,42591,1
2758,24446,1
9437,25799,0
9925,7460,1
1562,1206,0
9194,17026,1
8088,20265,0
5339,15602,0
3594,24065,1
10365,14086,0
3546,2850,0
7159,18084,1
878,18463,0
2370,18047,0
7093,10843,1
7393,26159,0
7972,41974,0
4517,20387,0
7981,3433,1
5825,23193,0
9851,17435,1
4776,22782,1
907,43408,1
9895,38252,0
4141,30757,0
8656,33930,1
4652,10682,0
1304,29205,0
4619,38306,0
4448,18951,1
3401,26042,0
10398,29695,0
174,350,1
6585,28178,-1
2450,489,1
1046,40578,0
3604,1068,1
6532,6090,1
8175,28812,1
7669,49818,1
441,22497,1
3400,16694,1
5236,35753,1
10103,13892,1
2065,8540,1
1818,30893,1
10042,35059,0
8652,48775,0
8276,40707,0
10730,19813,1
10112,20544,0
9364,27734,1
8955,17281,1
2039,7636,0
1165,144,0
7054,37508,0
6630,27006,1
5728,17364,1
7828,42150,1
1058,16186,1
7691,45556,1
4180,14878,0
6693,29035,0
6552,7146,1
4721,13930,1
5832,40973,1
8907,3115,1
2515,22525,0
2719,36010,0
5082,5494,1
7975,15490,1
70,44521,1
7594,22188,1
2712,47936,0
3382,24731,0
669,30967,1
1548,11261,1
8800,48426,0
5801,33821,1
8123,44056,1
1108,43773,0
7087,9908,1
5312,28660,1
8614,12657,1
5137,24482,1
3639,623,0
7041,25928,1
793,10959,1
8840,33467,0
7198,11039,0
8669,15418,1
1295,43103,1
10718,18145,1
6266,30344,1
9062,29090,0
5645,7415,0
10790,3047,1
10436,38575,1
5745,17817,1
6177,9856,1
397,24921,1
1743,547,0
7911,45261,0
8755,36763,1
431,28674,1
6939,24870,1
2817,10876,1
3096,34983,1
8135,3678,1
4584,36145,0
7654,26962,0
1211,20890,0
2249,19502,1
5972,9199,0
6635,9754,0
10026,40989,0
6703,31612,1
10886,6278,0
5175,19684,1
3191,28712,1
6334,4005,0
2837,48672,1
1842,6487,1
7457,23121,1
2342,21740,1
5511,48978,1
1834,4250,0
9750,4307,0
2171,24335,1
10173,35447,0
9912,32110,1
4309,14635,1
8749,13421,0
2689,18988,0
5667,45313,0
8325,8301,0
9473,5239,1
8072,21419,1
9488,26661,1
8696,22154,1
2996,27499,0
2980,34578,1
2914,23073,1
3295,24188,1
10871,5517,1
5414,44866,0
9054,36621,1
7548,16264,0
9937,5666,0
5465,44420,1
1340,38440,1
643,28022,1
4761,24152,1
7397,48314,0
3066,49390,1
1815,41509,-1
1055,14712,1
3281,26694,1
718,27878,0
6344,32333,1
7258,34177,1
2225,32519,0
3751,12805,-1
1498,39998,1
7837,15497,1
1656,23570,0
1895,3486,0
6427,17531,1
11043,12121,0
3775,38538,1
1758,39987,0
2425,38313,1
4061,25102,1
3087,6860,1
3989,14887,-1
2682,15532,1
816,25684,1
612,19295,1
9070,2207,0
2753,19006,0
1767,28725,0
7741,33948,1
909,33818,1
38,17081,1
9040,10638,1
731,17110,1
10588,44305,1
3219,17494,1
11134,38041,0
8817,22731,1
9640,25023,0
10729,37465,1
7652,23966,0
8151,34676,1
3208,50064,0
4726,37887,0
4874,49076,0
636,21024,0
7632,41442,0
5132,31276,1
835,15290,1
774,7870,1
3736,8478,1
3887,20971,1
6752,44925,1
4241,10356,0
1788,12097,0
7679,37275,1
3709,34156,1
7884,18157,0
10637,22490,1
8195,29529,1
8000,5226,0
3960,41464,1
1866,13342,1
7295,30357,1
2388,44928,0
1226,46651,0
8382,39274,0
7752,1955,1
8248,4386,0
1301,41596,0
7069,13142,0
3358,47385,1
10794,38752,1
1139,28168,1
5525,48534,1
5770,38990,0
3617,9612,1
616,38708,0
8820,41862,0
5722,39317,0
1778,26419,0
3595,27275,1
7991,27404,0
10547,48995,0
9830,37301,0
5034,15921,1
5983,21394,1
8850,35148,1
4607,7492,0
1513,25664,1
8326,43741,1
5632,33255,0
266,1450,1
2517,9691,1
1665,38460,0
1941,18978,0
5410,2964,1
1036,41594,1
10762,43040,1
4406,7925,0
9631,4927,1
10127,24107,1
5143,22294,1
1639,21351,0
6016,44119,0
2944,20449,-1
8522,47448,1
720,39522,1
7311,45884,1
1809,43407,1
293,40441,1
5535,19402,1
4653,13385,1
87,17936,1
1410,6845,1
10759,23050,0
6277,48643,0
8888,24843,0
3265,24527,0
5734,18444,1
9202,25615,1
7751,11311,1
8351,30354,1
1870,16384,0
1630,24466,0
7883,41533,1
10274,5246,1
290,32932,1
7664,37331,0
9532,35783,1
4511,25661,1
8016,4806,0
8706,46335,1
5920,24005,0
2999,37974,0
5273,18681,1
10169,3746,0
3283,16470,1
3100,46886,1
7774,15519,0
1414,32772,0
676,39708,1
152,1665,1
6952,42692,0
9935,32521,1
9315,1972,0
10949,26947,0
4246,43458,0
581,34763,0
4916,24178,1
9160,33371,1
7754,13884,1
230,31754,1
689,7097,0
3618,12264,0
6042,7004,1
8365,5438,1
7232,14242,0
9367,37381,0
8890,3043,1
1027,47211,1
9984,37322,1
10525,44970,0
6253,13348,1
6621,27143,0
2737,9401,0
5675,46844,1
5109,5864,1
3439,22,1
1193,18005,0
8675,12314,1
4261,6425,0
410,8297,0
7719,4140,0
6258,4233,0
1359,13272,1
4583,25412,0
114,16770,0
5086,27921,1
2847,9531,1
3630,20213,0
9111,30953,1
7263,2120,0
8977,1946,0
8704,25435,1
3328,13932,1
8312,920,1
10743,22615,1
2417,47961,1
1372,19848,0
12,42935,0
7680,16561,1
8628,38212,0
5270,1512,1
6415,5468,0
767,19975,1
8439,6542,1
5147,7764,1
2481,13042,0
10138,15438,1
4633,47477,0
9308,13785,0
846,31430,1
9816,19076,1
7189,48005,1
8062,7305,1
217,32865,1
2803,23828,1
6073,46435,0
2748,26888,0
6566,4941,0
295,38093,0
1049,10164,1
400,27937,1
9848,33314,1
8694,16832,1
5707,2393,0
9709,130,1
8974,16380,0
5550,2322,0
5642,3972,0
8920,37280,1
7196,26375,0
7129,3361,0
9320,18448,0
3022,39617,1
5097,22212,1
1760,28307,1
4032,31444,0
923,33493,0
6101,14228,1
3338,38227,1
3420,520,0
9313,9351,0
1171,46377,0
3483,19133,1
1260,33180,1
6578,8981,0
11093,48584,1
7932,3651,1
8636,22633,0
11033,31080,1
6192,26549,0
1450,30867,0
5614,10913,0
7937,33443,1
1899,17985,0
5209,47965,1
8825,36559,0
5534,4771,0
2062,45992,0
9943,6044,1
1056,32834,0
4771,1308,1
4753,11691,0
771,5724,0
8180,10856,1
7739,21994,0
524,12446,0
7180,5669,0
1999,9986,0
353,45955,0
7378,40604,1
4010,27470,1
9522,23235,1
5268,3381,0
5135,5623,1
6811,21243,1
5548,29951,1
10149,11939,0
66,46806,0
4402,42966,0
6549,33893,1
8602,37156,0
9090,49016,1
961,14097,0
8286,15508,1
6064,11402,0
3227,25647,1
7013,3271,1
958,18467,0
10696,15475,0
5005,10399,0
7114,2127,1
6800,9985,1
7056,27685,1
3047,50047,0
7279,24311,0
1057,39882,0
6934,35008,1
1182,2769,1
11047,26944,1
1755,10438,1
10851,24317,0
4052,32971,1
7090,49211,0
1161,14407,0
3343,38925,1
6441,21952,0
1132,44838,0
5065,17720,1
81,2027,1
3233,7685,0
576,44709,0
6526,46449,1
773,3040,0
3367,25447,-1
10578,24668,0
8015,32471,0
3500,25236,0
3146,6841,0
9789,49539,0
2954,30872,0
9897,5164,1
7402,14793,1
8744,5413,1
10263,4967,1
10531,39851,1
7162,725,0
766,371,0
5802,17929,1
911,19617,1
2699,22897,0
8328,47449,1
8933,21830,1
3860,44327,0
8131,34892,1
6166,12573,1
7201,33283,0
1309,16959,0
9153,41044,1
5653,38783,0
8725,24182,0
3054,22612,0
9597,13054,1
8618,38188,0
6699,38219,0
6749,38322,1
2965,15007,1
5016,32714,0
1854,3036,0
10146,31110,1
7641,6401,0
10008,16990,1
1282,17904,1
6824,24524,1
443,25161,0
4974,17261,0
2690,8501,1
3396,22401,0
5483,584,0
10101,46234,1
7942,37994,1
6789,22171,0
2157,16769,1
6844,40117,0
7901,21718,0
10667,12596,0
1728,29966,1
1526,47290,1
522,6050,0
8589,5324,1
9599,45821,1
2937,10268,1
10598,30353,1
1375,47066,0
5,25937,1
7504,21014,0
4819,26873,1
7897,2940,1
7658,19738,1
3716,36838,1
8994,33370,1
3901,41780,1
4417,689,1
10164,17035,0
3934,1191,1
108,1910,1
1716,12617,1
8905,28120,1
6637,34379,1
3453,16460,0
3698,40758,1
5896,33996,1
8453,7366,1
2742,6993,1
5324,48130,1
8497,17053,0
10544,38152,1
446,43157,1
5288,1757,0
104,7387,1
5508,22799,1
1800,26205,1
3795,845,1
3471,836,1
2752,44716,1
4667,38234,1
1700,48947,1
5596,26642,1
7757,598,1
666,16757,0
6458,49332,1
4112,42320,0
4897,11191,1
2813,17789,0
3088,30365,0
4648,29899,1
6445,20095,0
6256,37849,1
3110,41582,1
8723,16025,0
3015,48679,1
6489,34352,1
1952,15266,1
6761,44128,1
7723,29261,0
834,6086,0
10309,37199,0
1880,22739,1
9644,39771,1
8593,14802,1
238,13787,1
4906,36752,1
685,26393,1
2398,9507,0
1293,35183,1
8754,7891,0
10817,25420,1
9288,26591,1
7066,3237,0
9463,42066,1
5062,41845,1
1153,42719,1
5105,26685,1
10334,47128,1
7617,10113,1
6531,23134,0
1694,2571,1
6392,26241,0
2621,11103,1
9099,12972,1
7121,32655,0
6946,32405,0
6057,2425,1
9170,29285,0
3905,49435,1
459,40552,0
140,13137,1
6845,27769,1
2881,30963,0
9139,5053,1
5891,29154,0
1093,46253,1
4764,27337,1
10119,23490,0
3897,15559,0
9763,15250,0
2466,25755,0
9949,19908,0
10805,13363,0
859,32660,1
7947,39540,0
851,33396,0
647,23171,1
2589,49607,0
8034,7620,1
4959,25416,0
9689,25320,0
3160,41709,0
3130,46452,1
10848,1711,1
4860,44815,1
10860,36306,0
5965,45676,0
7634,36959,0
8311,23571,0
9222,39498,1
559,44942,0
8798,38906,1
7487,13353,1
2713,26960,0
8459,11262,1
10737,38888,1
2080,1799,0
10898,26497,0
10028,46471,-1
4008,22049,1
4394,23754,1
4314,11002,1
9809,42413,0
8149,22090,0
3914,39208,1
10269,22101,0
3563,35962,0
6806,13490,0
2303,42310,1
4166,6760,1
9415,6948,1
7951,4613,1
3902,45083,1
2675,21764,1
1699,23862,1
4903,9004,1
75,14234,0
1354,37066,1
981,17432,1
6359,8167,0
271,14806,1
8329,15321,0
6807,37708,0
9975,20234,1
6305,4402,1
10214,41817,1
768,46140,1
6658,7726,1
2250,24387,0
7800,47068,1
6860,10206,1
91,12662,0
4669,7428,0
7866,15796,0
10944,17552,1
9330,33837,1
9331,28057,1
7438,479,1
4466,24493,1
9521,6820,1
7673,35874,1
3169,22316,1
892,40933,1
6149,38230,1
6747,13790,1
4255,45880,1
9802,14864,0
6874,23005,0
6950,7601,1
4071,39777,1
5698,36811,0
1943,4013,0
4390,11197,0
9821,40343,1
7553,27090,1
1297,5477,1
9349,43365,1
10130,46200,0
3153,13817,-1
9927,34410,0
7026,44447,0
4624,47565,1
5358,19417,0
6341,22704,0
4779,42488,0
3527,42561,1
2561,4477,0
3679,37134,1
6778,2233,1
7779,38927,0
3784,281,0
5281,11297,1
9031,16973,0
6608,37612,0
3450,40238,0
5476,20365,0
5340,9504,1
4107,1446,0
5412,27070,0
8377,5167,1
9461,12124,1
2246,25632,0
4151,11154,1
9695,6521,1
7536,49048,0
7611,42246,0
8510,368,1
3207,19314,0
6276,40268,0
9626,14922,0
4973,1159,1
3371,27353,0
1598,44986,1
4684,32723,1
7580,22008,1
11011,18653,1
1259,47225,1
300,38411,0
10703,26797,0
11077,24633,1
6766,41593,0
23,42249,1
10098,27297,0
6424,30086,0
10906,49538,1
5361,43690,0
5664,11088,0
7362,33567,1
3673,13065,0
6232,41066,0
7031,18845,1
2244,48711,1
6200,14643,0
11064,9255,1
2139,27838,0
1982,30383,1
7060,42073,1
9638,9623,0
3109,19336,0
2618,376,0
4378,47614,0
11108,13439,1
2329,4155,1
8732,45273,0
133,47446,1
10308,4340,1
5001,26625,1
2031,23947,1
9253,32166,1
9876,27939,0
499,7338,1
2974,10810,1
916,22767,1
7623,47537,1
4690,17937,1
5377,30627,1
7458,43270,1
7262,23779,1
2167,8312,0
3622,19704,1
6710,37520,1
1144,18263,0
3543,48993,1
10443,35664,1
2651,9589,1
6483,31248,0
1534,39665,1
216,13484,1
2002,9648,1
9148,29642,0
1993,44993,1
3687,6884,0
3797,30634,0
7322,31549,0
7589,41850,0
6982,30125,1
5516,19358,0
5067,8057,0
7356,46307,0
6228,32139,0
5039,14232,0
6978,25386,0
575,4593,0
11056,4381,1
2488,16872,1
9082,5889,0
6916,23466,1
9683,15050,0
2128,6886,1
4002,45080,1
6285,6116,1
798,772,0
4038,38095,0
10126,4502,0
309,32752,0
10326,2664,0
10282,36401,1
4714,24773,0
1496,26895,0
325,21360,0
7214,38465,0
1603,13660,1
1739,14392,1
4024,42449,1
3273,35132,1
3258,4205,0
5908,36668,1
8424,6593,1
2394,33505,0
8792,24449,1
8670,27949,0
2372,19193,0
2475,24516,0
10225,43051,1
1437,34493,1
6238,46973,1
8871,5668,1
8886,3821,1
4031,11508,1
7239,23724,1
9049,34846,0
1289,5915,1
9945,35755,0
7482,15436,1
2702,37448,1
5408,4559,0
10064,36079,0
5370,10304,1
740,21376,0
8071,48184,0
9108,4518,0
6717,42239,1
7960,22919,1
10981,26474,0
281,46219,1
5309,43288,1
8260,20550,1
311,722,0
10054,34651,1
536,11339,0
4457,25822,0
6248,35629,1
5479,46265,1
6291,17705,1
5788,20761,0
4596,48360,1
6867,1383,0
4985,28430,1
9642,5103,1
5365,45922,1
10748,11619,1
3446,24155,1
1698,5773,0
5501,31648,1
492,5675,0
7622,31068,0
4440,43656,1
8702,44251,1
5407,10636,0
7529,22596,0
3707,6893,0
10292,7292,0
8051,21905,1
6859,49185,1
1068,22958,0
3033,1478,1
3237,19775,1
596,9756,1
3874,31657,1
2064,41707,1
2995,29664,1
3128,41311,1
2758,32490,1
9437,33369,0
8307,40900,1
10283,24985,0
6500,38554,1
5306,17684,1
9194,1614,1
5339,33020,0
3594,46562,1
10365,14546,1
3546,7878,1
5008,38292,0
878,11333,1
10749,33971,0
7093,35532,0
7393,27679,1
8631,47056,1
7972,4774,0
5825,1184,0
9851,31699,0
4066,39041,0
907,31482,1
4141,22620,1
8656,48128,1
2601,31133,1
9676,42121,0
3350,39354,1
3686,4149,1
10398,3004,1
8467,42888,1
9899,16126,1
6585,609,1
2450,20556,0
3604,18999,0
4629,28793,1
6376,417,0
8175,961,1
7669,3158,1
4450,36589,0
9543,5706,1
441,22104,1
3400,45005,0
1032,22330,0
5236,13851,0
18,48735,0
2065,15071,1
1818,41565,0
2016,11127,1
2605,14038,1
8496,14413,1
792,5120,1
2738,29561,0
4382,7137,1
8276,7220,0
10730,48493,1
10112,39796,1
9364,47270,0
2039,20719,1
6890,17288,1
1165,32554,1
7054,30159,0
6630,35620,0
10067,29897,0
7828,6005,0
1058,41860,1
3286,48032,1
6552,43493,1
4331,35028,0
5832,19611,0
6720,43993,1
8907,37216,0
2515,39928,1
7975,49585,1
996,2286,1
7594,29890,0
9484,5064,0
9888,49421,0
669,32253,1
8800,25536,1
5801,11336,1
8123,8765,1
1108,14782,0
4866,37753,0
9486,36202,1
8142,41168,1
7087,32281,0
8614,36064,1
5934,2216,0
3639,638,0
3786,42042,1
793,43827,0
8840,43848,0
10297,45011,1
7198,327,1
223,2046,0
8669,43689,0
10718,6484,0
6266,8633,1
2578,13773,0
10790,30224,1
5745,32480,1
7573,5735,0
397,43587,1
7911,43211,1
8755,5713,1
431,6337,0
6939,24438,0
2817,23575,1
6442,33898,1
8135,7215,0
1211,3668,1
3145,13627,0
3779,22030,0
5972,8016,0
6635,33273,1
8433,32941,1
8059,20256,1
6703,4862,0
10886,38217,1
5175,45235,0
3191,5453,1
1842,20436,0
9076,49378,0
1162,2230,1
2342,25651,1
10864,6017,1
9750,20521,1
2171,30273,1
9912,40429,1
4309,46664,1
8749,27669,1
8325,46107,1
9473,3556,0
8072,9644,1
227,12105,1
7210,28582,1
8822,32107,0
8696,33416,0
2996,7466,1
2980,20452,1
2577,17291,1
9140,17083,1
3295,39635,1
10871,43090,0
1095,28247,1
7548,15256,0
9002,4844,1
7886,19365,-1
5465,24028,1
643,17483,1
3056,43769,-1
7397,38126,1
3066,43177,1
1055,18624,0
5084,33637,0
3281,1903,0
718,8101,0
258,16129,1
6344,44500,0
7258,7092,0
2396,9203,1
2225,18489,0
10807,1215,0
3751,37940,1
1498,44732,1
1895,27010,1
6427,41018,1
11123,43018,1
3980,12929,0
11043,31454,1
1758,33952,0
2747,32611,0
4061,38768,1
3087,47693,1
5228,17796,1
2682,18604,1
816,18094,0
504,2501,1
612,38334,0
9070,37754,0
2753,9556,1
1767,37664,1
909,14373,0
38,47899,1
731,37302,1
10588,21928,0
11134,20285,1
9640,23227,1
7652,34765,0
8151,18795,1
765,10170,1
4726,30059,-1
2199,48348,1
6330,9182,0
10826,17283,1
7632,41512,1
5132,8537,0
7970,37807,0
769,39722,0
344,8784,0
774,17479,1
3736,5058,1
6752,35120,0
4241,30921,0
9425,45140,0
1788,16823,1
7679,25655,1
10684,7678,1
7884,15937,0
10637,1475,1
8195,42859,1
8000,39431,1
3960,31742,0
7727,10647,0
1866,31613,0
7295,31859,1
2388,32304,1
1226,26861,1
9858,49072,0
8382,37282,1
7752,28016,0
8489,22288,1
1301,31763,1
7069,19730,0
5350,35887,1
3358,36052,1
7370,22774,1
1139,38666,1
5525,47043,1
8820,3239,1
5722,18236,1
1778,18608,0
7991,36533,1
10547,12704,1
8815,23101,1
5034,47480,1
5983,21089,1
8850,14025,0
4607,48081,1
5632,49633,0
266,13954,1
2517,16387,1
5606,7585,1
2197,38125,1
8517,38032,1
619,46213,1
7349,37796,0
9564,29817,0
7651,46213,1
5410,7155,1
8332,28309,1
1036,26745,0
10762,27326,1
4406,19494,1
9631,41154,0
10127,20808,1
7747,18829,0
5143,7496,1
1639,46055,1
1809,30490,1
7791,16178,1
4653,2717,1
87,3994,1
1410,21823,0
7909,23850,0
10638,44087,0
10759,1571,0
8888,36254,0
3265,21961,1
5734,28282,0
9202,38239,0
10274,7439,0
290,5232,0
9532,24000,1
8016,49891,1
5219,38937,1
5868,30677,0
8706,28716,0
5920,27454,0
2999,24744,1
5273,35540,-1
3283,48838,1
3100,6552,1
7774,36551,0
1414,49674,1
152,11383,0
6952,29291,1
2799,38066,1
9935,42854,0
9315,40373,0
4246,7241,0
581,36310,1
6893,38660,0
9160,47784,1
9946,48807,0
8108,18963,0
5271,48301,1
2154,20772,1
6031,41631,1
7754,44436,0
230,16825,0
6042,906,1
8365,43026,0
8645,22982,1
9367,36072,1
8890,49530,1
1027,25105,1
9984,32813,1
10525,12514,1
8689,45347,1
6621,18292,0
2737,5419,1
8675,18586,1
3497,4058,0
6258,47281,0
3852,7309,0
5622,38689,1
4888,48237,1
6001,25700,0
2420,41776,0
4583,40905,0
2847,3519,1
3630,21883,1
9111,31559,1
7263,19795,0
8704,32422,1
8044,26227,1
5204,22707,0
2417,19702,1
3162,49098,1
1372,36200,0
12,14361,0
8355,32412,1
8421,31888,1
5270,47905,1
6415,12659,1
5672,10185,1
10769,5194,1
10421,39583,0
5147,46241,1
2481,40209,0
10138,28845,1
4633,1774,1
5862,34984,0
9308,25400,1
7189,22192,1
6316,44059,1
5686,49019,0
8062,2788,0
2748,40304,0
6566,44640,0
295,49036,1
9848,1930,0
8694,40130,1
6225,33474,1
10777,7395,1
7713,29252,0
2694,34002,0
10144,23244,0
5550,10063,1
5642,49632,1
8920,8794,0
10867,47299,0
7196,77,1
7129,20867,0
10665,34515,1
1328,48418,1
9110,19086,1
9320,32880,1
2295,43072,1
1760,21545,1
923,14627,1
9178,5410,0
3338,20488,1
7908,33813,1
9313,32369,0
2835,12432,0
3483,38425,0
4643,49921,1
1260,2203,1
11040,10551,0
6115,43625,1
8636,38852,0
11033,14679,1
2822,48714,1
6351,1479,0
6022,7353,0
1450,17095,0
10311,20671,1
5614,26054,0
2565,9430,0
3079,26791,1
7937,7960,1
848,41940,0
1899,16855,0
7676,1645,1
5209,4438,0
8825,36001,1
5534,15171,1
2062,40917,1
1056,31658,0
9434,37380,0
771,49177,0
2563,37358,1
5890,30098,0
8180,8395,1
7739,35852,1
10071,23874,1
3846,42085,1
2411,14080,1
524,34699,1
1999,40612,1
2489,46512,1
353,32640,1
7378,5924,0
9522,49091,0
10611,19626,1
5268,47076,1
3322,11146,0
8435,1382,1
6811,40203,0
5548,40527,1
8639,13391,0
66,18760,1
4402,28619,0
6549,41121,1
961,21426,1
8286,25282,1
10351,49659,1
7013,34674,1
958,25311,1
9953,10915,1
10195,8848,1
5005,8968,0
7114,31347,0
6800,25375,0
8148,43914,0
7056,42046,1
7279,7782,0
6934,6796,0
1182,27384,0
11047,47535,1
1755,37187,0
8566,37826,0
10851,25402,1
4052,27124,0
6269,11469,0
7090,5349,1
2158,741,1
3343,49894,1
6441,14804,0
3560,17690,1
1132,33718,1
5065,31562,0
81,44316,1
3233,48065,0
576,20357,0
4379,6946,1
773,22564,1
3367,1338,1
10578,25730,1
8317,47632,1
8015,31451,1
10055,41416,0
8580,21172,1
6453,22372,1
1447,4500,1
3146,37785,1
4902,41113,0
9789,23629,0
2954,23976,0
9897,45720,1
7402,26422,1
2708,18732,0
3812,4526,1
10263,8049,0
10531,18048,0
10006,1551,1
1037,21836,1
766,19809,1
2464,22906,0
911,6238,0
2699,14705,0
7967,27588,0
844,38052,1
8933,14597,0
5697,20951,0
3860,46032,0
8131,21090,1
4561,38944,0
6166,36710,1
10706,846,1
7421,39448,1
6404,41079,1
8400,37247,0
7201,33196,0
8725,34544,1
9597,23404,0
3408,44175,1
8304,43456,0
6879,18695,1
1586,25714,1
3835,2147,1
5016,47350,1
2162,14971,0
3799,17555,0
10146,1261,1
8803,41809,1
7641,23481,0
4403,38100,0
1282,30793,1
6824,44409,1
443,30767,0
7051,21924,1
5043,13616,0
3396,47404,0
360,15871,1
10101,49490,1
7942,27063,1
2691,23306,0
2157,28450,1
8584,36312,1
3867,14286,1
6844,86,1
4871,7085,1
7901,16707,0
10667,42038,1
1728,31635,0
7444,30485,0
3511,5861,0
9548,26214,0
4990,21173,1
9599,19200,1
2937,1284,1
10598,28174,0
2697,30313,0
5,1899,0
7897,45135,0
7658,42299,1
1991,6160,0
8994,7902,0
3901,43705,1
4417,46655,0
10164,20596,1
1302,32213,1
3934,9141,1
108,5972,0
1716,33106,1
270,24484,0
6637,30112,0
3453,40001,1
5896,17902,0
8453,39428,1
7283,23637,0
2742,39029,1
7682,27,1
5324,34091,1
9780,5072,1
8497,2319,1
4823,7326,0
10072,14720,0
8975,4906,0
10544,39241,0
5778,25128,0
5288,1743,1
5508,13205,1
9520,58,0
3795,36291,0
3471,16539,1
2752,2898,0
4667,15349,1
4433,11121,0
280,24824,1
10940,20676,0
7757,4677,1
666,40508,1
3770,8086,0
6458,3915,1
4112,7346,1
4897,17089,1
2813,24162,1
5439,23291,1
3088,23975,0
4648,7014,0
4265,15460,1
6445,8612,1
5285,48822,1
6256,47843,1
5481,32361,1
1115,40150,1
5058,45982,0
3015,4428,0
6489,8960,1
9244,48483,0
834,29869,1
10309,1427,0
3783,49069,0
9270,4902,1
8593,13633,1
238,36592,1
2644,30495,1
4906,26372,0
2398,5495,0
8754,24772,1
4355,15751,0
9288,22976,0
7854,40802,1
6896,27982,1
2630,35081,0
3016,31516,1
7066,16952,0
9463,5906,1
8231,12709,0
5062,16518,0
1153,38426,0
5105,3167,0
7617,29465,0
6531,17634,1
1694,38788,0
3740,17501,0
10473,8982,1
6392,22742,1
2621,26446,1
6946,42112,0
5777,20105,0
6057,34724,0
4945,45030,1
1157,41638,1
9170,29600,0
10143,35906,1
459,15167,1
6845,49168,0
9139,16438,1
5891,20384,1
7238,17633,1
10119,37875,0
9763,13691,1
2466,25213,1
9949,7795,0
10805,37782,0
859,34592,1
1682,23296,0
7947,5873,0
851,45045,1
647,7479,1
2589,37367,0
8034,49158,1
4959,35529,1
2268,48126,1
3160,34541,0
1651,11057,1
10848,15424,0
4860,30735,0
10860,17421,1
5965,23425,0
8311,17229,0
9222,29720,1
6,12245,0
7487,12203,1
10737,45000,1
2080,3384,0
10898,21659,1
10028,10720,0
4008,28110,1
4314,18389,1
9809,16934,1
8149,39465,1
3914,4057,1
3563,47320,1
5185,7944,1
583,37565,1
2303,8757,1
4166,1697,0
157,32877,0
7951,24964,0
2649,3215,0
2675,30879,0
1699,16893,1
1797,9118,0
2472,19992,0
2510,38808,0
981,32529,1
6359,42732,1
271,12858,1
6807,31449,1
9975,6277,1
2540,18955,1
4793,24300,0
10214,4545,0
768,41816,1
6658,17311,1
7798,39976,1
4243,14113,1
3908,42776,0
6860,25249,0
91,42599,1
4669,1223,1
7866,22485,0
6315,22905,0
10944,33529,0
9330,10065,0
10708,36892,1
9331,13158,0
6969,46242,0
4466,25630,1
6206,24586,0
3944,47826,1
9521,31295,1
8853,23245,0
3169,17425,0
892,45064,0
6747,29078,1
9802,11646,1
6874,40222,0
8049,7451,0
780,22109,0
1435,45420,1
4071,21854,0
5698,45218,0
1943,18194,1
1138,42402,0
10595,22750,1
9821,49537,1
10049,7303,1
7553,43641,1
5115,45812,0
4710,22122,0
9349,17266,1
4150,33540,1
10130,32573,1
9927,394,0
4624,12112,1
8995,14189,0
4779,29992,1
3527,5765,1
2173,47789,0
621,13982,1
7779,10076,1
9031,14616,0
6451,35851,1
6608,31807,1
3450,6735,1
5476,33232,0
5340,45164,1
4107,23622,0
5412,12759,0
8377,7088,0
9461,13600,1
4734,15168,1
2246,4746,0
4968,28724,0
9695,46592,0
2436,43231,0
7546,46191,1
7611,36023,1
8510,4907,0
6276,42293,0
1598,11594,0
4684,4319,1
10703,2855,0
6766,19612,0
23,48308,1
8442,6452,0
10906,23322,1
5612,10564,1
5361,42179,0
5664,44323,1
1762,28475,1
7362,12357,1
3673,20608,0
2648,8565,1
3456,15112,0
6200,26688,1
11064,38841,1
2139,4969,1
10152,22351,1
6561,21646,1
7060,7455,1
9638,46852,1
2618,35710,1
4378,14190,1
1791,23096,0
11108,47113,0
312,28111,1
7785,24759,1
8577,47336,1
8801,11118,0
8809,21399,1
8732,18040,1
5001,36930,0
2031,1909,0
5057,27001,1
9876,4621,0
10545,13520,0
2974,21953,0
4690,39637,0
5377,40289,1
3282,17463,0
7458,23693,1
7262,37141,0
6710,4100,1
3543,8020,1
2101,50000,1
10443,46502,1
5556,35565,0
6411,43025,0
6483,16397,1
2532,27202,0
5420,38432,1
216,20871,1
11054,19723,0
7858,13875,0
1993,45519,1
2235,18883,1
2629,41695,1
7322,49089,0
6982,8191,0
5516,4409,0
3431,37207,0
9317,37545,1
7216,45063,1
6228,17084,1
759,40374,1
5039,2987,1
9985,39219,0
8934,11942,1
6924,39715,0
6978,38593,1
5046,38892,1
575,18136,1
2488,12956,1
9082,43691,1
6916,12334,1
9490,48260,0
5466,10237,1
2093,13235,0
7505,36387,1
6079,3119,1
9297,48642,1
3754,21380,1
6285,19675,0
798,20581,1
4038,17576,0
309,35861,1
9586,42183,0
10865,46954,1
4714,39909,0
1496,24948,1
325,19248,1
2990,28322,1
4024,38863,0
4666,7074,1
3258,1827,1
2418,16449,0
8184,16124,0
2394,23219,0
903,9190,1
8792,28528,1
819,24585,0
6871,12194,1
6238,4417,1
8871,48680,0
8886,30440,0
7239,22410,1
1289,25204,0
9325,18677,0
2702,22473,0
6148,38718,0
6760,8795,1
10658,15791,0
10981,44773,0
7532,4792,1
3519,37077,1
10168,38658,0
5309,30845,0
985,16871,1
536,45752,0
4457,23123,0
6248,28278,1
5479,33841,0
1123,12882,0
6291,26668,1
1637,41032,1
5788,31935,1
6867,7173,1
9642,4842,1
5365,15755,1
9432,27382,0
1698,33238,1
5501,48914,1
492,24567,0
667,33853,1
7622,25600,1
10987,20563,1
4440,41728,1
8160,28940,1
5407,18640,1
3707,22819,0
10292,40972,1
8051,29467,1
6859,9875,1
1068,8544,0
3033,14183,0
3874,37021,1
3012,4519,1
2948,36743,0
824,16267,1
7814,38058,1
9437,5996,1
4830,20511,1
10283,28792,0
6500,34580,1
5306,112,-1
9194,28903,1
8088,15832,0
3594,47660,1
10365,20476,1
7550,28736,1
3546,17698,1
5008,41848,1
878,44186,0
10749,29292,1
2370,29783,1
7093,1339,0
3469,46100,0
7393,32217,1
8631,6229,-1
8509,12292,1
7972,15498,0
4066,23440,1
2364,42739,1
5458,26979,0
9895,48374,0
4141,9360,1
2601,11452,1
4652,37967,0
1304,14077,1
4619,37610,1
3350,48302,0
3686,33530,0
10398,6603,1
2450,42915,0
2848,27851,0
1046,28051,0
9721,16864,0
3604,9234,1
6532,13202,1
4629,29479,0
6376,15485,0
8175,18008,1
7669,39331,1
9543,21064,1
4812,48688,0
441,50021,1
3400,9008,1
1032,11314,0
1818,27628,0
351,45648,0
2016,35487,1
8496,6850,0
10042,21592,1
792,21654,0
8941,16751,1
2738,3956,0
4382,6291,1
8652,21082,0
8276,1908,1
6890,20844,1
1165,49412,0
7054,29702,0
6630,29246,1
10067,49335,1
5728,48377,1
1058,40179,1
7714,1495,1
4180,22010,0
6552,43330,1
4721,42712,1
6720,10537,1
7217,1738,1
8907,14655,0
2515,20756,1
5082,30246,0
7975,20693,0
11036,32811,1
7594,40482,1
9572,31713,0
8800,29338,0
7923,32374,1
8123,9205,1
5342,19949,1
495,49314,1
9486,21862,1
8142,6621,1
7087,43403,1
8614,5466,1
5934,3740,0
3786,962,0
7041,31245,1
793,1334,0
714,48842,0
10297,6926,1
223,33498,1
5301,9216,0
8669,8527,1
10718,40782,0
3155,36236,0
777,22601,1
9062,34320,0
5645,42177,0
10790,38923,1
6177,23389,1
1743,38298,1
7911,20088,1
8755,18559,0
6442,33694,0
8135,34414,0
4584,20934,0
1408,45936,1
5972,9696,1
8433,26336,0
10026,38751,1
7608,31939,1
6703,6490,1
10886,26905,1
5175,39853,1
3191,21939,1
6334,32337,0
1842,9858,1
9076,29627,1
1162,147,0
3849,44302,0
5511,5878,1
6009,3794,0
1834,36731,1
6801,46670,1
10173,16212,1
9912,34316,0
2689,4676,1
8325,26776,0
8072,16266,0
227,26543,0
9488,34645,1
2593,25010,1
8822,34304,1
8696,12986,0
2996,19770,0
2980,34568,1
2577,26440,1
9140,3666,0
9303,30787,0
3295,35262,0
10871,12336,0
1095,40690,1
9054,10371,0
126,28028,1
9002,12064,1
7886,17761,0
5465,19573,1
1340,685,1
3056,38232,0
4761,16041,0
7397,9483,0
3066,43284,0
1055,42378,1
5084,7532,1
3281,16361,1
6344,10492,0
7258,9377,1
2396,32002,0
2225,46290,0
10807,42306,1
1498,25039,1
1656,35353,-1
1895,2655,1
11123,14440,0
2747,16352,0
2425,48174,0
4061,35426,1
3087,29476,0
3989,26168,0
5228,45464,1
7508,47557,1
2682,6668,0
816,561,0
504,1715,0
612,20768,0
1767,9767,1
9024,13866,0
7741,22623,0
909,4273,0
38,21964,1
9040,8759,1
731,41547,1
3219,48074,1
11134,16274,1
9640,27811,1
8151,48561,1
765,45529,1
1128,37522,1
4726,6174,1
2199,41564,1
636,46062,1
10826,21129,0
5132,1481,1
835,30618,0
7970,45994,1
344,32029,0
8168,47278,0
3887,5310,1
9425,15591,1
1788,7817,0
7679,39724,0
3709,12650,1
7884,37627,-1
10637,12622,1
7727,30024,1
1866,31467,0
3363,37449,1
7295,5556,1
2388,2900,0
1226,35238,0
8382,29421,1
8248,21825,1
1301,4543,1
5350,11132,1
3358,49840,1
1139,39172,1
3617,38,1
616,16870,1
8820,31910,0
5722,21970,0
1778,8944,1
3595,26487,1
7991,29214,0
10547,17668,1
8815,30394,1
2501,10157,1
9830,44129,0
5983,30469,1
8850,29831,1
7567,49191,0
266,25896,1
424,15243,1
1665,40893,0
10151,31471,1
7349,36823,0
7651,14083,1
5410,42821,1
8332,34701,1
1036,15593,0
10762,14125,1
1229,48924,1
4406,36271,1
9631,32172,0
10127,32504,0
7747,36871,0
1639,20634,0
1783,25297,1
6016,17885,1
2944,13903,1
7311,31337,1
1809,17409,1
8503,11637,0
293,15775,1
7791,26842,0
87,34373,1
1410,8218,0
2671,21361,1
2525,17648,1
10593,29750,1
10759,29513,0
6277,48139,1
8888,33066,0
3265,47677,1
5734,49852,1
9202,30413,0
8351,26594,1
4154,1034,0
10523,24433,0
7664,15374,1
6477,6859,1
10215,16046,1
5868,29259,1
2999,20193,0
3283,40088,1
7774,18058,1
1414,14892,0
676,30669,1
2799,9776,0
9263,49744,1
9935,42509,1
9315,14238,0
10949,5750,0
2786,15204,1
6515,36903,1
9160,26682,1
9946,3758,1
8108,30559,0
2154,48921,-1
7754,14999,0
230,47373,0
3618,42698,0
6042,1509,1
8365,5102,0
6193,45635,1
8890,39718,0
1027,510,0
9587,3801,1
10525,48063,1
6253,28524,1
8689,3048,0
6621,46110,0
5675,1695,1
5109,28441,0
1193,22808,0
8675,8788,1
4261,16999,1
3497,31287,1
7719,45851,1
1359,10029,1
5622,13796,1
4583,7450,1
4188,44304,1
2807,21634,1
3630,44567,0
8704,33197,0
3328,41775,0
5743,21835,1
10743,34225,1
2417,31436,0
3162,15776,0
1372,12433,0
7680,46555,0
8628,34770,1
5270,39199,0
6415,12872,1
1203,23600,1
767,12057,0
10421,29004,1
6432,24037,1
2481,40535,1
10138,49917,0
4633,31522,1
5862,41432,1
6316,9690,1
6073,3487,0
2748,42029,1
7304,15476,0
2985,19503,0
1049,26672,0
3112,21389,1
5707,24643,0
9709,24470,1
6225,42680,1
10777,49144,1
7713,44368,1
10144,16067,1
5550,43098,1
5642,42463,0
8920,1064,1
10461,49328,1
10867,9890,1
7129,8672,1
10665,15160,1
1328,27487,0
9110,647,1
9320,21884,1
3022,18717,0
588,9151,0
5097,6054,1
6262,29373,1
1760,42394,1
4032,3161,0
923,31969,0
6101,15274,1
9178,19359,1
3338,10025,1
7908,35916,1
3420,18159,0
9313,48932,0
1171,15406,1
2835,30175,1
3483,6006,0
1260,18659,1
6578,43106,0
11093,15085,1
11040,27901,0
6115,25770,0
7932,38665,0
8636,39417,1
2822,13513,0
6192,41252,1
10311,28460,0
7937,20339,0
7870,12407,1
5633,11491,0
1899,17953,1
7676,13252,1
5209,3417,0
8825,24767,1
5534,9284,1
2062,799,1
9434,26037,1
4771,28718,1
771,48093,0
2563,26853,0
5890,14439,0
8180,2706,1
5332,4292,0
10071,38092,1
7180,27801,1
2489,17663,1
9522,43996,0
5449,15024,1
5268,1269,1
5135,33062,0
3322,32336,1
8435,3682,1
6811,44983,0
10149,40089,0
9885,13141,1
4402,38525,0
8602,20391,1
9090,44243,1
961,30042,0
8286,787,1
3227,18336,0
10696,10479,1
9953,11029,-1
10195,20789,1
9286,40765,1
7114,20629,1
6800,2979,1
8148,23703,0
11047,13566,0
1755,5582,1
10851,23596,0
2158,38233,1
3343,13523,0
6441,41263,0
5065,49639,1
576,11689,1
2029,29165,1
6526,22303,0
4379,22037,1
773,39801,1
5937,28650,0
10578,31349,1
8015,36816,0
3500,3095,1
1447,13427,1
4187,22255,0
3146,41450,0
4902,31750,1
9789,32423,1
9897,933,1
7402,14107,0
190,5994,1
3812,2187,0
10006,12086,1
766,5370,1
5802,30000,0
911,30334,0
2699,23789,1
8328,16011,1
8933,6182,1
3860,30913,0
8131,38208,1
4561,1687,1
6166,48727,0
7421,3068,1
6404,31472,0
8400,19060,1
8838,4850,1
7201,6047,1
8086,38806,1
5653,32235,1
8725,38086,0
3054,46523,1
5506,27276,1
2891,1314,1
9597,32706,1
1736,24533,0
7416,18326,0
3408,26432,1
5141,10858,0
6879,30597,1
8618,28152,1
9609,16984,0
966,18751,1
6749,19566,1
3835,13477,0
11095,46721,0
10208,15876,0
5016,12975,1
6659,2914,0
2162,37617,1
3799,27732,0
10146,2185,1
8803,7619,0
4403,13648,-1
6824,33849,1
443,29541,1
7051,5872,1
2690,7565,0
3396,26619,0
360,25186,0
10101,27241,0
7942,46653,0
6789,12867,1
7427,500,1
8584,4093,0
3867,18584,1
6844,6599,0
4871,29697,1
8787,40453,1
8288,5385,1
1728,34419,1
522,12739,0
7444,45639,1
3511,47271,0
9548,40774,0
8589,42945,1
4990,32741,0
1375,15836,1
6795,43372,0
2697,11447,0
7229,46633,0
5,42715,0
7504,36073,1
7811,1255,0
7897,17966,1
7658,4465,1
1991,13725,1
3716,14349,1
8994,824,0
3901,4739,0
1302,10735,1
3934,2675,1
7285,36393,1
3453,35429,0
3698,22380,0
5564,42528,0
5896,45573,1
8453,28446,1
7283,33779,0
2742,19091,1
8780,16040,0
9780,37058,1
8497,43305,1
682,24087,1
10544,20945,1
5288,23635,0
10331,34019,1
4158,10182,0
2048,39420,0
9520,2990,1
1800,17740,0
3795,49145,0
2752,44991,1
4667,30652,0
1700,49265,0
4433,25829,1
5596,11300,0
4501,40819,0
3770,26152,1
6458,42406,0
4112,13549,0
2813,14642,1
8082,19377,1
5439,31302,1
3088,43137,1
4648,17563,1
5285,46336,0
6256,40528,0
7489,5019,1
8723,28880,0
1115,21460,-1
5892,3659,0
10788,43543,0
5058,20499,0
3015,45219,1
6422,3777,0
9938,2705,1
6684,44018,1
6489,12663,1
1952,49197,-1
6761,32634,1
10281,43607,1
10309,35605,1
9644,23382,1
7506,22413,1
3783,34219,1
9270,9126,1
8593,1688,1
2644,8649,0
2398,18270,1
1293,23492,1
8754,23993,0
10817,49578,1
4355,22552,-1
1744,8099,1
9288,3241,0
2988,45327,0
7854,6567,0
924,25480,1
5105,48478,1
10334,22017,-1
7617,22074,1
1694,45106,0
3740,5515,0
2621,21827,1
6946,14745,1
5777,35898,1
6057,39449,0
4945,9703,1
1157,5757,1
9170,34749,1
3000,33432,0
10143,45153,1
3905,1009,0
1886,12625,0
2759,47694,1
5624,42784,1
2881,11237,0
9139,28949,0
3955,37748,0
9949,35658,0
10805,28966,0
1682,35994,1
7947,37418,0
851,25179,0
8034,42304,1
4959,13349,0
4736,26555,1
2268,49104,1
10076,37948,1
1463,13826,0
10848,47329,1
9794,20482,0
10860,12405,1
5965,8150,1
7634,48316,0
8311,40326,1
6,17827,0
7487,24869,1
8459,18713,0
7835,42371,1
2080,37526,0
10898,19015,0
10028,29969,1
4008,43820,1
4314,360,1
9809,42898,1
8149,923,1
3914,6042,0
3138,26311,1
7096,10014,1
1808,9533,0
4892,45538,0
7951,43108,0
8011,23194,0
75,36948,1
2472,40401,0
981,32079,1
9035,44451,0
6359,37987,0
271,21132,1
526,38566,1
10738,26541,0
8292,20072,0
6807,19985,0
9975,10667,1
2540,36982,1
6305,20170,0
6658,24151,1
7798,13125,1
4243,10012,1
3908,41598,1
7800,46347,1
91,35239,1
4669,8371,1
6315,2378,1
10944,49516,0
8343,1244,1
10708,34382,1
9331,12330,1
6206,42957,1
3944,36639,1
6869,34611,1
9521,45448,1
8853,45596,0
892,45869,0
6149,13206,0
2780,39873,0
6747,36990,0
341,24176,1
4730,11025,0
4255,9396,1
10995,25349,1
8049,6314,0
1435,21869,0
5857,8945,1
5115,42270,1
4710,45294,0
9349,8635,1
4150,13203,0
10130,38742,0
3153,47297,1
9927,5976,1
6268,29124,0
7026,6742,1
4624,38269,0
8995,21968,1
8828,530,0
4779,12981,1
3527,46881,1
2561,11812,1
3679,24054,0
2173,26531,1
6778,47527,1
621,9770,0
3784,43712,1
5281,48264,1
9031,2044,1
6451,13491,1
6608,25763,0
5476,10,1
5340,7743,0
4107,36692,1
5412,5119,1
754,44538,0
4968,34687,0
7536,2255,1
2436,2407,1
7546,4123,0
8510,19776,0
9626,38698,1
3371,16111,0
1598,14581,1
7580,10648,0
11011,36146,1
10703,10181,0
6766,439,0
10672,754,0
23,20830,0
10098,22340,0
6424,41351,1
8442,32383,1
10906,20371,0
5361,32873,0
7362,28101,1
3673,7866,1
7031,13174,1
6200,2520,1
3150,22734,1
2139,48305,0
1982,45644,0
11133,39838,1
9622,12741,0
9638,3168,0
3109,40713,0
1791,18791,0
7785,49707,0
2178,22364,0
8577,49575,1
8801,35066,0
8732,19342,0
133,49423,0
3342,11375,0
9253,23431,0
9876,41901,0
499,2155,1
10545,11911,1
2974,23405,1
7623,11389,0
5377,16885,1
3282,430,0
2167,3856,0
3622,32746,1
1745,38701,1
3543,36750,1
10443,31477,0
6411,5422,1
2651,2549,0
6483,25858,1
2532,16790,1
5420,24253,1
11054,16301,0
10035,43015,0
1993,23959,1
2235,6825,0
2629,14855,1
7322,45837,1
7589,8129,1
6982,19330,1
5516,22542,1
5067,47173,1
3431,36256,1
7216,41367,0
759,11723,0
9985,17629,0
6924,21984,0
6978,45343,1
575,28137,1
2488,39339,0
6916,15385,0
6606,9359,0
2093,26546,1
7505,29587,1
9683,1643,0
2128,4934,0
9297,13313,1
3754,7703,1
6285,43290,1
4038,21296,1
10126,26721,0
309,47774,0
9586,48620,1
10282,25987,1
10865,4020,0
325,25786,0
7214,3921,-1
1603,49475,1
1739,46361,1
2990,45496,1
4024,41472,1
4666,47293,0
3273,3325,1
3258,33621,0
8424,48941,1
2394,14048,0
8792,23229,0
8670,26937,0
9982,43416,1
2475,31000,1
1437,23504,1
6238,29626,0
8871,11141,1
8886,4388,1
4031,45329,0
7239,17750,1
9325,45730,1
6148,13823,1
5408,29051,0
9960,19353,1
2187,16852,1
6760,34418,1
8071,49128,0
6717,26294,1
8105,15741,0
10658,45886,0
8714,806,1
281,48839,1
3519,2627,1
10168,37079,1
985,8939,1
536,17550,1
6291,20360,1
6931,5071,1
5788,36103,0
8206,27190,0
4596,7001,1
9429,27398,0
2768,5521,1
9432,18919,0
5501,26307,1
492,20794,1
667,9045,1
7622,6752,1
10987,32453,1
8160,32742,0
8702,34585,1
5407,17459,1
3707,44318,0
945,49055,1
10397,7862,0
5475,25561,1
3375,10906,0
3033,31274,0
3237,27877,0
5303,48800,0
2064,24009,0
3012,28185,0
2948,23403,1
824,22113,1
1681,25309,0
2758,8566,1
9437,47578,1
4830,3000,1
10283,32593,1
6500,9829,0
9925,28852,1
5306,41639,0
9194,17623,0
8088,30808,0
5339,20486,0
3594,27249,0
10365,11564,0
7159,5436,1
878,26120,1
2370,46713,1
7093,22912,1
3469,16175,0
8631,10808,1
7972,26506,1
9851,14416,1
2364,4527,0
907,8919,0
5458,46169,1
9895,12741,0
4141,11027,1
8124,15772,0
2601,49897,1
4652,22890,0
1304,12963,0
4619,47239,1
3350,28533,0
3686,44780,1
3401,23593,0
6396,33777,0
10398,12924,1
2848,23396,0
4629,18729,0
4450,4720,-1
9543,48045,1
441,6583,0
3400,36911,1
1032,6613,1
5236,862,0
351,4602,0
2016,22169,0
8496,47914,0
10042,12511,1
8941,23972,0
4382,48293,1
8276,853,0
469,1856,1
10730,21804,1
8955,45465,0
6890,4634,1
1165,30327,1
7054,44680,0
6630,8618,0
10067,25424,1
5728,7440,1
4180,49692,1
9952,32360,1
3286,44257,1
6552,7690,0
4721,27510,0
7217,47452,1
8907,49992,-1
2515,32341,0
2719,18267,1
7975,5785,0
2160,6101,0
996,13649,1
637,33855,1
7594,5065,1
9484,21284,1
9888,8863,0
2712,8223,1
5801,37423,1
1108,36300,0
495,13793,1
9486,26073,1
4389,21568,0
7087,40158,0
3639,14433,0
714,34903,0
10297,13836,0
223,22968,0
10140,32486,0
1295,36026,1
10718,31492,0
3155,4848,0
777,43377,1
6266,7778,1
2578,27751,0
5645,6206,0
3116,29699,0
10436,47092,1
5745,6015,0
6177,5542,1
1743,31523,0
7911,19431,1
8755,11160,0
2817,46612,0
3096,44312,0
11037,17522,0
4584,17345,0
3145,25809,0
2249,1654,1
3779,32771,0
1408,921,0
7608,15279,0
6703,550,1
10886,24310,1
5175,45848,1
2837,46393,0
9076,30864,1
1162,13454,0
7457,48421,0
2342,45148,1
3849,42241,-1
5511,35193,0
10864,41595,0
1834,37440,1
2171,49088,1
10173,12284,0
9912,48751,1
2689,21023,1
9473,42861,0
8072,1573,0
7210,37581,1
9488,6773,0
2593,33962,1
8822,42818,0
2980,37560,0
2914,22231,0
2577,36469,1
9303,13567,1
3295,46659,1
5414,46310,1
9054,11983,0
7548,28786,1
7886,16646,1
8538,20735,1
1340,44632,1
643,18516,1
3066,9969,0
1815,7117,0
5084,42669,1
3281,25966,0
718,42456,1
258,19808,1
6344,32200,1
7258,14279,1
2396,48770,0
10807,36198,1
3751,37183,0
1498,4963,0
7837,7365,0
1656,28842,0
3980,8874,1
11043,16508,0
3775,39580,1
3730,14938,1
2747,10617,1
3989,2028,1
7508,3763,1
2682,19764,1
816,34093,1
504,35276,1
612,49857,1
9070,21193,0
1767,31630,0
9024,15730,0
909,46144,1
38,46389,0
10588,16093,1
3219,45363,1
11134,5700,0
9640,2787,1
765,35740,1
3208,42593,1
1128,18491,1
6330,4929,1
636,269,1
10826,1111,0
7632,35135,0
5132,544,1
7970,20977,1
774,16791,1
8168,2858,1
3736,25532,0
3887,22506,0
6752,47017,1
4241,39356,1
9425,2433,0
7679,46176,0
10684,34893,0
3709,16252,0
7884,4338,0
10637,29679,1
8195,39573,0
8000,33270,1
7727,43537,1
1866,35295,0
3363,4904,1
7295,31188,1
8382,19469,0
8489,22086,0
8248,35919,1
9000,48092,0
1301,15534,1
7069,7818,1
5350,11472,0
3358,43814,0
7370,33227,0
1139,11325,1
5525,33823,1
616,18382,0
908,34851,0
8820,19517,1
1778,35170,0
10316,4024,0
8815,45806,1
9830,15690,0
5034,1015,1
8850,43261,1
7567,12205,0
1513,24566,1
8326,1200,1
266,1428,1
424,17513,0
1665,26018,1
1941,4191,1
10151,25302,0
5606,30855,0
2197,45531,0
619,10834,0
7349,44702,1
9564,23816,0
7651,10834,0
5410,11354,1
8332,23709,1
9631,44027,1
7747,24430,1
5143,42104,1
1639,39086,1
1783,5244,1
6016,6761,1
2944,23278,0
720,3596,1
7311,38302,0
1809,717,0
8503,42471,1
4653,32457,0
87,12587,1
1410,6301,1
7909,4887,1
2384,42697,1
2525,14182,0
10638,27902,0
6277,35163,0
8888,35964,0
3265,33682,1
9202,12886,0
7751,45945,1
1870,9785,1
1630,12740,1
7883,24518,0
10274,26912,0
10523,44099,1
290,9673,1
9532,21487,1
4511,37605,0
10215,3540,1
5868,16945,1
5273,7399,0
7774,39071,1
676,38314,0
6952,4001,0
1265,18752,0
4916,2842,-1
9946,36806,0
8108,40880,1
5271,10704,0
7754,18262,1
230,24509,0
3618,4362,0
8365,41470,1
7232,42691,1
6193,28501,1
8890,4726,0
1027,10766,0
9984,44882,0
9587,48702,1
8689,39754,1
5675,38501,1
5109,35140,1
3439,43627,1
1193,28807,0
8675,7617,1
3497,32057,0
7719,17264,1
6258,25393,1
1359,42654,0
3852,450,1
5622,7297,1
2420,21356,0
4583,7417,0
4188,30817,1
5086,41497,1
2847,3707,1
2807,22553,-1
3630,48912,0
9111,48472,0
7263,21640,1
8044,43824,1
3328,17042,0
6434,224,1
5204,13381,1
10743,16015,0
2417,29413,1
12,6304,1
8355,48298,1
8628,32230,0
8421,7364,0
5270,8878,1
10421,1429,1
6432,40763,0
5147,37888,1
10401,28743,1
2481,39839,1
5862,25588,1
9308,20559,1
7189,10079,0
8062,8041,1
217,12928,0
2803,18377,1
6073,8851,0
2748,26097,1
6566,10067,0
2985,32651,1
1049,11391,0
400,8404,1
9848,35241,1
3112,8108,0
5707,14328,0
6225,22531,0
8974,17786,1
7713,6409,0
2694,44507,1
6994,10381,0
6440,35547,1
10461,5725,1
10867,2067,1
7129,9077,0
10665,35791,0
1328,49893,0
11060,17963,1
6262,35642,0
4032,38559,0
923,18193,0
9178,49753,0
3338,41534,0
3420,33139,0
9313,30200,1
1171,30803,0
3483,27960,0
1260,17280,1
6578,26138,1
11093,46464,0
7932,38130,1
8937,31670,1
8636,36143,0
42,35419,1
6351,43967,0
6022,1717,1
1450,32622,1
3708,22060,1
10311,24341,1
5614,23042,1
2565,16932,1
3079,44591,1
7937,1685,1
3844,2042,0
7676,31411,0
8825,9948,0
5534,45412,1
2062,24732,0
1056,34572,1
9434,25206,0
4753,46343,1
8180,4675,0
10071,20818,0
2411,35489,1
7180,25134,1
1999,36721,1
2489,8080,0
353,23920,0
4010,2417,0
9522,42194,1
10611,20688,0
5449,25173,1
5135,42097,1
5548,21306,1
10149,35078,1
8639,26230,0
66,23673,1
4402,32411,0
6549,22806,1
9090,42769,0
6064,19873,0
3227,14118,0
958,45010,1
10696,43524,1
9953,8457,1
9286,14750,1
2746,43392,1
8148,26669,0
7056,11363,0
3047,5032,1
7279,14151,1
1057,36485,1
6934,30434,1
1182,47626,1
4052,29644,1
6269,3790,0
7090,23351,1
2158,46049,0
1161,11777,0
3343,33234,1
6441,13273,0
5065,49680,0
3233,40634,1
576,23255,1
6526,32528,1
3367,15388,1
8015,10785,0
8580,25751,0
6453,29798,0
1447,24913,0
4187,12942,0
9789,42684,0
2954,23146,0
9897,41190,1
7402,668,1
2708,7207,0
8744,2415,0
190,10407,1
3812,11044,0
10263,16950,1
10531,15339,1
7162,28391,0
10371,7665,1
5802,25286,0
911,12331,0
7967,33277,1
8933,15281,1
3860,7231,1
8131,6889,1
4561,32440,1
6166,11977,0
7421,12302,0
6404,17271,0
8400,24958,1
8086,7461,1
1309,44992,1
5653,15136,1
8725,13366,0
9597,26675,0
1736,10177,0
7416,45354,0
8304,11301,0
8618,49795,1
966,13717,1
6749,48756,1
2965,26844,0
3810,657,1
3835,965,1
10208,43789,0
5016,34710,1
7086,48403,1
6659,31894,1
2162,24398,0
3799,14103,0
10146,26561,1
10008,43788,1
4403,38843,1
1282,5879,0
443,9855,1
4974,37321,1
7051,15317,0
5043,17021,1
2690,13858,0
10139,25892,0
3396,12590,0
10101,28400,1
7942,32798,1
10647,5499,1
2157,17087,1
7264,9887,1
3867,20920,0
6844,32537,1
4871,31236,1
7901,10261,1
10667,16528,1
1728,21451,1
3511,44931,0
9548,35839,1
9878,46596,1
9599,35473,1
10598,10725,0
3961,44935,0
2697,42517,0
7229,14275,0
5,2419,1
7504,45325,1
4819,12932,1
7897,3842,0
4524,40216,1
1991,23218,1
3716,44425,0
8994,35011,1
4417,11958,1
10164,22793,0
108,19435,0
1716,798,-1
7285,34108,1
6637,6681,1
5896,4044,0
2742,37845,0
8780,37376,1
9780,17493,1
8497,17036,0
1428,38891,0
4823,40877,-1
10072,26720,1
682,42934,0
10544,10761,1
446,9088,0
2181,9370,0
5778,1675,1
5288,45002,1
104,4692,0
2048,19335,1
5508,7542,1
4100,39737,1
1800,18671,-1
2752,8424,1
4667,5936,1
4433,18766,1
5596,26071,1
10940,11798,0
7757,46755,0
4501,24448,1
6458,44893,1
4112,42774,0
3088,21061,0
4648,36644,1
6445,32477,0
5285,7600,1
7489,19918,1
8723,26044,0
10788,48792,0
5058,47312,1
3015,42838,1
9938,43441,1
1952,47262,0
9244,42659,0
7723,10946,0
10281,18295,0
834,14751,1
10309,30829,0
7506,4131,0
6135,33914,1
9270,13628,0
8593,45309,1
238,19582,0
2644,9499,1
685,40136,0
2398,20776,0
10817,31440,0
9288,38419,0
2988,9240,0
5062,664,0
1153,8017,0
5105,40645,0
7617,36260,0
1694,13897,-1
3740,4977,1
10473,10899,1
2621,15148,1
9099,23023,1
7121,44234,0
4945,15976,1
1157,14899,1
9170,1157,1
10143,23159,1
1886,36744,1
140,12027,1
5624,31381,0
6845,48698,1
2881,5815,1
9139,30645,0
5891,809,1
7238,34822,0
1093,46930,1
4764,9245,0
10119,44923,0
3897,44618,1
3955,17980,0
4806,6559,1
5234,12951,1
9949,17719,1
859,3166,1
1682,20841,1
7947,31257,0
647,4587,1
2589,36134,0
3315,14465,0
4736,15986,0
10076,40924,1
1651,36649,1
1463,48382,0
10848,19803,1
6948,15739,1
10860,7666,1
7634,25143,1
8311,11878,1
406,25595,1
9222,49943,1
559,41060,0
7487,26442,1
8459,17485,1
7835,23871,0
10737,30499,1
10898,34085,0
4394,25058,1
4314,27316,0
9809,2313,1
8149,37001,1
1921,46366,1
7096,40469,1
10269,13215,1
5185,49787,1
2303,23137,1
6310,33072,0
4166,20729,1
9415,40349,1
7951,12345,1
1699,37333,1
4903,27742,1
8011,48966,1
75,23805,0
2472,19877,1
1354,22134,1
2510,39647,1
6359,42331,0
271,39789,1
526,33875,1
10738,14423,0
8292,34818,1
6807,1499,0
2540,8806,0
6305,4115,1
768,35448,1
6658,10041,1
7798,26424,1
2250,2301,0
2480,41937,0
7800,20769,1
7866,24243,1
10944,38950,1
8343,36924,1
5432,6591,0
10708,17074,0
9331,32631,1
6969,7842,1
4466,7209,1
9168,46759,0
6206,22126,1
3944,12180,1
6869,24345,0
8853,7783,1
7673,31632,1
3169,33083,0
892,38667,0
6149,24738,0
6747,3492,1
341,5151,0
9802,29920,1
10995,14156,1
8049,15492,0
780,43496,1
1239,9132,1
5698,5636,0
1138,28428,0
9996,18109,0
9821,3653,0
7553,7498,1
1297,4056,0
9349,21354,0
10130,38882,0
3153,29072,1
6268,20446,1
4624,10460,1
8995,40844,0
4779,20558,0
2561,40039,1
2173,10362,1
6778,42812,1
7779,15540,0
3784,6673,1
6608,24029,1
5476,45545,0
4107,26476,0
5412,2739,0
2246,44270,0
4968,23940,0
4151,41132,1
7536,33985,1
7546,8316,1
7611,2976,1
6276,24197,0
4973,17382,1
1598,28477,1
1515,9338,1
11077,22381,0
6766,50018,0
6309,21894,0
9857,7267,0
10672,49308,-1
23,21793,0
10098,35358,1
10906,9538,0
5612,29565,1
5361,17541,1
5883,8211,1
3673,39492,0
7031,14524,0
2648,48964,0
2483,4682,0
2139,39207,0
11133,33434,0
9622,46917,1
7060,41035,1
9638,21672,1
3109,10780,1
4378,42473,1
1791,16217,1
312,47465,1
7785,44143,1
2329,1838,1
8732,26257,1
10308,27727,1
5001,14794,1
2031,29511,1
9253,22334,1
10483,42688,1
9876,35960,0
499,16155,0
591,10178,0
10545,48907,0
2974,865,1
5761,11831,0
916,3243,1
7623,7873,1
4690,49312,1
3282,13685,1
7262,48734,0
6710,34656,0
1144,21300,1
1745,46125,0
3543,46446,1
5542,41393,1
6411,45719,0
2651,28557,0
10979,2489,0
6483,21798,1
2532,8082,1
1534,16946,1
5420,36178,1
2002,13370,0
9148,6721,0
2235,45729,1
2629,37353,1
7589,595,0
5067,46675,0
7356,45367,1
10133,21773,1
9985,43997,0
6924,3041,1
6978,49508,1
11056,17004,1
9082,17204,1
6606,42108,1
2128,39001,0
3754,11950,1
4002,49819,0
6285,48937,0
798,10504,1
4038,11358,1
10126,44606,1
309,10914,1
9586,46453,1
10282,48346,0
4714,43483,1
1496,15605,1
325,25592,0
7214,46368,1
2990,36093,1
3273,39345,1
8424,5261,1
2394,31215,1
9729,17257,1
819,49703,0
2475,49366,0
10225,17984,1
1437,9001,0
1855,32345,1
8871,6647,0
518,23668,0
1289,39819,0
9325,28593,1
3246,38489,1
9945,43151,1
2702,1891,0
6148,13782,0
5408,26796,0
5370,41271,0
6760,20206,1
8071,38180,1
9108,13580,1
6717,23090,1
10658,48761,1
8714,11249,0
7960,47359,1
281,11725,0
7532,44406,1
6850,46226,1
10054,24674,0
536,48816,1
4457,44795,1
6248,33409,1
1123,23321,1
6291,45221,1
5788,34049,0
8206,14375,0
4596,28730,0
9642,31684,1
3446,42469,1
9432,17096,0
5501,49057,1
10987,18398,1
5407,384,1
7529,42360,1
8051,17917,1
945,12048,1
3132,42905,1
1068,18101,0
2827,47857,1
3033,9121,1
2064,45302,0
2948,49250,1
824,43491,1
7814,4122,0
2995,34483,1
1681,17323,1
9437,47776,1
4830,6311,1
6500,22985,0
9925,38769,1
1562,37427,0
5306,33087,0
9194,35829,0
8088,25538,1
4862,25685,0
3594,40156,0
10365,47601,1
7550,39824,1
3546,10297,1
7159,40108,1
10749,35300,1
2370,16843,1
7093,42707,0
7393,23169,1
8509,3276,1
4517,24645,0
5825,3967,1
9851,1520,0
4776,8738,0
907,7828,0
9633,40154,1
9895,46917,1
8124,11016,1
8656,19492,0
4652,43506,1
1304,3207,1
4619,17704,1
3686,27565,1
6396,44480,0
8467,38820,1
2450,2404,1
9721,41200,0
3604,39841,1
8175,2446,1
9543,29706,0
4812,23617,0
441,9590,1
5236,30643,1
3205,4219,0
2065,35961,1
9203,27466,1
1818,24143,1
351,2364,1
2016,27166,1
2605,47310,0
792,37983,1
4382,6537,0
8652,26063,1
8276,47847,1
8955,22715,1
6890,45360,1
1165,37891,0
7054,23072,0
2851,44224,1
6630,28030,1
2792,12818,0
10067,24680,1
5728,12133,1
1058,48158,0
7691,34368,1
7714,27064,1
9952,4344,1
4721,31866,0
4331,35146,0
6720,18878,0
7217,38483,1
8907,43139,1
2515,15169,0
5367,24842,1
11036,37400,1
2160,26610,1
996,31756,1
7594,44503,1
9484,1097,1
2712,5747,0
3382,14861,0
669,6066,1
8800,10167,1
5801,6183,1
8123,19386,0
1108,35182,1
8142,11144,1
7087,16903,1
5312,36154,1
8614,37044,0
9731,45516,0
5137,17190,1
3639,23804,0
3786,23792,1
793,39144,0
8840,332,0
10297,31675,1
223,3333,1
701,36615,1
10140,18588,0
10718,45489,1
6266,5743,1
9062,3332,0
2578,20406,0
5645,3733,0
10790,42764,1
10436,15091,1
6177,22910,1
7573,15295,1
397,46914,1
1743,25313,1
8755,18313,0
431,18555,1
2817,32806,1
6442,28750,0
3096,2552,0
2998,24735,0
8135,25908,0
4584,15139,1
1211,1569,1
3145,904,1
3779,15184,1
8433,6343,1
10026,46885,1
6703,22698,1
5175,48879,1
3191,34932,1
2837,39191,1
1842,39968,1
1162,27238,0
2342,30566,1
3849,36054,0
5511,25505,0
10864,44548,0
1834,42224,1
6801,41571,1
2171,42758,1
10173,47384,1
8325,45533,0
9473,10100,1
2593,7939,1
8822,23113,1
2577,41048,0
9140,48651,0
9303,11143,1
3295,33744,1
10871,29035,0
1095,15201,1
5414,40707,1
9054,30982,1
126,30636,0
7548,16659,0
9937,48678,0
8538,39959,1
1340,958,1
3056,28433,1
4761,16186,1
7397,24724,1
1815,39870,1
1055,31804,1
3281,39501,1
6344,4318,1
2225,13144,0
10807,11244,0
6427,1699,0
11123,20865,1
3980,9199,0
11043,19952,1
3775,22273,1
6175,2192,0
2747,22643,1
4061,12056,0
3087,49693,1
816,28045,1
504,10659,0
3945,5987,1
612,13636,0
9070,29654,0
9024,46974,0
909,49763,1
38,45020,0
9040,13036,0
3219,14405,1
8817,43553,1
7652,8613,1
765,33750,0
3208,44598,0
1128,37399,0
2199,2988,0
636,16887,1
7632,25483,1
344,40,1
774,720,0
3887,16412,1
9425,45418,0
7679,13059,1
3709,45694,1
7884,11882,0
3960,36412,1
7727,12497,0
2388,16490,1
1226,17842,1
9858,47412,1
8382,24821,0
8489,1890,1
1301,2083,0
7069,47268,1
5350,9196,1
7370,10433,1
10794,8256,0
1139,10148,0
5525,27731,1
3617,48105,1
908,24753,0
8820,18844,0
3595,33968,0
7991,38887,0
10547,46648,0
8815,20845,0
2501,22795,1
5983,25040,0
5632,34140,0
266,36516,1
2517,36169,-1
424,22639,1
1665,22856,0
1941,43658,0
9564,33033,0
5410,30647,1
8332,34792,0
1036,4194,0
10762,40183,0
1229,19896,0
4406,14928,1
9631,38224,1
10127,8438,0
8522,37991,0
720,27667,1
7791,32962,1
5535,39574,0
4653,27552,0
7909,2372,1
2671,40044,1
2525,23562,1
10593,36883,1
10638,20272,1
10759,40996,0
3265,10637,0
5734,42906,1
9202,44125,1
8351,38778,1
1870,11795,1
10274,26817,0
290,18228,0
7664,46150,1
4511,2511,1
6477,19024,1
10215,6348,1
8016,40457,1
5920,49452,1
2999,47768,1
5273,35023,1
10169,17575,1
3283,37287,1
7774,34004,0
676,42018,0
152,24056,1
6952,33925,1
9263,5298,0
6857,44712,0
9935,26975,1
10949,15520,0
2786,45742,1
4246,715,1
2533,41586,1
581,18319,1
4916,4647,1
9160,39896,1
9946,25232,0
5271,31036,1
230,17843,1
689,2142,0
3618,31335,0
6042,13016,0
8365,23931,0
7232,4917,1
9367,14947,1
1027,49687,1
9984,16452,0
10525,37132,1
6253,37531,1
6621,28975,-1
4261,16375,0
3497,19560,0
3852,14362,0
4888,42832,0
2420,20764,0
4583,15830,0
114,6525,0
5086,48659,0
2807,24348,0
3630,41727,0
7263,5526,1
8977,45255,1
8704,24592,1
3328,25419,0
9452,49556,1
5204,18899,1
2417,26972,0
1372,37025,1
1203,11211,1
2481,33064,0
5862,42109,1
9308,8323,1
9816,13194,1
7189,24381,0
5686,39170,0
8062,32770,1
217,15550,1
2803,39723,1
2748,43725,0
6566,12104,1
295,44428,1
2985,34133,0
9848,11137,1
5707,41185,1
10777,2436,0
10144,43773,0
5550,12934,0
8920,22455,1
7196,11838,1
7129,14438,0
2239,12839,0
1328,17413,0
9320,40265,0
11060,33385,0
588,10172,1
2295,40789,1
2926,44617,0
5097,41426,0
1760,42581,1
4032,18024,0
923,33304,0
3338,35812,0
9313,6564,0
1171,27361,0
2835,14194,0
3483,37916,1
6578,32988,1
11093,47437,1
31,19061,1
42,8558,0
1451,8116,1
6351,20661,0
6022,35778,0
6192,21459,1
1450,12657,1
5614,15102,1
2565,6666,0
3079,49573,1
7870,44308,1
5633,18534,1
10218,22660,1
1899,28363,1
7676,22489,1
8825,9794,1
5534,17920,1
9434,47840,1
4753,41782,1
771,3627,0
5332,42757,1
3846,46913,0
2411,20235,1
524,23142,1
1999,14411,0
5268,42262,0
5135,2397,1
8435,26939,1
6811,40973,1
9885,17218,1
6549,35408,0
8602,27922,0
9090,28126,0
961,19014,0
8286,22393,1
6064,16688,0
3227,23568,1
9953,14148,1
10195,28503,1
5005,8452,1
9286,26356,1
6800,28208,0
8148,28466,1
7056,47856,0
1057,7888,1
6934,11753,1
4052,22845,0
6269,10184,1
7090,27762,0
2158,14117,1
1161,15300,1
3343,37955,0
3233,49509,0
6526,45850,-1
4379,2431,0
773,8383,1
5937,40572,0
3367,39057,0
10578,14001,1
8015,3673,1
3500,38007,0
8580,12684,1
3539,20289,0
6453,28993,1
1447,45383,0
4884,5860,1
4187,23097,0
658,40092,1
4902,13192,1
9789,40570,1
2708,25431,0
8744,8336,1
3812,44113,0
10263,13196,0
1037,36523,0
766,36250,0
5802,24620,0
2464,26592,1
911,42797,0
2699,18727,1
8328,9275,1
5283,43596,0
7967,7447,1
8933,22824,0
8131,27741,1
10706,31920,0
6404,12358,1
8400,41653,0
7201,43287,0
8086,36187,0
9153,12107,1
5653,18553,0
2891,39534,1
9597,28106,1
7416,17610,0
3408,10879,1
5141,22772,0
6879,3884,1
9609,16653,0
6749,47947,1
2965,34498,1
3835,42106,0
10208,39640,1
5016,35315,0
6659,43412,0
1854,48186,1
3799,48274,1
8803,3178,0
10008,1897,1
4403,840,0
6824,46488,1
443,40729,1
7051,44348,1
5043,4010,1
2690,49700,1
3396,40430,0
7942,21345,1
6789,11579,-1
2691,3887,1
10647,45417,1
2157,10286,1
7427,4253,0
6844,6488,0
7901,6539,1
1728,5170,1
1526,19491,0
522,3296,1
7444,25032,1
3511,17729,0
4990,40547,1
9878,19257,1
9599,17403,0
2937,7476,1
10598,37716,1
6795,21750,0
2697,5942,1
7504,31723,1
7897,8888,1
7658,43504,1
8823,47569,0
3716,10254,1
3901,8510,1
10164,2314,1
3934,44747,1
270,11778,1
3698,27255,1
5564,1445,1
8453,20445,1
10715,45441,1
2742,30053,0
7682,6453,1
8780,24881,1
5324,35735,1
9780,45116,-1
8497,29923,0
10072,18170,0
682,18850,-1
2490,9905,0
10544,41322,1
5778,10998,1
5288,49910,0
10331,48076,1
2048,4926,1
5508,1116,1
9520,2790,0
1800,32837,1
3471,46946,1
2752,9108,1
4667,45539,1
4433,37097,1
5596,13021,1
280,47438,1
10940,9447,0
7757,44583,1
4501,31766,0
4112,48758,0
4897,48724,1
2813,21887,1
8082,8334,1
5439,24670,1
3088,25007,1
4648,3058,0
6445,17927,0
5285,46134,1
6256,10963,0
7489,36635,1
8723,19464,0
5892,26250,1
5058,46532,1
4325,37908,1
3015,26122,0
6422,11020,0
9938,21912,0
9244,33746,1
6761,45614,0
7723,35438,1
2867,36233,1
1880,24995,1
6135,42007,1
3783,151,1
9270,13069,1
2644,46620,1
685,16657,1
10817,23267,0
4355,48925,1
1744,24307,1
2988,26562,0
9620,26196,0
2630,10857,1
10074,22737,0
7066,16878,1
8231,3771,1
5062,43735,0
1153,37263,0
924,21393,1
5105,9952,0
7617,11492,0
6531,1317,1
1694,17589,1
10473,17404,1
6392,9254,1
2621,41283,1
9099,24079,0
7121,6278,0
6946,522,0
5777,40557,0
10143,46515,0
7929,13979,0
459,26064,1
1886,13623,1
2759,28763,1
2881,29809,0
6176,1800,1
5891,19671,1
6723,2903,1
3897,43487,1
2404,33946,0
3955,47475,0
5234,42439,1
9763,34248,1
10805,7912,1
859,4401,1
647,8994,0
8034,25653,1
4959,48467,1
4736,7894,1
3160,28266,0
10076,7057,0
889,19481,0
1463,20165,1
6948,5336,1
4860,33890,0
9794,11686,1
10860,18643,1
8311,38407,1
406,25004,0
9222,15589,1
8798,4542,0
6,41065,1
7487,17974,1
2713,27804,1
8459,11441,1
7835,31882,1
10737,30697,0
2080,41599,1
10898,10881,0
10028,23909,1
4008,39481,0
4394,39581,1
4314,30366,1
9809,24921,1
5863,10876,1
7096,21056,1
1808,23487,0
10269,10518,1
3563,39361,0
4892,13164,-1
6806,5007,1
5185,11994,1
583,20602,1
2303,40280,0
4166,2330,1
9415,25502,-1
157,27790,1
3902,14289,1
1699,44557,1
4903,33237,1
1797,12217,1
8011,205,1
797,49071,1
2510,7038,1
981,43223,1
6359,15175,1
6807,20738,0
9975,32060,1
4793,6305,1
7798,49967,1
4243,39265,1
2250,34297,1
3908,28952,1
8114,42415,1
6860,41851,1
91,43565,1
4669,15074,0
7866,40988,0
10944,44699,1
10708,26941,0
6969,49361,0
7438,28577,1
6206,16367,0
3944,26992,1
6869,25708,0
9521,40991,1
7673,45037,0
3169,13333,1
892,4157,1
6149,41096,1
2780,7146,1
6747,45507,1
341,8413,0
4730,1196,1
3655,36672,1
4255,33570,0
9802,18839,0
10995,48899,1
4071,14800,1
1239,30944,1
1943,40201,1
1138,48006,1
4390,49773,0
10595,34788,0
9821,38011,1
4150,29046,0
10130,41839,0
9927,29159,1
8995,32274,1
5358,8427,1
4779,31689,1
3679,25740,1
2173,31543,0
621,31856,-1
7779,28682,1
3784,43838,1
9031,28943,0
6451,1264,1
3450,6372,1
5476,35803,0
4107,3772,0
5412,44122,1
4968,3832,0
9695,39745,1
7546,3313,1
7611,49604,0
8510,25627,1
3207,2639,1
3371,24184,0
1598,1107,1
4684,1186,0
11011,17791,0
300,9801,0
10703,28599,1
3585,43243,1
9857,12897,0
10672,28023,0
10098,18840,1
6424,449,0
10906,5490,0
5612,6812,1
5361,23641,1
7362,4070,0
10096,32375,0
3673,49599,1
7031,20341,1
2648,21334,1
6200,12038,1
3482,29881,1
11064,15965,0
2483,41078,1
2139,36962,1
1982,35800,-1
10152,41971,1
11133,21123,0
6561,27078,0
7060,22579,1
9638,10984,1
3109,45549,1
4378,24747,0
7785,8528,1
8732,30802,0
133,12118,0
3342,18318,-1
2031,8126,0
9253,36045,0
9876,36264,0
591,38244,0
10545,3203,0
2974,7556,0
5761,4491,1
916,39022,1
7623,43430,0
4690,37866,0
2167,41435,1
3543,33026,0
2101,28997,1
5542,24961,1
5556,16711,0
10979,42846,1
6483,34403,0
2532,11495,1
1534,5416,0
5130,3908,1
1993,23650,1
2235,44231,1
3687,14571,0
2629,38287,1
7322,42603,1
7589,46224,1
5516,17122,0
3431,15294,0
9317,48031,1
10133,37469,0
6228,5871,1
759,42427,1
9985,22543,1
8934,13029,1
5046,2280,0
575,10793,0
2488,19716,1
9082,37648,1
9490,26770,1
5919,4935,1
3754,40318,0
4002,42894,1
10126,26359,0
309,3282,0
10326,9917,1
10282,40072,0
325,29945,1
7214,47435,0
1739,10135,0
2990,13827,1
3273,7970,0
3258,39599,1
2418,30507,0
8184,7348,0
8424,42716,0
9729,13936,0
903,48213,0
8792,24260,1
819,7096,0
8620,37573,0
6871,17599,0
2372,27206,0
2475,29794,1
10225,9060,0
1437,30003,0
6238,41590,1
8871,10747,1
8886,29049,0
7239,44921,1
1289,34463,1
9325,2350,1
9945,28131,1
1499,16706,1
6148,13466,0
9960,41383,0
2187,24512,1
6760,15447,0
8105,23349,1
8714,45323,1
7960,48392,1
10981,46644,1
281,33261,1
7532,3302,1
3519,11751,0
10168,13829,1
6850,30651,0
8260,37290,1
985,6352,1
4457,9856,1
6248,26545,1
5479,15178,1
1123,7000,0
5788,13771,1
8206,4444,0
4985,7588,1
9642,41696,1
5365,24207,1
10748,42105,0
3446,24666,1
5501,24259,0
492,35517,0
7622,5744,1
4440,47487,0
8160,40364,0
5407,27757,1
7529,18130,1
3707,17969,1
8051,27278,1
10397,45039,0
3132,32067,1
1242,32027,1
2827,25481,1
596,49261,0
2064,23498,0
7814,19339,1
2995,33356,1
3128,40672,1
1681,41153,1
2758,13598,0
9437,36536,1
10283,10771,0
6500,2409,-1
1562,36249,1
9194,24081,0
8088,14961,0
4862,22118,0
3594,14240,0
10365,28325,1
2665,48540,1
7550,42772,0
3546,45009,1
878,868,1
2370,9681,1
7393,4931,0
8631,21411,1
7972,4142,0
5825,16287,0
9851,38995,0
4776,3438,1
9633,27682,0
4141,38168,1
8124,20368,1
8656,50070,1
4652,36667,0
3350,1368,1
3686,40610,1
3401,17076,1
6396,12080,0
10398,11440,1
8467,44524,1
2450,1497,0
3604,20523,1
6532,45068,1
4629,23210,1
3587,23659,1
4812,45896,1
441,23327,0
5236,24870,1
2875,28712,1
2065,22309,1
351,27528,0
8941,12139,1
8276,12556,0
469,29764,1
8955,18984,1
2039,18129,1
7054,23455,0
6630,1851,0
10067,41118,1
5728,37669,0
1058,3585,0
7691,32555,1
7714,43408,1
4180,49715,1
6693,48750,1
4721,30555,1
4331,18041,0
5832,17159,0
7217,25211,1
8907,37171,0
5367,44933,0
7975,19711,0
996,41698,1
637,45283,1
9484,19084,1
3382,40100,1
9572,20921,1
7923,1611,1
8123,32624,0
1108,47007,0
495,49037,1
4866,49422,1
8142,784,0
4389,438,0
7087,1861,1
8614,21796,1
5137,2595,1
3639,1577,1
3786,43855,1
7041,39516,1
793,48219,1
714,14447,0
8840,31238,0
223,36467,1
701,25166,1
8669,17586,1
10140,9308,0
1295,1024,0
10718,35236,1
3155,43840,1
777,31626,1
9062,41909,0
3116,28479,1
7573,22635,0
1743,183,1
7911,2088,0
8755,28124,0
6939,27853,0
2817,773,1
6442,5286,0
2998,44590,1
8135,25893,1
4584,38966,1
1211,29144,-1
2249,43243,1
1408,35890,1
6635,28526,0
2243,47982,0
7608,2955,1
3191,39221,0
1842,13767,0
1162,27242,1
7457,20108,1
2342,341,1
5511,39951,1
6009,4703,0
1834,20625,1
2108,20621,1
10173,30530,1
9912,21686,1
4309,40479,1
8749,30776,1
5667,19835,1
8325,25075,1
8072,35837,0
227,49052,0
9488,8010,1
2593,36562,0
8822,48687,1
8696,8289,1
2996,20073,1
2914,41504,1
9140,8307,0
4632,14413,1
3295,37154,1
1095,30962,0
5414,7220,0
9054,12303,1
1689,7567,1
7548,44111,0
9937,21910,1
7886,16409,0
5465,3271,1
1368,43010,0
1340,41005,1
643,28054,0
4761,41860,1
7397,18513,1
3281,36014,1
718,41575,0
258,28089,1
6344,33567,1
2396,11719,1
3751,35229,0
7837,30903,1
1656,15007,1
1895,26560,1
6427,50063,1
11123,38938,1
3980,8016,0
3775,16534,1
6175,15762,0
1758,44398,1
3730,34778,1
2747,31755,0
7760,35354,1
2425,42205,1
3087,31489,1
3989,49461,0
5228,17849,1
7508,3222,0
816,19617,1
612,42782,1
9070,40538,1
1767,7618,1
909,18774,0
38,29258,1
11134,16785,0
8817,48359,1
9640,43835,1
10729,40630,0
765,40228,0
1128,22357,0
4726,21674,1
636,28538,1
10826,943,0
7632,33353,1
835,17048,1
7970,9197,1
344,959,1
774,14037,0
8168,44986,1
3887,18790,1
9425,43874,0
7679,14821,1
10684,10425,0
3709,46392,0
7884,16631,0
3960,4835,0
7727,9737,0
1866,16441,1
3363,16530,0
2388,43709,0
1226,3273,1
212,49545,1
9858,12605,1
8382,16598,1
7752,36838,1
8248,879,1
1301,23179,0
7069,12579,0
3358,28721,1
7370,35629,0
10794,29892,1
1139,30496,0
5525,48813,1
5770,8625,0
3617,28811,0
616,16478,1
8820,19817,0
10316,12592,1
2501,28398,1
7567,4222,1
5632,16103,0
2517,44237,0
1941,19534,1
10151,42498,0
5606,27269,0
8517,13784,1
619,21280,1
7349,31484,0
9564,36897,1
8332,20541,0
1036,40970,0
10127,49311,1
1639,8088,1
6016,920,1
7311,38538,1
5535,32392,0
1410,33177,0
2671,28790,0
10638,1046,1
6277,2207,0
3265,29633,0
9202,47056,1
7751,18078,0
4154,26862,1
10274,8348,1
9532,48877,1
6477,41451,0
10215,23100,1
3147,260,1
8016,20536,0
5219,6910,1
2999,25967,1
5273,49986,0
10389,3914,0
10169,4201,1
7774,28040,0
676,48726,1
152,14977,0
2799,9166,1
9263,32436,0
6857,47071,0
1206,34852,0
9935,35683,0
9315,27439,1
2786,45314,1
581,39342,0
4916,15954,0
8108,37690,0
6031,36000,0
4811,16797,1
7754,1342,0
689,42239,1
6042,32015,0
8365,25492,-1
9367,7543,0
6193,45576,1
8890,5666,0
1027,46945,1
9587,42472,1
10525,39274,0
8689,47407,0
5109,34055,0
3439,14094,0
8675,44593,1
4261,31046,1
410,23514,1
7719,37289,0
1359,19765,0
3852,32373,0
4888,24353,-1
4583,11217,0
4188,42385,0
114,41010,0
5086,32752,0
2807,17040,0
8977,15290,1
8704,9165,1
3328,28711,0
5204,49165,1
12,38777,1
8355,39292,1
7680,11843,0
8628,48366,0
8421,45563,1
6415,46430,1
5672,35521,1
10769,36018,0
6432,22998,1
5147,11308,0
2481,17476,1
5862,10421,1
9308,45796,1
5686,10853,0
2803,22218,0
6073,46854,0
2748,37861,1
6566,24972,1
295,20539,0
2985,531,0
1049,32448,0
400,47846,0
9848,45437,0
8694,2671,1
3112,6147,0
5707,3598,0
9709,48493,1
7713,36738,0
2694,12378,0
6994,1656,1
10144,14782,0
5642,38869,1
8920,48192,1
10461,15994,1
10867,45530,0
7196,744,1
7129,31574,1
10665,48250,1
9320,14725,1
11060,37976,0
5097,11352,0
6262,2351,0
923,45713,1
6101,2089,0
9178,18261,1
7908,3602,0
3420,9555,1
9313,39290,1
1171,29824,0
3483,31414,0
4643,22739,1
1260,33403,1
6578,20400,0
11093,31661,1
11040,2230,1
6115,2332,1
31,41192,1
11033,46645,1
2822,39547,0
42,1681,1
6351,8167,0
6192,31490,1
1450,36064,1
3708,8826,1
5614,26375,0
2565,2748,0
3079,7713,1
7676,28929,1
5209,27347,0
5534,13394,1
2062,10931,0
9943,42902,1
771,7993,1
2563,28645,1
5648,12374,1
3846,3155,0
2411,13781,1
1999,21949,1
2489,20176,0
7378,15047,1
5449,35105,0
5268,37911,1
5135,3741,0
3322,36632,1
8435,38227,1
5548,21263,1
10149,10565,1
9885,29841,0
4424,22457,1
8639,38460,0
66,38247,1
4402,29860,0
6549,8914,0
8602,19981,0
9090,19903,0
961,15494,1
8286,14877,0
10351,25197,0
6064,40856,1
7013,37896,1
958,26100,1
10696,48042,1
9953,12349,0
10195,37680,0
2746,12846,0
6800,43542,1
7363,29560,1
7056,35844,0
3047,21370,0
6934,11529,0
1182,32660,1
1755,33119,0
10851,34759,0
4052,17018,1
6269,38223,1
2158,2300,1
1980,48833,-1
1161,20349,1
3343,34986,1
10302,1614,1
3560,6133,0
5065,21151,0
81,32917,0
2029,45861,1
6526,47992,0
773,10133,0
5937,11402,0
3367,7602,1
10578,24922,1
3500,24760,0
4688,26310,1
6453,33506,0
1447,18033,1
4884,8936,1
3146,13266,0
4902,20222,0
9789,39987,0
2954,46924,0
7402,12910,1
8744,41440,1
190,44105,1
3812,40397,0
7162,30672,0
10006,13817,-1
5802,47279,1
2464,1562,0
2699,2154,1
8328,33334,1
8933,35380,1
3860,15497,1
8131,39119,0
4561,42212,0
6166,4824,1
8400,3890,1
7201,6448,0
8086,4296,1
1309,4245,0
9153,21769,1
5653,5094,1
8725,22650,0
5506,15714,1
2891,20901,0
1736,45590,1
7416,14948,0
3408,31183,1
5141,43589,1
8304,2186,1
6879,45847,1
966,33554,1
2965,3368,-1
3810,38047,1
11095,11927,1
5016,40046,1
1854,4310,0
2162,44278,1
7641,5397,1
4403,37689,0
443,48342,0
4974,11216,1
7051,46078,0
10139,21963,1
3396,42723,1
5483,32333,1
10101,279,0
7942,32025,1
2691,29595,1
10647,46793,1
2157,27125,0
8584,5653,1
3867,47672,1
6844,42787,1
10667,22365,0
8787,96,1
1728,10762,1
522,16596,0
3511,23465,0
8589,119,1
4990,14225,1
9599,40604,1
2937,42613,0
10598,27060,0
1375,36367,1
6795,3693,0
3961,26625,1
2697,16380,0
7229,22804,1
5,227,0
7504,3683,0
4819,41522,1
7897,38622,0
7658,1225,1
8823,27160,1
1991,10293,1
8994,38588,1
3901,8768,0
10164,16336,1
3934,2729,0
108,4559,0
7285,45403,0
270,11104,0
6637,10950,1
3453,12631,1
3698,47615,1
2742,20365,0
7682,15672,0
8780,40855,0
5324,21712,1
9780,7890,0
1428,28652,0
10072,13211,0
8975,22049,1
2490,300,1
446,40799,1
2181,36501,1
104,25661,0
4158,13198,0
5508,44900,0
1800,11112,1
3795,31133,1
1700,7757,1
4433,42709,0
280,20597,1
10940,15653,1
7757,13962,1
666,18966,1
6458,31100,1
2813,15701,1
5439,29913,0
4648,4356,0
6445,30557,0
3110,24852,0
7489,17709,1
1115,18615,1
5892,2953,1
4325,29983,0
3015,3712,0
9938,44695,1
1952,40676,1
10281,32047,1
834,37381,0
10309,41925,1
6135,39378,1
8593,25682,1
238,4013,0
2644,43157,1
685,49593,1
1293,26005,1
10817,35929,0
4355,25252,0
2988,16895,1
7854,35601,0
3016,26694,1
10074,12323,1
5062,5564,1
1153,37520,1
924,13210,1
5105,49153,1
10334,38554,1
7617,46698,1
6531,10739,1
3740,9304,1
6392,1974,1
2621,41070,1
7121,38217,1
6946,34798,0
5777,6412,1
1157,40477,0
10143,2427,1
7929,50033,1
3905,19791,1
1886,5775,1
2759,41297,1
140,41758,1
5624,32350,1
6845,11382,1
7238,18344,1
4764,45062,1
10119,8264,1
2404,26172,1
3955,35069,0
4806,40907,0
5234,15029,1
9763,30638,0
10805,21372,1
1682,41565,0
7947,38212,0
647,21520,0
2589,3247,-1
3315,46200,0
4959,47519,0
9689,40246,1
3160,39228,1
1651,2084,1
889,15855,1
10848,38534,1
6948,6574,1
4860,20909,1
10860,11573,1
8311,1205,1
8798,47377,1
7835,46077,1
10898,45992,0
10028,14242,0
4008,10166,1
4394,19625,1
4314,29882,1
9809,43587,1
8149,45758,0
1921,20225,1
5863,23575,1
3138,4226,0
1808,22843,0
10269,37331,1
4892,46541,1
5185,11580,0
583,44073,1
6310,44957,0
9415,48669,0
157,33483,1
7951,38783,0
3902,46744,0
1797,49673,1
8011,21653,1
797,29116,0
75,22606,1
981,16809,1
6359,43458,0
10738,6166,1
8329,14185,1
8292,4742,0
4793,4651,1
6305,32255,1
768,32521,1
2250,16207,0
3908,37442,1
2480,41960,1
6860,43360,1
91,27219,0
6315,11311,1
10944,17429,1
9330,2731,1
5432,46610,1
6969,34381,0
7438,28901,0
4466,1866,0
3944,32130,1
9521,35097,0
7673,19146,0
3169,3080,0
892,40418,0
6149,11510,1
2780,43493,1
6747,4556,1
4730,22757,1
9802,3452,1
6874,4166,0
10995,42551,0
6950,24481,1
1435,38279,0
1239,39942,1
1138,29077,1
9996,8497,1
10049,21140,1
7553,24384,1
5115,35095,1
2623,45581,0
1297,45470,0
4710,7747,1
10130,34998,1
6268,30330,1
8995,23131,1
5358,20692,1
4779,49663,1
3679,26526,1
6778,21388,1
621,45287,1
7779,11528,1
3784,33634,1
6451,1799,0
10183,13934,1
3450,40288,1
5340,2601,1
4107,6299,1
5412,19121,1
8377,16288,1
4734,23581,1
4151,2768,1
9695,42912,0
7536,3060,1
2436,8693,0
8510,46572,0
3207,29946,1
4973,2972,1
3371,25445,0
1598,30002,1
11011,35615,1
300,48840,1
10703,39643,1
6309,33678,1
9857,22590,1
10672,792,0
23,19672,0
6424,46733,0
8442,13114,1
10906,5633,0
5612,16036,0
5361,13709,0
10096,4483,0
6232,3133,1
2648,14866,1
3456,30870,-1
6200,21889,1
3150,49694,0
2139,5344,0
1982,4040,1
11133,47763,1
9622,10021,1
7060,1901,1
9638,29501,1
2618,32096,0
4378,7870,1
1791,32874,0
11108,22476,1
7785,30106,0
8577,37695,1
8801,4591,1
8809,41825,0
8732,48039,0
133,35962,0
5001,17012,1
3342,21186,1
2031,33165,0
10483,5318,1
9876,42170,1
499,11011,0
591,17261,0
2974,42761,1
5761,44097,1
7623,48053,1
4690,32334,0
5377,1709,1
3282,40592,1
7262,12982,1
3622,41559,1
6710,22682,0
1144,34953,1
1745,14059,1
2101,13019,0
5542,18177,1
5556,48295,0
10979,7925,0
6483,45991,1
2532,33396,0
5247,43265,0
5420,46802,1
2002,35246,1
11054,772,0
9148,34731,1
5130,23770,1
10035,12399,0
1993,6620,1
3687,37682,1
2629,37644,0
6982,19174,1
5516,43963,0
3431,36182,1
7216,39540,0
6228,19678,0
9985,14661,1
6978,16731,0
5046,37570,0
9082,3306,0
6916,28828,1
6606,4399,1
2093,23800,0
5919,27104,0
6079,19133,0
2128,35211,1
3754,7615,0
4002,24420,1
6285,12723,1
4038,47385,1
10126,19439,1
9586,21360,0
4714,16323,1
7214,32691,1
2990,4649,1
4024,41573,0
3273,7054,0
3258,40956,1
2418,5685,0
9729,11560,0
9982,31741,1
2372,27569,0
2475,18291,1
6238,36380,1
8871,26695,1
518,43150,1
9049,4593,0
9325,36735,1
2702,34355,0
6148,15523,1
5408,4640,1
2187,45295,1
5370,10894,1
740,41930,1
8071,5203,1
10658,32643,1
8714,37027,0
10981,47492,1
7532,105,1
3519,11697,0
5309,44287,1
8260,25792,0
985,2001,0
10054,46108,1
6291,46305,1
7104,8113,1
6931,2845,1
5788,13844,1
8206,14559,0
6867,42601,0
4985,24209,1
5365,38021,1
3446,31096,0
9432,462,1
5501,24270,0
492,19878,1
667,26994,1
7622,5249,1
10987,39033,0
5407,24413,0
7529,40196,0
3707,32110,1
8051,47456,1
945,27937,1
6859,35370,1
10397,7424,1
3132,45836,1
1242,48650,0
2827,3845,0
3033,31854,1
596,21952,0
824,41313,0
7814,41331,0
3128,43340,1
2758,16460,0
10283,14992,0
6500,248,1
9925,7499,1
1562,43040,1
8088,10072,1
4862,44762,1
5339,32871,-1
3594,12446,0
7159,2555,1
2370,3486,0
7093,17285,1
3469,29580,1
8509,49096,0
4517,984,0
9851,35954,0
4776,26822,1
9633,1069,0
5458,42888,1
9895,10021,1
8124,23005,0
8656,9271,1
2601,6820,1
4652,45159,1
1304,35028,0
3350,8076,0
3686,31228,0
3401,21351,0
6396,9852,1
10398,5252,1
8467,18200,0
174,42388,1
6585,46707,0
1046,39645,1
9721,7530,1
3604,33476,0
6532,34156,1
4629,12811,1
6376,16717,0
3587,41464,1
8175,19098,1
7669,42042,1
4450,30435,0
4812,8052,1
441,38284,0
3400,36604,0
1032,2539,0
5236,24438,0
18,46906,1
2875,5453,1
3205,31657,1
10103,23187,0
1818,15883,0
351,49021,0
2016,15130,0
7377,18663,0
10042,6841,0
8941,8542,1
7369,22019,1
8276,22925,0
8955,45663,0
2039,40537,0
2851,2782,1
6630,33384,1
10067,49309,0
5728,36611,0
7691,3538,1
6693,9276,1
3286,5644,0
4721,42749,1
6720,20588,0
7217,37121,0
8907,20449,0
2515,11091,0
5082,31041,1
7975,42153,1
11036,19740,1
2160,22227,0
996,16185,1
7594,37215,0
9484,29266,1
2712,33448,0
3382,900,1
669,44838,0
9572,15807,0
1548,31838,1
8800,41719,0
5801,13490,0
8123,39171,1
1108,14748,0
9486,40393,1
3639,43065,0
3786,5473,1
793,44786,1
8840,8981,0
7198,12352,0
701,10096,0
8669,32958,0
10140,30919,1
1295,39762,1
10718,31631,1
6647,24633,1
9741,29443,1
10790,33370,1
10436,23502,1
6177,19811,0
1743,10986,1
8755,49444,0
2817,26999,0
6442,38002,1
3096,1236,0
8135,27769,1
1211,46662,1
10026,46014,1
8059,45047,1
6703,28048,0
10886,42663,0
5175,7507,1
3191,2793,1
2837,9626,1
6702,24200,1
1842,22725,0
7457,42668,1
2342,18937,1
3849,38475,1
7309,48569,0
1834,23643,0
6801,42883,1
9750,48500,0
2171,17245,1
4309,9874,0
2689,38650,1
8325,12696,1
8072,13959,1
227,3980,0
9488,11790,0
8696,37685,0
2996,37553,0
2980,7906,1
9140,9752,0
4632,6850,0
3295,14442,1
1095,26516,1
5414,1908,1
126,22145,1
7548,21169,1
9002,17286,1
9937,15221,0
7886,4396,1
5465,34674,1
1368,21223,1
1340,810,1
3056,12154,0
7397,15125,0
3066,1572,0
1055,32402,1
718,1285,1
258,34924,1
6344,12357,1
2225,31939,1
10807,27202,0
3751,19073,1
1498,44369,1
1895,43383,1
3980,9696,1
3775,16311,1
1758,37826,0
3730,12085,0
2747,20843,1
2425,2735,0
4061,25714,1
3087,26055,0
5228,1040,1
2682,41983,1
816,6238,0
612,21315,1
9070,12265,1
2753,17071,0
7741,7677,1
909,33747,1
731,26291,1
8817,9599,-1
10729,33285,1
8151,11009,1
765,44672,1
3208,30205,0
2199,26046,1
636,36553,1
10826,45515,0
5132,44511,1
8168,11594,0
3736,36630,0
3887,27033,1
9425,26306,0
1788,19365,-1
7679,9112,1
10684,8447,1
3709,6952,1
8000,33530,0
3960,5207,1
1866,10706,0
3363,25174,1
2388,49888,1
212,32959,1
9858,3336,1
8382,33297,1
8489,42353,1
8248,15934,0
9000,21082,0
1301,16988,1
7069,16045,0
7370,28278,1
10794,23700,1
5525,33078,1
5770,6205,1
3617,13444,0
8820,39702,0
5722,12958,0
10316,19352,0
3595,27561,0
10547,37959,0
2501,3269,0
9830,7574,1
5983,47168,1
7567,18683,1
8326,28172,1
5632,9164,1
266,5052,-1
2517,34321,1
424,49908,0
1665,2208,0
5606,46727,1
2197,42432,1
7349,1319,1
9564,13476,1
8332,37812,0
1036,18816,0
10762,47531,0
1229,32361,1
4406,11121,0
10127,25298,0
7747,44463,0
5143,39219,0
1783,40874,0
2944,24332,0
7311,13887,0
7791,7479,1
5535,4889,1
4653,13293,0
1410,49431,0
7909,2481,0
2671,46235,1
2525,6093,0
10593,27916,0
10638,18820,-1
8888,27617,0
3265,21725,1
5734,43082,0
9202,6229,-1
1870,36058,0
1630,16966,0
7883,21815,1
10274,10189,0
10523,41770,1
7664,8521,1
4511,2838,-1
6477,22488,1
10215,16117,1
8016,16260,0
5219,47210,1
2999,34288,1
5273,33159,1
3283,23004,0
3100,1969,0
7774,6061,0
1414,2925,1
676,46278,0
152,2921,0
6952,25318,1
9263,32900,1
1206,10647,0
9315,46716,0
581,18160,0
6893,28704,1
9160,11523,1
9946,9730,-1
8108,50034,0
2154,36126,0
230,22129,1
6042,35976,1
8645,38495,0
7232,32371,1
6193,7834,1
8890,40076,1
1027,4267,0
9587,14355,1
10525,37282,1
6253,26509,1
3439,48476,1
1193,1284,1
7719,44006,1
3852,26872,0
4888,19663,0
2420,5649,0
4583,32964,0
114,30015,0
5086,35861,1
2847,3461,0
2807,32297,1
8977,37646,0
3328,35198,1
9452,34919,1
5743,48842,0
6434,2041,1
5204,16512,0
10743,39585,1
2417,33499,1
3162,27045,0
1372,42879,1
12,41416,0
7680,8018,1
6415,12030,0
5672,12771,1
10769,42474,0
10421,10907,1
6432,40484,1
10401,8400,1
2481,42947,0
9443,45630,1
4633,40038,0
5862,7310,1
9308,767,0
7189,19850,0
6316,30713,0
5686,47148,0
8062,23410,0
2803,32313,0
6073,31955,0
2748,49665,1
7304,8856,0
6566,15565,1
295,17785,0
2985,48898,0
1049,39490,0
400,34528,0
9848,159,0
8694,14202,1
5707,23971,0
6225,31107,0
10777,38321,1
8974,4027,0
7713,37291,1
10144,608,1
5550,22515,1
5642,35024,0
10461,21721,1
7129,43200,0
9110,42163,1
9320,39809,1
3022,28940,1
588,40281,1
5097,35406,1
1760,38730,1
9178,26069,0
3338,5932,-1
9313,27268,1
1171,23883,1
2835,17793,1
3483,23096,0
1260,46699,0
6578,8796,1
11093,30187,1
11040,147,0
6115,35285,0
31,16759,1
8937,1044,0
2822,7676,1
42,9831,1
1451,45883,1
6192,37220,1
1450,5466,1
3708,12327,1
5614,77,1
2565,16912,1
3844,28200,0
10218,37494,0
7676,18346,1
5209,36739,1
5534,22549,1
9943,1462,0
1056,22372,1
9434,45279,1
4771,28308,1
4753,26792,0
2563,26456,0
5332,49392,1
7739,21154,0
10071,42739,1
5648,10897,0
7180,4638,1
1999,6411,1
2489,44333,0
4010,49451,1
9522,49905,0
10611,47623,1
5268,18614,1
5135,47804,0
8435,20488,1
9885,737,1
4424,18834,1
66,5010,1
4402,21800,1
6549,28882,1
8602,10263,1
961,30824,0
8286,43825,0
10351,3959,0
6064,34264,1
958,35219,0
10696,33170,0
9953,36650,1
5005,7280,0
9286,45269,0
7363,29871,0
7056,2470,0
7279,10623,0
6934,37241,0
1182,34592,1
4052,27980,1
6269,19214,1
7090,19126,0
165,38662,1
2158,29107,1
1161,233,1
3343,1607,0
3560,23587,0
5065,35621,1
81,45130,1
3233,39050,0
576,31826,1
6526,37574,1
773,49526,0
3367,45446,1
8015,23842,1
3500,22251,0
4688,43266,1
1447,44643,1
4884,15414,0
3146,3082,0
658,40779,1
9789,33952,0
7402,17090,0
2708,22742,1
190,4898,0
3812,21755,1
10531,3956,0
766,17104,1
5802,15371,1
5283,1324,0
7967,5023,1
844,33579,0
5697,38298,1
3860,30823,1
8131,10719,1
4561,8407,0
4373,46508,1
6404,33328,0
8400,14728,0
8086,46405,0
1309,13800,0
5653,17796,1
8725,7525,1
5506,29420,1
1736,8700,1
7416,24751,0
3408,6571,0
8304,35263,1
6699,24908,1
9609,27085,1
6749,24519,1
2965,43697,1
3835,13311,0
11095,48238,0
6659,43954,0
3799,274,1
10008,25576,0
4403,32707,1
1282,46100,0
6824,14617,1
443,19633,1
4974,36374,1
2690,43664,0
3396,21109,1
5483,44500,0
360,24192,1
10101,21116,0
7942,37840,1
2691,47326,1
10647,6298,0
2157,13235,0
7427,27666,1
8584,24301,0
10667,31435,0
1728,206,1
1526,49576,0
3511,28211,1
8589,44134,0
4990,43869,1
9878,33474,1
9599,5924,0
10598,33025,1
1375,12313,1
6795,1006,1
3961,36930,0
7658,10119,0
8823,10094,1
4524,26335,1
3716,46191,1
8994,6682,0
3901,4933,0
4417,38587,0
270,49830,1
3698,36757,0
2742,33232,0
5324,42020,1
8497,22853,-1
1428,28981,1
10072,481,0
2490,25413,-1
446,5599,0
2181,47695,1
10331,2343,1
2048,13616,0
5508,45734,0
4100,44031,1
3795,11452,1
2752,16206,1
4667,32773,1
1700,46849,1
4433,27654,0
280,18660,0
10940,22479,0
7757,29328,1
4501,2684,0
666,22374,1
3770,29241,1
6458,9395,1
4897,33672,0
8082,46046,1
3088,40954,1
4648,18340,0
4265,14707,1
6445,1854,1
3110,9861,0
5481,45200,0
1115,25137,1
3015,21518,1
6684,17470,0
6489,47899,1
6761,26657,1
10281,48311,1
2867,17759,1
1880,41716,0
9644,34704,1
7506,13595,0
6135,31823,0
3783,40650,1
8593,14613,0
2398,48767,1
8754,16273,1
4355,5620,1
9288,44939,0
2988,14979,1
7854,29540,1
6896,46172,1
3016,1903,0
10074,13358,1
5062,26061,1
1153,4100,1
924,12925,1
5105,5514,0
10334,34580,1
7617,37510,0
6531,42585,1
1694,41718,1
3740,16325,0
6392,34762,1
9099,20766,1
5777,34433,1
4945,47657,1
1157,2578,0
3000,11253,1
10143,13886,0
3905,22367,1
459,8581,1
2759,7140,0
140,4066,1
5624,6626,0
6176,46360,1
5891,43935,1
7238,10709,1
1093,5141,0
6723,47737,1
10119,28052,0
2404,9493,1
3955,18419,1
4806,18044,1
5234,20201,0
2466,18742,1
10805,58,0
1682,27628,0
7947,41673,1
851,41025,0
4926,47346,1
647,26493,0
8034,43643,0
4959,22696,1
2268,30863,1
10076,44303,1
1463,49069,0
10848,33296,0
4860,32600,0
9794,31516,1
10860,43654,1
5965,37743,0
406,18239,0
9222,31807,1
559,48110,0
8798,36596,1
6,9070,1
7487,19048,1
10737,31156,1
2080,28458,0
10898,40917,1
4008,7232,1
4394,6596,1
4314,23934,1
9809,39535,1
7096,30336,1
3563,938,1
4892,20462,0
2303,7761,0
6310,16299,0
4166,17289,1
7951,6732,0
3902,32208,1
1699,21766,0
4903,1162,0
1797,23386,0
8011,14973,1
797,17810,0
75,37020,1
2472,39739,1
1354,36821,1
2510,49443,0
981,355,1
6359,7241,0
526,17558,1
10738,43231,0
8292,23649,0
6807,21436,1
9975,21409,1
10214,30556,0
768,42854,0
6658,4316,1
7798,42776,0
4243,20336,1
2250,20187,1
3908,36560,1
7800,20649,1
6860,46242,0
91,25875,0
4669,42804,1
7866,48763,0
9330,10248,1
5432,6730,1
4466,25890,1
6206,41045,1
9521,49173,0
8853,42748,1
7673,39487,1
3169,7313,0
892,40127,0
6149,40695,0
2780,43330,1
6747,9853,1
341,2345,1
4255,45504,0
6874,11278,1
10995,31012,0
8049,46512,1
5857,44421,1
5698,36284,0
1943,37452,1
1138,33824,1
9821,19281,1
10049,25616,1
7553,16917,0
5115,43933,1
1297,48127,0
9349,43823,1
4150,29281,0
10130,46519,0
9927,40945,0
6268,19266,1
7026,24697,0
4624,3073,1
8995,49439,0
5358,47119,1
4779,28478,0
2561,30232,0
2173,30706,1
621,6750,0
3784,24304,1
6451,3384,0
10183,39692,0
5476,42589,1
5340,15856,1
7536,42584,1
7611,994,1
6276,7680,0
9626,12449,1
4973,1070,0
3371,37457,1
1598,22600,1
4684,19833,1
1515,27067,0
7580,10817,1
11011,22222,1
300,27576,1
10703,41145,1
11077,12480,1
6766,26468,1
6309,41202,1
10672,44971,0
23,14005,1
8442,44513,0
10906,16356,0
5361,29469,0
5883,40688,1
1762,38042,0
7362,19173,0
10096,17970,1
3673,33788,1
6232,12987,1
7031,32901,0
2648,32229,0
3456,17683,1
2244,29537,0
6200,17978,0
3150,49921,1
2139,7276,0
1982,18921,1
11133,46597,0
9622,3314,0
7060,6692,0
3109,1638,0
2618,947,0
4378,17479,1
1791,22783,0
312,49098,1
8577,44580,1
8809,36968,0
8732,32520,1
133,47320,1
3342,46800,1
2031,1221,0
9253,2668,1
5057,30985,0
9876,9537,0
499,1947,1
10545,23495,0
2974,11733,0
5761,1274,0
4690,16019,0
5377,22931,0
3282,36432,0
7458,34839,1
7262,38511,1
2167,17235,1
3622,46589,0
1144,15462,1
1745,27378,0
2101,47533,1
7325,12222,0
6483,43958,1
2532,45045,1
5247,12095,0
11054,20581,1
9148,46829,0
2235,28217,0
3687,37590,1
7322,45835,1
7589,25370,1
5516,23208,0
5067,39913,1
7356,46511,1
3431,40345,1
9317,14840,1
7216,5873,0
759,12956,1
8934,36048,0
6978,34553,0
5046,22461,1
575,27295,1
2488,39186,1
5466,27223,0
6606,11340,1
9683,23658,-1
5919,14006,0
6079,38425,0
2128,11207,1
6465,25019,1
4002,6495,0
6285,305,1
798,41638,1
4038,36052,1
10126,41835,1
10326,30458,0
10865,18038,1
325,22830,0
7214,27658,0
4024,29327,1
3273,33472,1
3258,7506,0
2418,37583,1
8424,33586,1
2394,44039,1
8792,40510,0
8670,20296,1
9982,29768,0
2372,49143,1
2475,15369,1
1437,35825,1
6238,47552,0
518,22111,1
7239,14971,0
9049,18136,1
9325,3102,1
9945,3189,0
2702,44610,1
6148,1740,1
5408,34422,1
2187,32975,1
740,44180,0
6760,43647,0
8105,42021,1
10658,2585,1
281,26003,0
3519,21892,-1
10168,23101,1
985,47129,0
311,46051,0
10054,41221,1
4457,23389,1
6248,11162,0
5479,20094,0
5788,18711,1
6867,43381,1
4985,17624,0
9642,41466,1
5365,20380,1
10748,6476,1
3446,6614,1
1698,18604,1
5501,44975,1
492,45560,1
667,38326,1
7622,1011,0
10987,15896,1
6464,14383,1
5407,4078,0
3707,40429,1
945,34273,1
3132,29705,1
1068,12435,0
5475,29818,1
1242,2361,1
2827,19800,0
3033,29040,1
596,14804,0
5303,45179,0
3874,44531,1
824,18396,1
2758,40001,1
9437,30006,0
4830,39598,0
10283,2945,1
9925,46540,1
1562,27326,1
5306,38711,0
9194,37293,0
8088,41732,0
5339,43551,1
10365,39742,0
2665,23048,0
7550,23350,1
3546,4085,1
10749,14220,0
2370,27010,1
7093,40481,0
3469,11961,0
7393,13330,0
8631,42428,1
7972,12375,1
5825,45408,1
9851,35090,1
4776,30918,1
907,27806,1
5458,38368,0
9895,3314,0
4141,31118,0
2601,31295,1
4652,6203,1
1304,12817,1
4448,20619,1
3401,46055,1
6396,28484,1
10398,180,0
174,33512,0
3604,9080,0
4629,1837,1
6376,28789,1
8175,10545,1
7669,962,0
4450,6464,0
9543,12403,1
4812,8265,1
441,18378,0
3400,40451,0
2875,21939,1
3205,37021,0
2065,46359,1
9203,13187,0
1818,43019,1
2016,14091,1
2605,40526,0
8496,21033,1
7377,980,1
10042,37785,1
8941,2474,0
2738,8423,0
8276,34465,1
469,6588,0
10730,15382,1
10112,7855,1
8955,29086,0
2039,22275,1
6890,40760,1
1165,34348,1
7054,34527,1
2851,3107,1
2792,30783,1
10067,4359,1
5728,31465,1
7691,15368,1
9952,21885,0
6693,41119,1
3286,28664,0
4721,33067,1
4331,44041,0
5832,48916,1
7217,35048,1
2515,38304,1
5367,17506,0
7975,17996,0
11036,44256,0
2160,42718,1
996,44729,0
70,47746,1
637,46321,0
9484,39553,1
2712,33522,1
669,33718,1
8800,33288,0
8123,31167,1
5342,48680,0
495,46763,1
4389,12122,1
7087,49923,1
5312,37782,0
3639,21864,0
7041,44094,0
714,32982,1
223,6907,0
701,19750,1
8669,1888,0
1295,26110,1
10718,49357,1
9741,24806,0
777,43274,1
9062,26673,1
2578,27281,1
3116,6185,1
5745,16549,1
7573,44504,1
1743,48066,0
7911,1645,1
8755,30908,1
431,580,1
2817,5604,1
6442,38572,0
3096,30781,1
11037,17530,1
8135,49168,0
1211,7735,1
2243,690,1
10026,18277,1
8059,11078,1
6703,42735,1
10886,10968,0
2837,40119,0
6702,6333,0
2342,20577,0
5511,15322,1
7309,7512,1
1834,44277,1
6801,43608,1
9912,11501,0
4309,13380,1
8749,30193,0
2689,28504,1
5667,532,1
8325,3382,0
9473,32260,1
8072,36086,1
7210,37919,1
9488,242,1
2593,36891,0
8696,36799,0
2996,3140,1
2980,48194,0
2577,31367,0
9140,11425,1
4632,47914,0
9303,36653,0
1095,2625,1
5414,853,0
126,21464,1
7548,4612,0
9002,33619,1
9937,9263,1
5465,16906,0
1368,36436,1
1340,8409,0
3056,1803,1
4761,47093,1
7397,37274,1
3066,27395,1
1055,4579,0
5084,17890,1
3281,34486,1
258,47140,1
6344,28101,0
2396,30675,0
10807,16790,1
3751,7688,0
1498,35176,1
1895,45188,1
11123,31209,1
11043,33205,0
3775,42248,0
3730,28853,1
2747,14729,1
7760,2413,1
2425,36483,0
4061,1234,0
3087,19496,1
3989,32716,1
5228,11058,0
7508,7931,1
816,30334,0
9070,20522,1
2753,8677,1
8339,8927,0
1767,3290,1
9024,28748,0
909,27012,1
38,35321,1
10588,16993,1
9640,42120,0
8151,3917,1
765,8329,0
1128,40769,0
2199,34897,1
6330,29699,0
636,5180,0
10826,40231,0
7632,12047,0
5132,14551,0
774,29563,1
8168,14581,1
3887,44220,0
6752,48212,0
4241,19586,1
9425,10139,1
1788,17761,-1
7679,48071,0
10684,41519,0
3709,726,1
7884,34276,1
10637,49166,0
8195,9942,1
3960,16671,1
3363,42164,1
2388,21615,1
212,33877,0
8382,48391,1
7752,14349,1
8489,45174,1
8248,43061,1
1301,42519,1
5350,16676,0
10794,3926,0
1139,38421,0
5525,44407,0
5770,15663,0
908,11933,1
8820,13847,1
1778,9397,0
10547,21040,0
2501,45270,0
5034,21708,0
8850,7516,0
4607,34568,1
1513,6435,0
5632,44662,1
266,16587,1
424,21980,0
1665,33865,1
8517,43777,1
7349,36711,1
8332,22271,0
4406,25829,1
9631,15230,1
10127,36586,1
5143,17629,0
8522,19010,0
720,2942,0
1809,37948,1
293,32099,1
5535,29999,1
4653,4499,0
87,25779,0
1410,29550,0
2384,12739,1
2671,39402,1
2525,2956,1
10593,8912,1
10759,14697,1
5734,20396,0
9202,10808,1
7883,22344,1
10274,23132,1
290,13199,0
9532,30658,1
4511,15616,0
6477,19682,1
3147,14704,1
8016,4713,0
5219,34666,0
5868,18267,1
8706,49206,1
5920,27751,0
2999,38428,0
5273,46384,1
10169,45524,0
3100,10955,1
7774,25306,1
1414,28113,0
676,28317,1
6952,20072,0
2799,16057,1
9263,41592,1
1206,30024,1
9315,41887,1
10949,41633,1
1265,3396,0
8560,32387,1
2533,26877,0
4916,14577,0
9160,32243,0
5271,4020,0
689,26294,1
3618,4584,1
6042,23034,0
8645,7406,1
7232,36591,1
8890,34154,1
1027,21958,0
9984,29532,-1
10525,29421,1
6253,36913,0
8689,48321,1
2737,25896,1
8675,12550,0
410,34925,0
7719,14568,1
6258,27681,0
1359,15078,0
3852,23844,0
4888,7175,1
6001,23332,1
2420,48555,0
5086,47774,0
2847,11575,0
2807,36675,0
3630,39622,1
7263,3607,1
3328,45057,0
9452,24105,1
5743,34903,0
8312,5670,1
5204,33252,0
10743,5876,1
2417,40891,0
1372,530,0
12,50031,1
8355,13450,0
8628,48460,1
5270,13729,0
6415,951,0
10421,8102,1
6432,29998,1
5147,13284,1
2481,48616,1
10138,6444,0
4633,6341,1
9308,31355,0
9816,7356,1
7189,18782,0
6316,45584,1
8062,11466,1
6073,15089,1
2748,16230,0
7304,3406,1
295,41495,1
2985,40186,1
1049,41972,0
400,1401,1
9848,44036,0
8694,23428,1
3112,12241,0
5707,30066,0
9709,21804,1
10777,2710,1
8974,18481,1
10144,36300,0
6440,36304,1
5642,15092,0
8920,20440,0
10461,3128,0
7196,3180,0
2239,47379,1
10665,18054,1
1328,31971,1
9110,49626,0
9320,19102,1
3022,32742,0
11060,43358,0
588,13539,1
2295,12823,1
2926,22255,0
5097,127,0
6262,49162,1
9178,41306,0
3338,41499,0
3420,8724,0
1171,9491,1
2835,17654,1
3483,18791,0
1260,22781,0
11040,13454,0
6115,22207,1
31,7442,0
7932,17243,1
8937,35033,1
11033,44705,1
1451,41178,1
6351,37987,0
1450,11385,1
5614,14824,1
2565,331,1
7937,17182,0
7870,26026,1
5633,1715,0
10218,12697,1
1899,11692,0
7676,6827,1
8825,46097,1
2062,46594,1
9434,2290,1
4771,37096,0
4753,43833,1
2563,6526,0
8180,28563,0
5332,3664,0
7739,24057,0
10071,4527,0
3846,42558,0
1999,18819,0
7378,4924,1
4010,566,1
10611,41622,1
5135,3776,0
3322,43148,1
8435,10025,1
5548,6241,1
10149,32984,1
4424,14269,0
66,44320,0
4402,22870,1
6549,27112,0
8602,6859,1
8286,46729,1
6064,18069,1
7013,49230,1
958,33782,0
10696,17626,1
10195,33712,1
5005,10966,0
2746,9466,1
7363,26983,0
8148,42460,0
3047,9464,1
7279,2590,0
1057,45538,0
6934,4436,0
1182,24014,0
11047,4915,1
1755,45899,0
10851,21926,0
6269,40225,1
7090,44106,1
2158,43549,1
1980,23689,0
3343,14722,1
6441,36355,-1
3560,14958,1
1132,35174,0
5065,11343,1
3233,2497,1
576,33453,0
6526,31967,1
4379,33739,0
773,47152,1
3367,44874,1
8317,26383,1
8015,2116,1
10055,25929,0
8580,2023,1
3539,28532,0
4884,5331,1
3146,23660,0
4902,21762,1
9897,10012,1
2708,7104,0
8744,42576,1
190,45586,1
3812,23672,-1
10263,22734,1
10006,47297,1
1037,23311,1
2464,11394,0
911,768,1
2699,35670,0
8328,7900,1
5283,6102,1
844,24452,0
8933,41609,0
8131,29917,1
6166,2574,1
4373,45463,1
8400,19137,1
8838,33762,0
7201,35749,0
8086,12059,0
1309,9668,1
5653,45464,1
9597,7153,0
3408,10212,0
5141,29348,1
8304,25970,0
6879,1034,0
8618,18751,1
9609,30312,1
6749,49701,0
2965,30379,1
3810,8823,0
3835,5590,0
5016,19484,0
7086,13499,1
6659,21761,0
1854,24793,1
2162,15505,0
3799,13987,0
10146,22673,1
8803,38541,1
7641,21642,1
10008,2325,0
4403,5358,1
1282,16175,0
3396,12968,0
5483,10492,0
7942,39862,1
10647,13682,1
2157,26546,1
7427,40962,1
8584,20922,0
3867,17760,0
10667,37447,1
8288,5562,1
1728,27596,1
1526,47417,1
522,14945,0
8589,43694,0
4990,44150,0
9878,42680,1
2937,11514,1
6795,44693,1
3961,6404,1
7504,5280,0
7897,3345,0
7658,15808,0
4524,22110,1
1991,21373,0
3716,4123,0
8994,46777,0
4417,17522,0
10164,45483,0
1302,13174,1
3934,25090,1
108,29051,0
7285,6388,1
8905,45386,1
270,22245,1
6637,36851,0
3698,17975,0
8453,29030,0
2742,10,1
8780,36393,0
5324,1613,1
9780,125,0
8497,47444,1
1428,7136,1
8975,43820,1
2490,44226,0
446,17525,1
2181,43128,1
5778,771,0
5288,22364,0
10331,22794,1
5508,46341,1
4100,29470,1
1800,45938,1
3795,49897,1
2752,5312,0
6402,20331,1
4667,6190,1
1700,7110,0
4433,29606,1
5596,7786,0
280,2392,1
4501,359,0
666,21925,1
2813,17906,0
8082,20775,0
3088,47333,1
4265,42142,0
6445,44451,0
3110,43034,1
5481,32577,0
7489,3049,1
8723,31176,0
1115,20504,0
5892,15911,1
10788,47906,1
5058,43896,1
3015,25856,0
6489,21964,1
1952,35401,1
9244,15217,1
10281,31407,1
1880,37074,1
8593,48641,0
4906,10181,0
8754,7238,1
10817,30064,0
4355,6137,0
1744,41338,1
9288,18223,1
2988,44862,0
9620,36256,1
3016,16361,1
10074,31776,0
8231,30826,0
5062,4022,1
5105,35383,1
10334,9829,0
7617,22702,1
1694,40643,0
10473,35501,0
6392,8418,0
2621,47647,1
7121,24310,1
6946,39846,0
9170,29671,0
3000,22844,0
7929,11543,0
3905,17551,1
459,7825,1
140,9436,0
5624,34725,0
6845,5256,1
2881,26346,1
6176,23926,0
5891,15802,1
7238,22509,1
6723,29002,1
4764,14685,0
10119,2829,0
3897,49271,0
2404,46139,0
3955,28467,1
5234,15141,0
2466,32501,1
10805,2990,1
859,29363,0
7947,34770,1
2589,18498,0
8034,48156,1
4959,49656,1
9689,22135,0
3160,25766,1
1463,34219,1
6948,18802,1
10860,48989,0
5965,30484,0
7634,48528,1
9222,25763,0
8459,45274,1
7835,8342,0
10737,20612,1
2080,16350,0
10898,799,1
4008,33316,1
4314,49288,1
9809,21847,1
8149,36396,1
5863,46612,0
7096,38204,1
10269,15374,1
4892,20778,1
5185,3157,0
2303,48853,1
7951,32235,1
2649,46069,1
2675,42482,1
1699,37355,1
4903,18700,0
1797,45203,1
8011,46166,0
75,45921,0
2472,22396,1
1354,12084,0
2510,40596,0
6359,6967,0
271,1929,1
10738,2407,1
8329,39525,1
9975,25979,0
2540,23924,0
10214,500,1
768,42509,1
2250,7275,0
3908,19557,1
7800,26253,0
6860,19411,1
91,27174,0
4669,422,0
10944,29874,1
9331,16984,0
6969,40452,1
4466,17534,1
6206,49405,-1
3944,15526,1
6869,40101,0
9521,27127,0
3169,47165,1
6149,24826,0
341,1842,1
4730,5411,1
4255,19271,0
6874,36857,1
780,40073,1
6950,14418,1
1435,10684,1
1943,32335,1
1138,8399,0
9996,25788,1
4390,42151,1
7553,29533,0
2623,33777,0
1297,12747,1
4710,29023,0
4150,26749,1
10130,42676,0
3153,35116,1
9927,19198,0
6268,43677,1
7026,41094,1
5358,45653,0
4779,21403,0
3527,23439,0
3679,39081,0
2173,23259,1
6778,39082,1
3784,18975,0
9031,11861,1
6608,47024,0
10183,1093,0
3450,14495,0
8377,10651,1
9461,49849,1
4968,45324,1
4151,9618,1
9695,15543,1
2436,17803,0
7611,33950,1
1515,5440,0
7580,35483,0
11011,17168,1
300,43219,0
3585,5606,1
6309,9720,1
10672,10236,0
23,40091,1
6424,16652,0
10906,36222,1
5612,49066,1
5361,21664,1
5664,45871,1
1762,46837,1
3673,42752,1
7031,33763,1
2648,3223,0
3456,8858,0
2244,34611,1
6200,27550,0
3482,13467,1
2483,18124,0
2139,6018,0
11133,12589,1
9622,21663,0
9638,23988,0
2618,46246,0
11108,2061,1
312,15776,0
7785,23239,-1
8577,42052,0
2329,24687,1
8732,10748,1
5001,24364,1
3342,43208,1
2031,43560,0
9253,40854,0
5057,33111,0
9876,15940,0
499,47619,0
591,40509,0
4690,29858,1
3282,2554,0
7458,1158,1
3622,42298,0
1745,37084,1
3543,26541,0
2101,48495,0
5542,47835,1
6411,47109,1
2532,25179,0
5420,5157,1
9148,28799,0
5130,49707,0
1993,9606,1
2235,33114,0
7322,36773,1
7589,29437,1
5516,28181,1
7356,6972,1
3431,47107,0
9317,29749,1
6228,26160,1
759,39339,0
6924,17008,0
6978,44505,1
11056,37843,1
9082,17064,0
6916,26259,1
7505,42356,1
5153,41054,1
2128,8834,0
3754,10494,1
4002,28301,0
6285,17860,1
798,5757,1
4038,49840,1
10126,41819,0
309,1811,1
9586,25786,0
7214,9456,1
4666,3161,0
3273,21272,1
8184,23567,1
8424,43434,1
2394,27057,1
9729,12135,0
819,16733,1
8670,42256,0
8620,15582,1
9982,11050,1
2475,6058,1
6238,138,1
8871,37254,0
7239,37617,1
9049,28137,1
1289,24435,0
2804,42974,0
9325,31839,0
9945,40369,1
7482,40083,1
1499,5472,1
6148,27663,0
9960,30787,0
5370,6227,0
5690,42222,1
10658,12561,1
8714,6921,1
7960,28469,1
281,28772,1
7532,16491,1
10168,30394,1
5309,2926,1
8260,40181,0
985,19930,0
10054,24279,0
536,26865,1
6248,4946,1
5479,5842,0
1637,6365,1
7104,26525,0
4596,45112,1
4985,2236,0
5365,42335,1
3446,3488,1
1698,6668,0
5501,2078,1
667,8545,0
10987,21469,0
4440,11090,1
8160,16442,0
8702,41481,1
5407,11971,1
3707,34316,0
945,2795,1
6859,24465,0
10397,44018,1
1068,31017,1
3375,32620,1
1242,17600,0
2827,29141,1
3033,1730,0
3237,685,1
596,41263,0
2948,4118,1
7814,42538,0
2758,35429,0
9437,11209,1
10283,17028,0
6500,31106,1
9925,38976,0
1562,14125,1
4862,13565,1
10365,20104,0
2665,24798,1
7550,3783,1
3546,21065,0
5008,19377,1
878,3418,0
2370,2655,1
7093,22517,0
3469,8604,-1
7393,45518,1
8631,19589,1
8509,23373,1
5825,21548,0
4066,25170,0
2364,43764,1
907,49871,1
5458,26029,0
9895,21663,0
4141,28979,1
2601,45448,1
4652,15644,0
1304,30249,1
3686,33791,0
3401,20634,0
6396,16196,0
6585,13999,0
2848,22047,1
1046,16166,1
9721,26265,0
6532,12650,1
4629,38281,1
6376,41577,1
4450,4757,1
441,2507,0
1032,15144,0
18,14422,1
10103,175,1
2065,50053,1
9203,2269,1
1818,49226,0
2016,34010,1
8496,19188,1
7377,42559,0
10042,41450,0
792,38233,1
2738,24208,1
7369,40734,0
4382,1790,1
8276,19017,0
469,38810,1
10730,10298,1
6890,4200,0
6630,22576,0
1058,30554,1
7714,8919,0
4180,20367,0
9952,2758,1
3286,49959,0
6552,25349,1
4721,5396,1
4331,5087,0
5832,32469,1
7217,34891,0
8907,13903,1
2515,29482,0
2719,10544,1
5082,20721,1
7975,3077,1
11036,39072,1
7594,37340,1
9888,15917,0
9572,8731,0
8800,4839,1
9486,39420,0
8142,23747,1
5312,28966,0
8614,48464,1
9731,26218,1
714,15350,1
10297,27291,1
701,14334,1
5301,32980,1
8669,21155,1
10140,13173,0
10718,14678,1
9741,22842,0
9062,24608,1
5645,25561,1
6177,14605,1
1743,26778,0
7911,13252,1
8755,10273,1
2817,45029,1
6442,7354,1
3096,3559,0
11037,3692,1
8135,16983,1
4584,42945,1
7654,10491,1
1211,11548,1
2249,5606,1
6635,12100,1
8433,25816,0
6703,28594,1
10886,32058,0
5175,47016,1
3191,11875,0
2837,21504,0
9076,41942,1
1162,37458,0
2342,14472,0
5511,34265,1
6009,26288,0
6801,19689,1
2171,15778,1
8749,12458,0
9473,26475,0
227,20966,1
9488,25757,0
2593,25365,1
8822,33736,1
8696,6804,0
2980,6020,1
9140,30393,1
3295,13938,1
5414,47847,1
9054,43307,1
7548,7945,1
9937,10005,1
7886,575,0
5465,43249,1
8538,47017,1
1340,43847,0
643,13821,1
3056,32823,0
1815,3310,1
3281,43548,1
258,43787,1
2225,11898,1
10807,8082,1
1656,26844,0
1895,12366,1
11043,24221,0
6175,9995,0
7760,49964,0
2425,45790,0
5228,48354,1
7508,35098,0
2682,17347,0
816,12331,0
612,502,1
9070,20131,1
2753,9133,0
1767,18707,1
9024,3204,0
38,16670,1
9040,46962,-1
9640,43972,1
8151,48267,0
3208,43312,1
1128,23115,1
2199,24622,1
4874,42486,1
6330,31930,1
636,553,1
10826,48003,0
7970,25962,0
769,33843,0
344,38508,0
774,48351,-1
8168,28477,1
3887,2036,1
6752,21160,0
4241,9348,1
9425,3679,0
10684,47739,0
3709,37857,0
7884,41536,0
10637,45152,0
8195,21511,0
3960,38980,1
1866,19820,0
3363,48297,1
1226,5250,0
212,47506,1
8382,1952,1
7752,44425,0
8248,14016,1
9000,26063,1
1301,44206,1
5350,8141,1
7370,33409,1
10794,11934,1
1139,25845,0
5525,46105,1
3617,34973,1
908,16312,1
3595,15880,0
7991,20978,1
10547,8030,0
8815,29684,1
2501,1892,1
5034,26201,0
8850,49686,1
1513,24046,0
8326,17323,1
266,26671,0
2517,7478,0
1665,37341,0
1941,16704,0
619,17742,1
7349,32793,0
9564,13356,1
7651,17742,1
5410,26254,1
1036,4779,0
4406,18766,1
9631,730,0
5143,43997,0
1783,15786,1
2944,33272,0
8522,44878,0
720,25084,1
7311,39580,1
1809,40924,1
8503,45666,0
7791,4587,1
1410,34048,0
7909,27216,1
2384,27919,0
2671,39989,0
3265,5673,0
8351,23222,0
1870,32740,1
1630,2565,1
10274,40689,1
4511,7563,0
10215,22560,0
8016,38799,1
5920,20406,0
2999,35018,1
5273,40314,1
10389,20741,1
7774,5137,1
152,47943,0
6952,34818,1
6857,1449,1
1206,43537,1
9935,18027,1
1265,6345,1
2786,8277,1
6515,43667,1
581,25764,1
6893,571,0
9160,15237,1
8108,9148,0
5271,326,0
6031,12186,1
230,30248,1
3618,32571,1
6042,6675,0
8365,10839,0
8645,8105,1
7232,17189,0
9367,40567,1
6193,49251,0
1027,18811,1
9984,27888,1
9587,26156,1
10525,19469,0
6253,24185,1
6621,8601,1
5109,6532,0
8675,28758,1
4261,36477,1
6258,45671,0
1359,12653,1
3852,10605,1
5622,101,1
4888,41959,0
6001,3573,0
2420,28969,1
4188,42079,1
5086,10914,1
2847,9159,0
2807,23653,0
9111,19863,1
8977,33043,1
8704,29862,0
8044,48276,1
3328,12126,1
9452,48936,1
8312,9469,-1
6434,35434,1
5204,2516,0
2417,898,0
3162,17446,-1
12,9902,0
8355,39262,1
7680,7246,0
8628,30123,1
5270,42534,1
5672,49442,1
10769,35340,1
767,27387,0
10421,47328,0
8439,24448,1
6432,14470,1
5147,36479,0
10138,26708,1
4633,42284,-1
9816,39009,1
6316,32562,0
5686,12455,1
217,47997,1
2803,12253,1
6073,11362,1
7304,5154,0
295,20185,0
2985,24521,0
1049,45257,1
9848,40277,0
3112,8389,1
5707,28403,1
6225,47887,1
10777,45823,1
7713,13483,0
10144,35182,1
5550,35446,1
6440,45923,1
5642,33425,0
8920,33653,0
10461,36696,0
10867,17092,1
7129,49220,1
2239,27116,1
10665,9123,0
1328,36248,0
9110,43592,1
11060,9535,1
588,28272,1
2295,21935,1
2926,12942,0
1760,23462,1
923,23892,1
6101,33030,0
9178,35430,-1
3338,19768,0
9313,23015,0
3483,16217,1
6578,38063,1
11093,40915,1
11040,27238,0
31,12248,1
7932,4894,1
8937,20092,0
11033,16156,1
42,35875,1
1450,37044,0
10311,37348,0
7937,31793,1
3844,49007,0
5633,35276,1
7676,12852,0
5209,35743,0
2062,43435,1
9943,32407,1
1056,29798,0
9434,47450,0
4771,35860,0
4753,31622,0
2563,47978,1
5890,42022,1
5332,17002,1
7739,29192,0
5648,41636,1
3846,4520,1
1999,47332,1
7378,19357,0
9522,46798,0
5268,48598,1
5135,46724,1
8435,41534,0
6811,31877,0
10149,7352,0
9885,1061,1
4424,29807,0
6549,40113,1
9090,39747,0
961,16571,1
3227,41497,1
958,46892,0
10696,30143,1
9953,23823,1
5005,48153,1
9286,7500,0
7363,30760,1
7279,7266,0
1057,6911,1
6934,27486,1
1182,3166,1
11047,42971,1
10851,17481,0
6269,19871,0
2158,47136,1
1980,2090,0
1161,42510,1
6441,37455,1
1132,24807,1
5065,19889,1
81,28649,1
576,15870,1
773,11032,0
5937,19873,0
3367,27716,0
8015,11832,1
3500,36582,0
6453,31426,1
7402,25243,1
8744,20354,1
3812,10434,0
10006,29072,1
1037,12813,1
10371,27246,0
5802,8462,1
911,35632,1
8328,12280,1
5283,2465,0
5697,25313,1
4561,6981,0
6166,36151,1
10706,41126,1
7421,17474,1
8400,38277,0
7201,24368,1
8086,39655,1
1309,35205,1
5653,16721,1
8725,1904,1
3054,34322,1
2891,21232,1
7416,42566,1
3408,29746,1
5141,14436,0
8618,13717,1
9609,10266,0
966,19282,1
6749,888,1
2965,6769,0
3810,34771,1
3835,44400,0
11095,29356,1
10208,44406,1
5016,49918,0
7086,32503,1
1854,46499,1
2162,18786,1
3799,42837,1
10008,33731,0
4403,16330,0
1282,28378,1
6824,31595,1
7051,2844,1
5043,40740,1
2690,42351,0
10139,27331,0
5483,32200,1
7942,22769,0
6789,1378,1
2691,26274,1
10647,24337,1
2157,6262,0
7264,7031,1
8584,33503,1
3867,13135,1
7901,25685,0
10667,41961,1
8787,39926,1
8288,46942,0
1728,26781,1
3511,3402,1
4990,26863,0
9878,22531,0
2937,47447,1
10598,14333,0
1375,7868,0
3961,14794,1
7504,2383,1
7811,49904,0
4819,13244,1
7897,26011,1
7658,33312,0
8823,5933,1
1991,40790,0
3716,8316,1
8994,20603,0
4417,29220,1
10164,23901,1
1302,14524,0
1716,39040,1
8905,24032,1
6637,31395,0
3453,26471,1
3698,42756,0
5896,29385,-1
8453,10475,1
2742,45545,0
8780,34108,1
5324,26689,0
9780,5400,1
8497,3768,1
1428,41155,1
10072,4626,0
2490,20650,0
5778,17070,0
5288,46779,0
4158,7974,1
2048,17021,1
4100,3451,0
3471,39701,1
2752,22463,0
6402,27253,0
4667,38445,1
1700,1304,1
4433,9991,1
280,32946,1
7757,543,1
4501,22763,1
666,10267,1
3770,6561,0
8082,33556,1
5439,13618,0
3088,2281,1
4648,34634,1
6445,47489,1
7489,9554,0
8723,26480,1
1115,42656,1
5892,41071,1
5058,7550,1
3015,34376,1
1952,28147,1
6761,15367,0
10281,15854,0
2867,42366,0
1880,23834,1
7506,43011,1
3783,14173,0
9270,49703,0
8593,4043,0
4906,39260,1
685,2868,1
1293,19066,0
8754,5163,0
10817,33830,1
9288,25348,1
7854,42546,0
3016,25966,0
10074,38817,0
7066,8482,0
8231,22512,1
1153,34656,0
924,34454,0
5105,21791,1
10334,22985,0
6531,34231,1
10473,9170,0
6392,48312,1
2621,45013,1
9099,11,1
6946,27410,0
5777,37386,0
3000,44976,1
10143,49805,1
3905,38030,1
2759,9844,1
140,2180,1
5624,36113,0
6845,30479,1
5891,1253,0
1093,6736,1
6723,34623,0
10119,7154,0
3897,26325,1
2404,40323,1
4806,24559,0
859,14170,1
1682,24143,1
7947,32230,0
647,1453,0
2589,26062,1
3315,38882,0
4959,30252,1
4736,17257,1
889,20076,1
1463,48588,0
10848,37621,0
6948,49006,-1
4860,28958,1
10860,10797,0
7634,41476,1
406,14938,1
8798,44053,-1
6,19859,1
7487,19401,1
2713,3206,0
10737,7221,0
2080,9101,1
10898,24732,0
10028,42691,1
4008,22904,0
4394,38339,1
4314,15723,0
9809,46914,1
3914,45781,1
5863,32806,1
1808,2980,1
3563,16316,1
4892,25640,1
2303,3916,0
9415,10193,0
7951,15136,1
3902,2030,1
1699,40712,1
8011,19592,1
797,24532,0
2472,32091,0
1354,48232,0
981,44871,1
9035,30169,1
8292,32391,0
6807,28425,1
9975,26810,1
2540,14200,1
4793,37536,0
3409,39638,0
6658,39905,1
8114,14045,0
6860,7842,1
91,30513,0
4669,13446,0
6315,45945,1
4932,46453,1
10944,43032,0
9330,2570,1
10708,33914,1
9168,44548,0
6206,47145,0
3944,27948,1
6869,28257,1
9521,11198,1
7673,31824,0
3169,6718,0
2780,3299,0
6747,17928,1
341,48997,0
4730,7418,1
9802,27573,0
8049,8080,0
1239,1990,0
5698,43066,1
1943,45406,1
1138,10019,0
4390,29332,1
10595,24969,1
10049,30648,0
7553,4144,1
4710,31615,1
4150,45808,1
6268,19965,1
4624,47137,1
8828,33940,1
4779,16038,1
3527,28860,1
2561,2753,1
3679,20566,1
2173,35210,1
621,3200,0
7779,39895,1
3784,42184,1
9031,45296,1
6451,35622,1
3450,17622,0
5340,31443,0
4107,5276,1
8377,35124,-1
2246,22797,0
4968,22521,0
4151,3355,0
7536,28488,1
2436,32921,0
7546,8138,0
7611,44009,1
6276,5208,0
4684,987,1
1515,5387,1
11011,40889,0
1259,49544,1
10703,8767,1
6766,6897,1
3585,36637,1
10672,29729,1
10098,22415,1
5612,25892,0
5664,9017,1
7362,3309,1
3673,48906,1
6232,16120,1
2648,19223,1
3456,4603,0
2244,24345,0
3482,44912,1
2483,46479,0
2139,48639,0
1982,42162,1
10152,11725,0
11133,25537,0
9622,20383,1
6561,23003,1
7060,14808,1
9638,691,1
2618,44764,1
4378,16791,1
7785,10510,1
2178,2331,0
8577,5530,1
3342,40593,1
9253,46329,1
5057,13435,0
10483,43904,1
9876,28233,0
591,37321,1
10545,27742,1
2974,37584,1
7458,6000,1
7262,8300,0
3622,14937,0
1144,22532,1
3543,14423,0
7325,38218,1
6483,28134,1
2532,43482,1
2002,28552,0
11054,10504,1
7858,10813,0
9148,15401,1
5130,44143,1
3687,30964,1
2629,11986,0
3797,31250,0
7322,29486,1
7589,16170,1
6982,23213,0
5516,43509,0
5067,48675,1
3431,44222,1
9317,18021,0
7216,31257,0
759,8923,0
9985,42426,1
8934,32510,0
6924,13047,1
6978,14912,1
575,16476,1
11056,14167,1
9082,27816,1
6916,49458,0
5466,45230,0
6606,9659,1
9683,11757,1
5153,39400,1
6079,27960,0
9297,47857,1
3754,21882,1
4002,20182,0
6285,20399,1
10126,22885,1
309,5699,1
9586,25592,1
10282,33209,1
10865,16141,1
1496,33224,1
7214,38167,1
1603,22726,0
1739,10099,0
2990,43947,1
4024,9532,-1
3273,46236,1
2418,19939,1
5908,41613,0
8424,30613,1
2394,9511,1
903,5870,1
8792,49518,1
819,22527,1
8670,13428,1
6871,28601,1
2475,35195,1
10225,25438,1
518,37272,1
7239,24398,0
9049,15604,0
2820,37118,1
9325,8689,0
9945,889,0
2702,6793,0
6148,15431,1
9960,13567,1
5370,37794,1
8071,12945,0
9108,10410,1
6717,11109,0
10658,4868,0
8714,48294,1
7960,37749,1
10981,32750,1
7532,4440,1
3519,18914,1
10168,45806,1
5309,44487,1
6850,34213,0
8260,46022,0
985,7608,1
311,20851,1
4457,22910,1
6248,5549,0
1637,24817,1
7104,34397,0
5788,49342,1
8206,42802,1
9642,35784,0
10748,4124,1
3446,38821,1
1698,19764,1
5501,28531,1
667,27175,-1
8160,22241,0
8702,20941,0
3707,48751,1
8051,24284,1
945,8404,1
1068,35053,1
5475,44502,0
1242,6639,0
3237,44632,1
596,13273,0
2064,46125,0
3012,16950,1
824,7245,1
7814,6157,1
2995,26127,0
9437,31718,1
10283,32152,0
9194,28701,0
8088,48104,1
4862,44193,0
5339,27312,1
10365,23974,0
2665,6751,0
3546,41478,1
7159,16908,0
7093,40008,0
3469,36316,0
8631,12960,1
8509,9924,0
5825,28464,1
9851,22628,1
9895,20383,1
4141,10660,1
8656,14323,1
1304,35146,0
4619,22916,0
3686,14898,0
3401,39086,1
6396,36708,1
8467,46231,1
9899,44263,0
6585,1818,1
2450,49680,0
1046,36320,1
9721,8723,0
4629,17994,0
8175,43821,1
4812,46255,1
441,35893,1
1032,19132,1
2065,39541,0
351,47793,0
2016,42453,1
2605,14499,1
8496,16265,1
8941,259,0
2738,3160,1
4382,12772,0
8652,33652,1
8276,38805,1
8955,39652,0
1165,12082,1
7054,1833,1
6630,24002,0
2792,1549,1
5728,1555,1
7714,7828,0
4180,36329,1
6693,4210,1
3286,43409,0
6552,14156,1
5832,2272,1
7217,35494,0
8907,23278,0
2515,29352,1
5367,49611,1
7975,8750,0
11036,9208,1
7594,2277,1
9484,25598,1
2712,20126,1
3382,14363,1
9572,31965,1
1108,13431,1
4866,24305,0
4389,35868,1
5312,24342,0
5137,15345,1
3639,34149,1
3786,17644,1
714,32295,0
10297,27448,1
223,15397,0
701,5223,1
10140,48998,0
1295,7021,0
3155,35480,1
9741,27498,0
777,34835,1
2578,19011,1
3116,38160,0
5745,21922,0
6177,5795,1
7573,12932,1
6442,21858,1
2998,36902,0
8135,48698,1
1211,45280,1
2249,36637,1
1408,46691,1
7608,8622,1
6703,9222,1
10886,29203,1
5175,42435,0
3191,11539,1
2837,11485,1
6702,17607,0
1162,24110,0
7457,17867,0
2342,35378,1
3849,4278,0
10864,6161,1
6801,12243,1
9912,39002,0
8325,1032,1
8072,7335,0
7210,37170,1
9488,37658,1
2593,5547,0
5414,12556,0
9054,40530,0
1689,2785,0
126,42343,1
9002,9432,1
1340,1420,1
643,1893,1
4761,3585,0
7397,32488,0
1815,32176,1
3281,29043,0
718,21788,0
258,30079,0
6344,4070,0
10807,11495,1
7837,40319,1
1895,6099,1
6427,28433,1
11123,752,0
3775,47395,1
7760,42541,0
2425,31258,0
5228,8880,1
7508,41188,1
2682,45410,1
816,42797,0
612,32484,1
9070,20323,-1
2753,19283,0
1767,24939,0
7741,41686,0
38,1652,1
9040,4014,1
10588,26222,0
3219,22960,1
11134,43529,1
8817,3831,1
765,27869,0
1128,40069,0
4726,1026,1
2199,25780,0
4874,44988,1
10826,35721,0
5132,32732,1
7970,30943,1
774,22868,1
3887,47406,0
6752,8958,0
4241,20228,0
10684,41196,0
3709,48178,0
7884,4925,1
10637,2690,0
8195,24378,0
8000,40610,1
3960,35560,1
7727,15164,1
3363,18302,0
7295,31956,1
2388,34582,1
1226,11584,0
8382,3761,0
7752,10254,1
8489,3941,1
1301,28720,1
7069,4242,1
5350,16202,1
7370,26545,1
5525,44540,1
5770,31539,1
3617,42116,1
616,45934,1
908,24128,0
8820,32956,1
1778,22518,0
3595,49619,1
7991,40164,1
8815,16145,1
2501,940,0
5983,47891,0
8850,42809,0
7567,45458,1
4607,26574,1
5632,1459,0
266,6520,1
2517,22587,1
10151,1737,0
5606,23116,0
2197,29716,1
7349,10353,0
9564,28334,1
8332,10059,1
1036,3611,0
4406,37097,1
9631,3901,1
10127,9319,1
7747,20398,1
5143,22543,1
1783,33534,1
6016,2937,1
2944,35661,1
8522,21470,0
720,25642,1
7311,22273,1
1809,7057,0
293,3185,1
7791,8994,0
5535,3184,1
87,20669,1
1410,29932,1
7909,22662,1
2384,3296,1
2671,29061,1
2525,16969,1
10759,43514,1
6277,29654,0
8888,22736,1
3265,10154,1
9202,21411,1
8351,26076,1
10274,9620,1
290,23485,0
9532,19083,1
10215,37527,1
5868,48379,0
10169,42309,1
3100,4327,1
7774,44197,0
1414,49080,0
676,1592,0
152,13280,1
2799,35892,0
9263,42525,1
1206,12497,0
1265,9485,1
2786,17887,0
2533,35574,1
581,14567,1
4916,13979,0
9946,35828,0
5271,18062,1
2154,29641,0
6031,4284,1
7754,27227,1
230,9372,0
3618,11784,1
6042,36566,1
8365,34810,1
8645,2367,0
7232,35748,0
6193,36473,0
8890,48678,0
9984,38235,1
9587,37938,0
10525,24821,0
8689,43669,1
2737,36516,1
3439,47337,1
1193,7476,1
4261,47977,0
3497,19144,1
410,47354,1
7719,30225,1
3852,49636,1
4888,49841,1
4583,41926,0
5086,3282,0
2847,39526,1
2807,6192,0
3630,17460,1
9111,40392,1
8044,33711,1
5743,14447,0
6434,49572,1
5204,19691,1
10743,10124,1
3162,11140,1
7680,680,1
8628,38793,1
6415,24546,0
5672,41777,1
767,28579,0
10421,22209,0
8439,31766,0
5147,8708,1
10401,16154,1
2481,6694,1
4633,12732,1
846,15622,0
7189,41069,1
6316,43830,0
5686,7320,0
8062,4458,0
217,2791,1
2803,19260,0
7304,7721,0
6566,7481,1
295,38106,-1
2985,30874,0
1049,20509,1
400,31593,1
9848,49482,-1
8694,21180,0
8974,39480,0
7713,14525,1
2694,15251,1
10144,47007,0
6440,41557,1
8920,26962,0
10461,20427,0
10867,45158,1
7196,28805,1
7129,27862,1
10665,47716,1
1328,25401,1
9110,30994,0
9320,313,0
3022,40364,0
11060,4216,1
588,47883,1
2926,23097,0
6262,33385,0
1760,26649,1
4032,21496,0
923,11821,1
9178,30122,1
7908,23605,1
9313,24412,0
1171,33697,1
2835,45551,1
3483,20077,0
6578,26426,1
11093,37313,0
11040,27242,1
6115,10332,0
7932,10143,1
2822,17407,0
6351,15175,1
10311,10695,0
5614,11838,1
7937,39693,0
5633,10659,0
848,36761,1
10218,13740,0
7676,17197,0
5534,34807,0
2062,7311,1
9943,20796,1
1056,28993,1
4771,2368,1
4753,18257,1
2563,39347,1
5890,7628,0
8180,42750,-1
7739,46109,1
3846,45751,1
2411,27170,0
524,27848,0
1999,47170,1
353,36207,0
7378,10802,0
9522,6250,1
10611,40628,1
5449,33307,1
5268,36976,0
3322,16159,0
8435,35812,0
6811,17159,0
5548,3847,1
10149,20872,0
9885,8181,0
4424,45099,1
8639,22856,0
66,42451,1
4402,17645,1
6549,4747,0
8602,19024,1
961,28443,0
8286,40548,1
3227,48659,0
958,40873,1
9953,47214,1
9286,35854,1
7114,14800,1
2746,49258,1
6800,49711,0
8148,49176,0
3047,45816,1
7279,3946,1
1057,13164,1
6934,33733,1
1182,4401,1
10851,7697,0
4052,26715,1
165,27918,0
2158,44456,0
1980,47212,1
1161,46841,0
3560,45066,0
1132,7750,0
5065,16926,0
3233,24217,0
773,33591,1
5937,16688,0
3367,44950,1
10578,26092,1
8317,43717,0
8015,36083,1
8580,48753,1
6453,30372,1
3146,37763,1
658,9634,1
4902,3696,1
2708,9254,1
8744,4944,0
190,40407,0
3812,24598,1
10371,20744,1
911,309,1
8328,17482,1
5283,19739,0
7967,32883,0
8131,33816,0
4373,10842,1
7421,44038,1
6404,9743,0
8838,7852,1
8086,34809,0
2891,20856,0
1736,43584,1
7416,46413,1
5141,20916,0
8304,43626,1
6879,20802,0
6749,7699,0
3810,28160,1
3835,10045,1
10208,3302,1
5016,46034,0
7086,24065,1
6659,27149,1
3799,38642,0
10146,26490,1
10008,35581,0
4403,29301,1
6824,49360,1
10139,12985,0
3396,25129,1
5483,4318,1
360,18923,1
10101,24106,1
7942,36392,0
10647,20857,1
3867,14169,0
4871,35134,0
7901,22118,0
7444,20159,0
3511,23285,0
8589,25455,0
4990,3251,0
9878,32339,1
10598,35243,1
1375,7693,1
6795,45674,0
2697,16410,1
7229,18273,0
7504,14876,0
4819,30883,1
7897,14207,1
7658,21950,1
1991,32396,0
3716,3313,1
8994,37379,0
3901,11922,0
3934,9449,0
108,38015,1
7285,38424,0
8905,11815,0
270,39889,0
6637,2592,0
3698,28810,1
5896,30998,0
7283,8594,1
7682,47357,1
5324,32134,0
9780,45773,0
1428,16143,0
4823,40833,1
446,47830,1
5288,1502,1
10331,12735,0
104,2511,1
4158,9124,0
2048,4010,1
5508,49515,0
1800,44384,1
6402,15093,1
5596,48325,0
10940,39513,1
7757,41608,1
4501,48405,0
3770,47903,0
4112,4541,1
4897,15563,1
2813,23765,1
5439,7744,1
3088,17492,0
3591,41532,1
4648,2082,0
4265,8116,1
6445,27943,1
3110,12108,1
5481,2767,1
1115,7707,0
6422,8229,1
10575,14879,0
9938,46507,0
6684,25512,1
6489,45020,0
1952,20906,0
9244,33258,1
7723,27525,1
10281,18779,1
834,14947,1
10309,46047,1
1880,43060,1
9644,13869,1
3783,44262,1
9270,7096,0
8593,17369,0
4906,28599,1
685,14637,1
2398,10169,1
8754,46517,1
10817,15531,1
4355,11871,0
9288,44649,1
9620,15294,0
3016,39501,1
5062,13000,1
7617,43376,0
6531,15792,1
1694,8107,0
3740,18306,1
6392,9579,1
2621,31450,0
9099,30298,0
4945,46470,1
9170,9647,1
10143,8965,1
3905,23383,0
459,4793,1
2759,17746,1
140,48465,1
5624,42816,0
6845,20686,1
2881,26142,0
9139,1664,0
5891,39073,0
7238,23985,1
4764,5106,1
2404,26940,1
4806,33388,1
2466,14092,1
9949,43999,0
10805,2790,0
859,21231,1
647,47205,1
3315,41839,0
4959,3159,1
4736,13936,0
2268,44049,0
3160,12583,0
3130,28497,0
1651,48426,0
889,20265,0
1463,151,1
4860,12335,1
9794,39272,0
9222,5100,0
7487,30703,0
2713,34944,1
8459,14608,1
10737,7223,0
2080,27239,1
10898,18345,0
10028,4917,1
4008,49111,1
4394,16937,0
8149,43225,1
3914,24578,1
5863,773,1
1808,43289,1
10269,46150,1
3563,4,1
6806,24488,1
5185,31727,1
2303,18573,-1
6310,12841,0
9415,4767,1
7951,18553,0
3902,42398,1
2675,32321,1
1699,43581,0
797,47254,1
75,35667,1
2472,44449,0
1354,23719,0
2510,42196,1
981,30542,0
6359,715,1
271,1250,0
8329,31213,1
6807,35175,0
9975,12485,0
4793,7827,1
10214,4253,0
6658,31005,1
7798,28952,1
3908,29367,1
7800,43729,1
8114,32781,0
6860,49361,0
91,3174,1
4669,8766,0
9330,26459,1
10708,42007,1
9331,16653,0
4466,42407,1
9168,5146,1
6206,40269,1
6869,6403,1
9521,6197,0
8853,12893,0
7673,8009,0
6747,15924,1
341,29150,0
4730,49728,0
3655,34140,0
4255,47631,1
6874,49814,0
10995,29864,1
6950,40090,1
4071,8270,1
5857,15300,1
1239,6088,1
9996,45767,0
4390,7349,1
10595,29579,1
1297,3938,0
4710,45254,0
9349,17495,0
3153,22746,1
9927,33536,-1
6268,29766,1
4624,46202,1
8995,9665,1
6341,1198,0
8828,36210,1
4779,4938,0
3527,18332,0
2561,2569,1
3679,22666,1
6778,46171,1
621,22557,0
3784,39321,1
9031,4893,1
6451,41599,1
6608,47500,1
10183,47327,0
5476,14694,0
5340,23236,1
4107,29623,1
8377,28242,1
754,8169,0
4968,43309,0
4151,11342,0
9695,34571,1
7536,11289,1
8510,32141,0
3207,1112,0
4973,41042,1
3371,27997,1
1598,16889,1
11011,25248,0
300,7649,1
10703,36315,1
11077,25457,1
6766,43285,1
6309,35469,1
10672,45912,0
6424,13930,1
10906,23047,0
5612,17254,1
5883,21165,1
1762,41855,1
3673,4947,0
6232,4706,1
3456,18985,1
2244,25708,0
2139,8577,0
1982,36663,0
10152,33261,1
11133,44813,-1
7060,34631,1
3109,40681,0
2618,36814,0
4378,720,0
1791,15082,1
11108,39812,1
7785,38485,0
8577,10216,0
8801,18457,1
2329,17976,0
8732,13528,1
10308,44232,0
5001,16187,1
9253,41081,1
5057,34961,1
9876,34144,0
499,7694,0
591,12554,1
10545,33237,1
2974,29617,0
916,48978,1
7623,26305,1
4690,8938,1
7458,2324,1
7262,24569,1
3622,10202,1
6710,47157,1
1745,10923,0
2101,11155,0
5556,19926,0
10979,14928,1
2532,49182,1
9148,40350,0
5130,8528,1
1993,29885,0
2235,16901,1
3687,9865,0
2629,8021,0
3797,16139,1
5516,47689,0
5067,22071,1
7356,12371,1
9317,25379,1
759,19716,1
8934,13996,1
6924,33911,1
6978,43937,0
11056,5193,0
9082,6738,0
5919,42903,0
4002,4077,0
6285,25441,1
4038,46192,0
10126,23919,0
309,1886,1
9586,29945,1
10282,33709,1
10865,42791,1
1496,38979,0
325,20981,0
1739,10662,1
2990,26400,1
4024,40847,1
4666,18024,0
3273,48064,1
8184,37573,1
5908,27619,0
8424,9754,0
903,41342,0
8792,26824,0
819,49702,1
8670,48257,0
2372,32401,1
2475,653,0
6238,24926,0
1855,48721,1
8871,40341,1
518,37999,0
9049,10793,0
9325,5205,1
3246,41501,1
9945,43179,0
2702,44631,0
9960,11143,1
2187,37122,1
740,46025,1
8071,48058,1
9108,18203,0
6717,47217,1
8105,10210,1
10658,46715,0
8714,1118,1
281,31155,1
3519,45474,0
10168,20845,0
985,22972,1
311,24983,0
536,8078,1
6248,7091,0
1123,42814,0
6291,46853,1
8206,11417,0
4596,3414,0
6867,40670,1
4985,20249,0
10748,30924,0
3446,20216,0
1698,23459,1
5501,33098,0
667,13904,0
7622,34205,1
10987,25182,0
7529,13154,1
3707,10956,1
10292,20289,0
8051,19415,0
3132,25654,0
1068,35136,0
5475,24282,0
3375,35978,0
1242,49549,1
2827,35866,1
3033,34000,0
3012,13196,0
824,34460,-1
7814,44736,0
2995,11125,1
1681,24329,0
2758,2820,0
9437,33876,1
4830,11069,1
10283,36107,1
6500,48289,0
1562,40183,0
9194,22237,0
8088,23184,0
4862,27637,0
5339,45094,1
3594,23142,1
2665,43168,1
3546,10768,0
5008,8334,1
878,110,1
10749,44578,0
7393,31410,1
4517,20881,1
7981,12839,0
5825,34377,1
9851,40322,1
907,40193,1
9633,32123,1
5458,44524,1
9895,28849,0
4141,33575,1
8656,6418,1
2601,40991,1
9676,27147,0
1304,18041,0
4619,15219,0
3686,9173,1
3401,28333,1
174,31739,1
2848,49284,0
1046,30825,1
6532,45694,1
4629,27599,0
8175,23829,1
9543,5632,1
441,23510,1
3400,36313,0
1032,2199,0
5236,27853,0
18,22779,0
2875,39221,0
3205,2724,1
2065,13487,1
1818,28889,1
2016,8705,1
10691,25041,1
2605,16656,1
8496,10833,1
8941,10836,1
2738,22383,0
4382,38386,1
8276,46879,1
10112,33467,0
2039,1954,0
6630,19203,0
10067,36659,1
1058,6565,0
9952,43463,1
6693,34567,0
3286,2210,0
6552,48899,1
4721,42923,1
5832,42622,1
6720,4498,0
2515,244,1
5082,40977,0
5367,17884,1
7975,22608,1
9484,12770,1
9888,36900,0
2712,27879,1
1548,10608,1
8800,2093,1
5801,5007,1
8123,48825,0
4866,47436,1
8142,31612,1
4389,47028,1
7087,22142,0
5312,7912,1
8614,30410,1
3639,26159,0
7041,28678,0
793,33162,1
714,37257,1
701,3689,0
5301,18191,0
8669,8344,0
1295,22454,0
10718,37663,0
777,6525,0
6266,30800,0
9062,7830,0
2578,10114,1
3116,47936,0
10436,1113,1
1743,35848,1
7911,22489,1
8755,8360,0
431,10242,0
2817,39048,0
2998,13410,1
11037,23854,0
5972,24348,0
8433,24375,0
10026,6789,1
7608,24610,1
6703,13150,1
5175,16309,0
2837,45187,0
6702,10860,1
1842,34739,1
1162,4451,0
7457,990,1
3849,30854,1
5511,37496,1
10864,40439,1
7309,121,1
1834,4307,0
2108,49649,1
9750,19647,0
10173,9873,1
8325,21408,1
9473,31040,1
9488,45716,1
2593,35510,0
2914,1228,0
9140,9504,1
3295,7511,0
10871,9276,1
5414,22925,0
7548,17202,0
9937,14594,1
7886,22645,1
1368,8269,0
3056,6072,0
7397,21435,0
1815,45382,1
1055,14635,1
258,12467,1
7258,38436,0
2396,44251,1
2225,2824,1
10807,33396,0
1498,34815,1
1656,3368,0
6427,4425,0
3775,8366,1
6175,36398,0
1758,41483,0
3730,48818,1
2747,3970,0
2425,50037,1
3989,4566,0
7508,41022,0
2682,22633,0
816,7505,1
504,16179,1
612,22429,1
2753,25632,0
8339,9385,1
1767,30589,1
38,29935,0
3219,6954,1
11134,26633,0
9640,34642,1
10729,4950,0
8151,2120,0
765,10304,1
3208,47455,1
1128,48362,1
2199,33917,1
4874,26498,1
6330,24321,0
636,47058,1
10826,4502,0
7632,18622,1
7970,807,1
769,34075,1
344,37162,1
774,563,0
8168,30002,1
3887,13061,1
7679,1921,1
10684,10020,1
3709,15303,0
7884,29782,1
10637,21522,0
8195,48975,1
3960,14437,0
2388,40049,0
1226,6845,1
212,15319,1
8382,35899,0
8489,17743,0
8248,10061,1
7069,42213,1
10794,41168,1
1139,19673,1
5525,43744,1
616,38196,1
908,43204,0
8820,11463,1
5722,45959,1
1778,42047,1
8815,35686,0
2501,15916,0
9830,17332,0
7567,45656,1
1513,22171,0
8326,1425,1
5632,35640,1
266,27557,1
2517,34124,0
1665,36928,1
1941,49732,1
8517,49807,0
9564,3699,0
7651,24704,0
1036,10258,0
1229,35912,0
5143,14661,1
1783,12443,0
7311,16534,1
8503,49340,1
4653,29560,1
1410,43216,1
2384,16596,0
2671,18214,1
10759,29305,1
6277,40538,1
3265,27963,0
9202,34045,0
1870,3829,-1
1630,43946,0
7883,26549,0
10274,639,1
10523,3096,1
6477,18778,0
10215,6116,1
8016,22157,1
5219,47698,1
5868,45162,0
5920,9383,0
2999,10164,1
5273,32430,0
10169,11996,1
7774,5442,1
676,47700,0
6952,4742,0
2799,12682,1
9263,16485,0
1206,9737,0
9315,31248,0
8560,7492,0
4246,45548,1
6515,15947,1
4916,50033,1
9160,43791,1
9946,35248,1
8108,2311,1
6031,17983,1
7754,6425,0
3618,26530,0
8365,6990,1
7232,20093,1
9367,48774,1
6193,39021,1
1027,22151,1
10525,16598,1
6253,16692,1
8689,10372,1
5109,15192,1
1193,42613,0
8675,18710,1
4261,21402,1
3497,36119,0
410,22958,0
7719,46702,1
3852,20167,0
4583,45740,1
4188,44576,1
2847,30165,1
2807,15508,1
3630,48552,0
9111,8925,0
7263,14346,1
8977,17048,1
8704,46767,1
8044,1972,0
6434,42086,1
5204,13223,1
10743,39389,1
2417,39364,1
3162,6382,1
12,23149,0
8355,24361,0
7680,37024,1
6415,18734,1
10769,33840,1
10421,6208,1
6432,26102,1
5147,31561,1
10138,584,0
5862,26727,0
9308,17343,1
6316,29194,1
217,29489,1
2803,42249,1
6073,19762,0
7304,2892,1
6566,12136,0
2985,11813,0
1049,5028,0
9848,16967,1
8694,4883,1
3112,19953,1
5707,17560,0
8974,38128,0
7713,1189,0
2694,24524,1
6994,49224,1
10144,14748,0
5550,15750,1
6440,22507,1
8920,17125,1
10461,28922,1
10867,24786,1
7129,31140,1
2239,14935,0
1328,48251,1
9110,44651,1
9320,6667,1
588,9098,1
2295,9350,1
5097,36513,0
6262,37976,0
1760,16531,1
4032,36752,1
923,49332,1
6101,130,1
9178,39755,1
3338,7648,0
9313,1556,0
1171,29223,0
3483,32874,0
4643,28329,0
6578,4982,-1
31,14702,1
7932,45827,0
8937,12193,0
8636,8282,1
11033,11231,1
2822,49048,0
42,48801,1
6351,43458,0
6022,17772,1
6192,25006,1
2565,14273,1
3079,14802,1
7937,46651,0
3844,22618,-1
848,45605,0
7676,26170,1
5209,6644,1
8825,30622,0
5534,10676,1
2062,41261,1
9943,31216,1
1056,33506,0
4771,33688,1
4753,23828,1
771,16959,0
2563,7268,1
5332,24182,0
3846,19425,0
2411,4711,0
524,47565,1
7180,36036,0
1999,43579,0
353,22343,1
7378,1722,1
4010,3972,0
9522,13095,0
5449,24311,0
5268,35431,1
5135,43047,1
8435,29453,0
10149,44527,0
9885,20332,1
4424,3211,0
4402,37949,-1
6549,4334,1
8602,41451,0
9090,1672,0
961,34022,0
8286,39498,1
10351,5576,0
6064,37696,1
3227,32752,0
7013,44128,1
10696,21358,0
9953,47440,1
10195,23334,1
5005,49421,0
9286,30751,0
7114,37817,1
2746,22738,0
6800,28085,1
7363,19026,1
7056,5081,1
3047,44977,0
7279,48679,1
6934,15821,0
8566,19299,1
7090,29696,1
2158,46099,1
1161,13263,0
3343,32932,1
6441,15131,0
1132,30179,1
5065,44821,0
2029,26320,0
6526,32865,1
4379,26628,0
773,40348,1
5937,40856,1
3367,47518,1
10578,14414,1
8317,45047,1
3500,1443,1
4688,28456,0
3539,15668,1
4884,19681,1
4187,26000,1
4902,48309,0
7402,46851,1
2708,1974,1
3812,17505,0
10006,32575,1
1037,5594,1
5802,47063,0
911,5944,1
2699,10239,1
7967,18803,0
844,44516,0
8933,22336,1
5697,10986,1
3860,30903,1
8131,41093,1
4561,9439,1
6166,46456,-1
4373,22574,0
7421,28168,1
6404,14031,1
8838,29681,1
5653,17849,1
8725,49615,1
5506,43689,0
2891,45880,1
9597,34977,0
1736,20184,0
7416,41282,0
5141,371,0
6879,26862,1
8618,33554,1
9609,5583,1
966,49545,1
3810,46096,-1
10208,105,1
5016,34876,1
7086,46562,1
3799,48275,1
7641,11329,1
1282,29580,1
6824,31071,1
7051,25059,0
5483,33567,1
10101,8501,1
2691,46409,1
10647,46435,0
2157,23800,0
7264,14369,0
3867,44668,1
7901,44762,1
10667,48550,0
1728,11236,1
1526,11707,1
522,23813,0
7444,11610,0
9548,857,0
8589,23550,1
4990,40386,0
9878,11876,1
9599,15047,1
2937,22317,1
1375,2344,1
6795,47738,1
3961,17012,1
7504,26967,1
4819,28096,1
7897,2548,1
7658,46028,0
4524,42902,1
1991,38628,1
8994,34298,1
10164,48655,0
1302,4062,1
3934,3539,0
108,4640,1
7285,15370,1
8905,4481,1
6637,2053,0
3453,42118,1
10715,40630,0
7283,38691,1
7682,50024,0
8780,45403,0
9780,48096,0
8497,36625,1
4823,5781,0
10072,49987,1
8975,10166,1
682,46253,1
446,49427,0
5288,7041,1
10331,49133,1
2048,3173,1
4100,20590,1
3795,6820,1
3471,14293,0
2752,2583,0
4667,41318,1
4433,5741,0
5596,31509,1
10940,38858,1
666,9687,0
3770,24527,0
4112,25732,0
4897,33629,1
2813,30086,0
8082,12984,0
3088,7004,1
5285,18375,1
6256,32733,1
3110,48012,1
5481,7741,1
5892,35127,1
10788,2544,1
3015,37934,1
6422,40933,1
10575,12687,1
6684,34604,1
6489,29258,1
9244,24183,0
834,7543,0
10309,45338,1
9644,36370,1
3783,14060,1
8593,9623,0
2644,40799,1
4906,39643,1
685,23559,1
2398,48333,0
8754,42935,0
10817,29027,0
4355,41339,1
9288,6645,0
2988,19754,0
7854,19667,0
2630,48229,0
3016,36014,1
7066,743,1
8231,34886,0
5062,47301,1
5105,18953,1
10334,248,1
7617,33381,1
6531,4745,1
3740,43291,0
6392,38019,1
9099,44162,0
7121,42663,0
4945,18542,0
1157,48692,0
3905,7982,1
2759,8892,1
140,18509,1
5624,33759,1
9139,7731,1
1093,25880,0
6723,43688,1
4764,24306,0
10119,17800,1
4806,27287,0
5234,33837,1
2466,10801,1
859,29899,1
7947,48366,0
647,49016,1
2589,27256,1
4959,3569,1
9689,30121,1
2268,15403,1
3160,11154,1
10848,22314,1
6948,39454,1
10860,9601,1
7634,1506,1
8311,27027,1
406,34778,1
8798,39538,1
7487,23225,1
2713,23288,0
8459,5226,0
7835,9814,1
10737,19828,1
10898,10931,1
4314,31038,1
9809,17801,1
8149,40807,0
1921,34676,1
3914,20555,0
5863,26999,0
7096,21364,1
4892,22729,1
6806,49535,0
583,10685,0
2303,17753,0
4166,36039,0
9415,27632,0
157,13984,0
7951,5094,1
3902,29202,0
2649,3324,1
2675,12939,1
1699,36091,0
4903,10666,1
8011,33283,0
75,32095,1
2472,14304,1
2510,19571,1
981,14555,1
271,6970,1
526,26465,1
10738,8693,0
8329,46335,1
8292,14749,0
6807,12168,0
9975,39205,0
2540,21994,0
768,35683,0
6658,40238,0
7798,37442,1
3908,23231,0
2480,33053,1
6860,34381,0
91,30321,0
4669,41427,0
7866,756,0
6315,18078,0
10944,19555,0
9330,24514,1
4466,48455,1
6206,41066,0
3944,29267,1
6869,8137,0
9521,25506,1
8853,38605,1
7673,38479,1
3169,39190,0
6149,48654,1
2780,5112,0
6747,29680,1
341,9621,1
4730,44121,1
3655,16103,0
4255,24917,0
9802,39478,0
10995,8151,1
8049,20176,0
1435,1321,1
5857,20349,1
9821,45295,1
10049,469,1
7553,45123,1
5115,25350,0
1297,48011,1
9349,48034,1
4150,17776,0
10130,11168,1
3153,47033,1
9927,49115,1
6268,89,1
4624,32155,0
8995,37480,0
6341,9748,0
3527,10579,1
3679,12472,1
6778,14724,1
621,41256,1
7779,15380,0
5281,13844,1
6451,40483,0
10183,37747,0
3450,45040,1
5340,24701,0
8377,25412,0
4968,36292,1
4151,3642,1
7536,27098,0
7546,36367,1
8510,35666,0
6276,41098,1
9626,12698,0
4973,34023,1
3371,6846,0
1598,47544,0
4684,39847,1
300,36024,0
10703,10228,0
11077,5428,1
6766,22181,1
6309,31377,1
10672,10563,0
23,27237,0
10098,47172,1
6424,19887,0
8442,42067,1
5612,21963,1
5361,9985,1
3673,16276,0
7031,45438,1
6200,21015,1
3150,22739,1
2483,32772,0
2139,6518,0
1982,33426,0
11133,34922,0
7060,40406,0
2618,8597,1
11108,39882,0
2178,44539,1
8577,27436,0
8809,47930,1
2329,27143,0
8732,41883,1
3342,18219,1
9876,27775,1
499,49317,0
591,11216,1
10545,250,1
5761,32713,1
7623,11711,1
4690,34861,1
5377,12319,1
3282,1312,0
3622,24317,0
6710,7774,1
3543,6166,1
5542,46529,1
6483,10224,0
5247,34268,0
1534,34206,1
5420,35482,1
216,12399,0
7858,34884,1
9148,20466,1
10035,43399,1
1993,4060,1
2235,40733,1
7589,12097,0
3431,49149,1
9317,12789,0
10133,41162,1
7216,38212,0
6228,16860,1
759,7225,0
6924,45702,1
6978,24369,1
5046,27608,0
11056,48230,1
9683,4439,1
5153,22812,1
5919,4155,1
6079,31414,0
2128,49855,1
9297,3845,0
3754,383,1
4002,32398,0
6285,41442,0
4038,28721,1
10126,18653,1
309,5780,0
10326,36273,0
4714,9109,1
1496,12328,0
325,16973,-1
1603,44903,1
2990,31321,1
3273,20531,0
5908,30822,1
8424,33273,1
2394,21128,1
9729,382,1
8792,11195,0
819,35045,0
8670,1649,1
8620,37730,0
9982,46035,1
6871,2823,0
2372,4053,0
2475,11609,1
8871,18347,0
8886,6044,1
518,37887,0
7239,44278,1
1289,41529,0
9945,28239,0
2702,38506,0
10064,42190,1
2187,9303,1
6760,24633,1
9108,11255,1
6717,35007,0
10658,30761,1
8714,7224,1
7960,48643,0
10981,5029,1
7532,48502,1
3519,23560,0
6850,11297,1
985,36322,1
10054,10161,0
536,46790,0
4457,19811,0
6248,16971,0
5479,8673,0
6291,32791,0
8206,3235,1
6867,37947,1
9429,45173,1
9642,47536,1
5365,5238,0
3446,28618,1
492,24894,1
667,36559,0
7622,49244,1
8160,19979,1
6464,32454,0
5407,37772,0
7529,10513,1
3707,21686,1
3132,48566,1
5475,20516,0
3375,40462,0
1242,4462,1
2827,49899,1
3033,19076,0
3237,41005,0
596,19747,1
5303,22888,0
2064,14059,1
824,21376,0
2995,39208,1
1681,46952,1
2758,12631,1
9437,47331,1
4830,7634,1
10283,14917,1
9925,42834,0
1562,46447,0
5306,35191,1
9194,1984,1
8088,12612,0
10365,4912,1
3546,33505,0
7159,26095,0
2370,26560,1
7093,23563,0
3469,28839,1
8631,9094,1
8509,21120,1
7972,16620,0
5825,45843,1
4066,14176,1
2364,3340,1
9633,18740,1
5458,18200,0
4141,15229,0
8124,4166,0
8656,18657,0
3686,48686,1
4448,49589,1
3401,8088,1
6396,34287,1
10398,36991,1
2450,21151,0
9721,8291,0
3604,19211,0
6532,46392,0
8175,32666,0
7669,5473,1
4812,2769,1
441,34951,1
3400,22570,1
1032,9084,1
5236,18686,1
2875,2793,1
9203,3848,1
1818,33971,0
2016,356,1
8496,20071,0
10042,13266,0
792,2300,1
2738,43939,1
4382,23482,0
8276,30407,1
8955,38142,0
2039,8294,1
1165,30634,0
7054,22686,0
2792,15469,0
5728,30576,0
9952,8785,1
6693,38990,0
3286,45523,1
4721,42949,1
7217,7554,1
5367,4477,1
7975,26353,1
11036,11872,1
9484,22345,1
2712,37903,1
1548,24061,0
8800,16239,0
1108,46234,1
7087,5597,0
5312,21372,1
8614,33491,1
3639,27679,1
3786,35769,1
7041,20208,1
793,49467,1
714,17735,0
8840,20400,0
10297,10345,1
5301,5834,0
8669,3361,0
1295,47463,0
3155,31640,0
777,41010,-1
9062,4315,1
10790,38588,1
10436,25743,0
5745,24334,0
7573,41522,1
7911,28929,1
8755,11145,0
431,38444,1
6939,28265,0
3096,38907,1
11037,10444,1
8135,11382,1
4584,119,1
3145,47750,0
2249,36157,1
3779,46886,1
1408,26891,0
5972,17040,0
7608,5507,0
6703,15443,1
10886,25093,1
5175,37852,0
3191,29909,1
9076,10467,1
1162,36401,1
2342,45003,1
3849,42909,1
5511,49374,1
10864,30877,1
6009,23177,0
1834,20521,1
3275,33019,0
10173,42348,1
9912,20334,0
2689,14820,0
5667,5088,1
9473,46132,1
227,24727,0
9488,31748,0
2593,4473,1
8822,9643,0
2996,30399,0
2980,3137,0
2914,36850,1
9140,45164,1
4632,21033,1
3295,19138,1
10871,41119,1
1095,17828,1
5414,34465,1
1689,3088,1
7886,17859,1
1368,46847,0
1340,7577,1
643,35604,1
3056,45042,1
3066,48115,0
1815,15499,1
1055,46664,1
718,33515,1
258,3373,0
6344,19173,0
7258,48965,0
10807,45045,1
3751,9244,1
1498,11713,1
7837,13481,0
1656,43697,1
1895,11284,1
6427,12154,0
3980,2162,1
3775,17083,1
3730,3177,1
2747,5552,0
7760,16856,1
2425,11068,1
3087,13193,0
3989,6957,0
5228,33044,1
2682,38852,0
504,42800,1
612,278,1
9070,12828,1
2753,4746,0
8339,33088,0
9024,19200,1
7741,26601,1
909,49457,1
38,1693,0
7652,46986,0
8151,19795,0
765,4418,1
1128,39479,1
2199,5618,1
6330,6185,1
7632,43135,1
5132,14796,1
7970,9810,0
769,14100,1
774,26361,1
8168,22600,1
3887,3816,0
6752,34183,0
4241,3764,1
7679,21588,1
10684,44811,0
3709,9039,1
10637,12346,0
8195,6260,1
3960,44731,1
7727,35856,1
3363,46883,1
2388,20121,0
9858,16449,0
8382,33883,0
7752,46191,1
8489,504,1
1301,12917,0
5350,39475,1
7370,11162,0
10794,6621,1
1139,16985,0
5525,18168,0
5770,43209,1
908,10763,1
10316,4814,1
7991,40878,1
8815,31362,0
9830,27433,0
5983,12221,0
8326,7343,1
266,40054,1
424,49459,1
2197,9002,1
8517,24472,0
619,20389,1
7651,20389,1
8332,25213,1
1036,27001,1
1229,45200,0
4406,27654,0
9631,21876,1
10127,9336,0
7747,21113,1
2944,48483,0
8522,36423,0
7311,16311,1
1809,44303,1
8503,35083,1
293,24331,1
7791,26493,0
4653,29871,0
1410,31651,1
2525,35911,1
10638,34814,0
10759,25063,1
6277,12265,1
9202,42428,1
8351,45841,0
1630,40725,0
10523,10401,0
290,16518,0
4511,20146,0
6477,20444,1
10215,19675,0
3147,9484,1
8016,36480,1
5920,27281,1
3283,37538,0
7774,36060,0
676,1135,0
152,28642,0
6952,23649,0
9263,36629,1
6857,5821,0
9315,16397,1
10949,37610,1
8560,48081,1
2786,43625,1
581,4041,0
4916,11915,1
9160,5305,1
9946,32080,1
8108,2580,0
5271,18038,1
4811,37944,1
230,10270,1
6042,44306,0
8365,13472,0
8645,10655,0
8890,15221,0
9587,12011,1
10525,33297,1
6253,35021,0
8689,35371,0
2737,5052,-1
8675,11897,0
4261,32406,1
7719,34575,0
6258,27168,0
1359,7529,0
5622,19055,1
2420,49489,1
2847,14562,1
2807,25282,1
3630,47150,0
9111,11855,1
3328,2679,1
5743,32982,1
5204,48242,0
10743,5179,1
2417,14074,1
3162,41849,1
1372,29293,1
12,35287,1
7680,26245,1
8421,23618,0
5270,38330,0
6415,30587,0
1203,41776,0
10421,21720,0
8439,2684,0
5147,5957,1
10401,42019,1
2481,12062,1
9443,45673,1
10138,14889,1
4633,35887,1
9308,47723,1
9816,32093,1
6316,46848,1
8062,42646,1
2803,48308,1
2748,14844,1
7304,2830,1
295,10145,1
2985,29047,1
1049,45439,0
400,33618,0
9848,34853,1
8694,22580,0
3112,37049,1
5707,17401,0
9709,15382,1
6225,17660,1
10777,49651,0
7713,6604,1
2694,44409,1
6994,43185,1
5550,48603,1
10461,46976,1
7196,11179,0
7129,17437,1
2239,33847,1
1328,28026,0
9110,33216,1
9320,20655,1
2295,28691,1
5097,9666,1
4032,26372,0
923,3915,1
6101,41884,1
9178,47811,0
3338,4573,1
7908,48571,1
9313,13638,1
1171,28202,1
2835,23712,1
3483,22783,0
1260,38720,1
6578,18322,0
31,252,1
7932,34478,0
8937,13449,1
42,27481,1
1451,46463,0
6351,7241,0
6022,48088,1
3708,17952,1
2565,3734,1
3079,13633,1
7937,26861,1
3844,10551,0
848,18017,0
1899,45940,1
7676,36180,-1
8825,22000,0
9434,19038,1
2563,19231,0
5890,16339,0
8180,41041,1
5332,34544,1
7739,16637,0
5648,13875,0
3846,6415,1
524,12112,-1
2489,28036,1
7378,36016,1
4010,49632,1
9522,37372,0
5268,42955,1
5135,45286,0
3322,14994,0
8435,5932,0
6811,48916,1
9885,14055,1
4424,18271,1
8639,2208,0
4402,44416,0
8602,22488,1
9090,7720,1
961,39916,1
8286,29720,1
3227,35861,1
7013,18167,1
10696,26423,0
9953,13152,1
10195,13108,1
5005,16248,0
9286,21870,0
6800,22750,1
7363,20944,1
8148,35873,0
7056,18341,0
3047,15834,1
7279,4428,0
1057,20462,0
6934,46734,0
11047,5194,1
1755,35998,1
8566,24507,0
10851,42901,1
4052,48807,0
6269,9423,1
7090,15263,0
165,2112,0
2158,12271,1
1980,43629,1
1161,49241,0
3343,5232,0
10302,37293,0
6441,21093,1
3233,32259,1
576,9536,0
773,5334,1
3367,5293,0
8015,2232,1
3500,47685,0
10055,47051,0
8580,1295,0
3539,8005,0
6453,20413,1
4884,3020,0
4187,604,1
3146,49314,1
4902,4252,0
9897,20336,1
7402,18183,1
2708,34762,1
8744,34523,1
190,27338,1
3812,3572,0
10263,49921,1
10531,8423,0
1037,4234,0
10371,9135,1
5802,7987,0
2464,31369,0
911,32374,1
2699,6858,0
8328,18677,0
5283,10971,1
8933,23847,0
5697,48066,0
3860,3998,0
4373,25580,1
7421,38666,1
8400,24220,0
7201,18838,1
8086,46331,1
5653,1040,1
8725,26251,0
5506,8527,1
1736,31196,1
5141,19809,1
9609,27044,1
966,32959,1
1586,22375,0
2965,38656,0
3835,32557,1
11095,18536,1
7086,47660,1
6659,24229,1
2162,3344,1
3799,13329,1
8803,24464,1
7641,2927,0
10008,29014,0
1282,11961,0
6824,34681,1
443,10564,1
2690,33602,0
10139,22477,1
3396,41079,1
5483,12357,1
7942,2513,0
2691,49825,1
10647,11634,1
3867,23777,0
6844,33608,1
4871,11865,1
7901,30369,0
10667,35949,0
8787,11263,0
1728,14909,0
522,23666,0
7444,9764,0
3511,27226,1
2937,14590,0
10598,10915,1
6795,24396,0
2697,4027,0
4819,19913,1
7658,22082,0
8823,49214,1
4524,1462,0
8994,36852,1
4417,17530,1
10164,19929,1
108,34422,1
1716,26980,0
7285,3099,1
270,5227,0
3453,21657,1
3698,32036,1
8453,1515,0
7283,47178,-1
2742,42589,0
1428,3394,0
10072,38414,1
446,1848,0
10331,33571,0
104,2838,-1
5508,31731,1
9520,1194,1
1800,8913,0
3795,31295,1
2752,43597,0
4667,23739,1
1700,38651,1
4501,31738,0
666,48024,1
3770,21961,1
6458,48336,0
4112,31230,1
4897,29538,1
2813,43308,1
3088,906,1
3591,42844,0
4648,3524,1
4265,45883,1
6445,41530,0
5285,23784,0
3110,42979,0
7489,21748,1
5892,41359,0
10788,24573,1
3015,14358,1
6422,45064,0
10575,6251,0
1952,44372,1
9244,42264,1
10281,28275,1
6135,17987,0
3783,3225,0
8593,46852,1
238,37452,1
2644,5599,0
4906,41145,1
685,35935,1
1293,28393,0
10817,6452,0
4355,11000,1
9288,37383,1
2630,38312,0
10074,48848,1
1153,14444,0
5105,37902,1
6531,28118,0
3740,22951,0
10473,31400,0
6392,20408,0
2621,35081,0
9099,13543,1
7121,10968,0
5777,25021,1
6057,20667,0
1157,17947,1
9170,33315,1
3000,7538,0
7929,37895,1
459,46711,0
2759,22977,0
140,46748,1
5624,41391,1
9139,27959,0
5891,11064,1
6723,41471,1
3897,19409,0
4806,46732,1
5234,10065,0
2466,5943,1
9949,41711,1
859,7014,0
851,28247,1
4926,49158,1
647,23221,1
2589,5867,0
3315,46519,0
4959,45585,0
2268,29494,0
10076,18406,1
1651,29338,0
889,15832,0
10848,33439,1
6948,48458,1
9794,1903,0
10860,16619,0
5965,7389,0
406,12085,0
8798,13838,1
6,34958,1
7487,20888,1
7835,30539,1
10898,45688,1
10028,32371,1
4394,43472,0
4314,23913,0
10269,8521,1
4892,29747,1
6806,21685,0
2303,5862,1
4166,13033,0
157,3024,0
7951,17796,1
2675,31130,1
1699,24202,1
4903,39192,0
8011,33196,0
797,19310,1
75,17862,0
981,8431,1
271,23412,0
8292,40331,0
9975,19996,0
2540,35852,1
4793,42183,0
10214,27666,1
768,11817,1
6658,6735,1
7798,36560,1
3908,1690,1
7800,6523,1
8114,39750,1
6860,9388,1
4669,33220,1
7866,33164,0
10944,34326,1
9330,2214,0
5432,45542,1
10708,31823,0
9331,27085,1
6969,39722,0
4466,32629,1
9168,5616,1
3944,21890,0
6869,28049,0
9521,23698,1
8853,5423,0
3169,8829,0
892,7678,1
6149,47742,1
2780,48574,1
341,23286,0
4730,6198,0
3655,9164,0
4255,40497,1
6874,16930,0
10995,24808,0
8049,44333,0
780,41032,1
4071,18029,1
5857,233,1
1943,23052,1
4390,28874,1
9821,32975,1
5115,41604,1
2623,28484,1
4150,17037,1
10130,12887,0
3153,1001,1
9927,11588,0
4624,1609,1
8995,9715,1
4779,31397,0
3679,24667,1
621,26289,1
7779,1537,1
3784,18471,1
6451,28458,1
6608,49307,1
5476,46508,1
5340,7160,0
5412,14868,0
8377,40905,0
9461,8612,1
4734,17970,1
4968,2605,0
9695,17883,1
7536,17782,0
2436,32241,0
7611,21863,0
6276,42921,0
9626,6974,0
4973,43703,0
3371,6077,1
1598,10337,1
4684,14640,1
11077,16996,0
6766,30208,0
6309,41867,0
23,30506,1
8442,14686,1
5361,25375,0
7362,42445,0
3673,38630,0
6232,22288,1
2648,27197,0
3456,42563,1
6200,46272,0
3482,13102,1
2483,49674,1
2139,21346,1
10152,26003,0
6561,1408,1
7060,30956,1
2618,18857,1
1791,42209,1
2178,15238,0
2329,18292,0
8732,46971,0
133,938,1
2031,41277,0
5057,6663,0
10483,30897,1
9876,40250,0
591,36374,1
2974,23725,1
7623,5777,0
7458,794,1
7262,32074,0
3622,25402,1
6710,43923,1
3543,43231,0
2101,26390,1
5542,14848,1
5556,42098,0
6411,15076,0
10979,11121,0
2532,41025,0
1534,40985,0
11054,41638,1
5130,25631,0
10035,35474,1
2235,25398,0
7322,11701,1
7589,16823,1
5067,40275,1
3431,37996,0
9317,29960,1
6228,31043,1
5039,30084,1
9985,1431,1
6978,39734,1
575,34934,1
11056,14620,0
9082,8650,0
6916,10670,0
6606,12381,-1
2093,11341,1
9683,10295,1
5153,29019,0
6079,23096,0
2128,21252,1
6465,30721,1
3754,25790,1
6285,41512,1
798,2578,0
309,24802,0
9586,22830,0
10282,47228,1
10865,18667,0
325,14616,0
2990,686,0
4024,44285,-1
4666,42754,0
3273,42858,1
2418,40911,0
8424,21513,0
2394,41904,0
9729,34309,1
8792,25700,0
819,10936,1
8670,37625,1
9982,38717,0
6871,27421,0
2372,13861,1
2475,9984,1
1437,10673,1
6238,43922,0
4031,35201,1
518,30059,-1
9049,27295,1
2820,19924,1
9325,44091,1
3246,32346,1
9945,18224,1
7482,18829,0
2702,15150,1
10064,25622,1
740,36884,0
9108,40974,1
8714,7515,1
10981,38210,0
281,4238,1
7532,5814,1
5309,45192,1
311,31778,0
6248,49719,0
5479,33832,0
7104,22939,0
5788,44450,0
8206,32835,0
4596,20726,1
9429,41402,0
9642,17861,1
5365,41838,0
3446,28261,1
9432,39890,1
1698,41983,1
5501,28465,1
492,49105,0
667,36001,1
10987,38653,1
4440,43275,1
5407,23296,0
3707,18063,0
3132,39093,1
5475,45815,1
3375,16862,1
1242,12049,1
3033,20412,0
3874,24788,0
2064,27378,0
2948,15871,1
7814,13365,0
2995,4057,1
3128,25323,1
4830,39593,1
10283,2485,0
6500,16438,1
9925,37545,1
1562,47531,0
5306,4781,1
8088,2600,1
4862,34537,0
5339,24093,0
3594,14378,0
10365,37203,1
3546,23219,0
5008,46046,1
10749,23275,0
2370,43383,1
7093,47280,0
3469,43892,1
7393,11693,0
8631,25250,1
8509,40806,0
7972,48112,0
5825,19190,1
9851,7535,1
907,29366,1
4141,34294,1
4652,22201,0
1304,44041,0
4619,41932,0
4448,34052,1
10398,15521,1
9899,19690,1
2450,35621,1
2848,29530,1
3604,29406,0
6532,6952,1
4629,43171,1
6376,48914,1
8175,3030,1
7669,46533,1
9543,18959,0
4812,27384,0
1032,36633,0
18,47592,1
3205,44531,1
9203,40447,1
1818,29292,1
10691,6295,1
2605,12163,1
7377,11959,0
10042,3082,0
792,29107,1
8941,11849,1
2738,12379,1
4382,48759,1
8652,47632,1
8276,36795,0
8955,46193,0
2039,28543,1
6890,1315,0
6630,46753,1
2792,47472,1
10067,41677,1
5728,43107,1
4180,12943,0
6693,41123,1
3286,37077,1
4721,33900,1
4331,32231,1
5832,43438,1
8907,24332,0
2515,19626,1
5367,30701,0
7975,4780,0
637,43431,1
7594,21600,0
9888,37299,0
2712,11520,0
3382,47542,0
9572,2219,0
1548,5646,1
8800,16961,0
5801,30545,1
1108,49490,1
4866,21339,0
9486,13616,0
8142,6490,1
4389,47712,0
7087,41998,1
5312,58,0
8614,25593,1
5934,6652,0
3639,32217,1
3786,11483,0
793,41072,1
714,26823,1
8840,8796,1
223,30715,1
701,20563,1
5301,5458,1
8669,20867,0
1295,7190,0
6647,12480,1
9741,44577,1
777,30015,0
6266,11114,1
9062,6022,0
2578,41406,1
5745,42068,0
6177,41572,1
397,11253,1
1743,7085,1
7911,18346,1
431,128,1
6939,6263,1
6442,30424,1
11037,31853,1
8135,14046,1
7654,719,1
1211,39765,0
3145,25973,1
2249,38900,1
8433,11001,0
10026,1789,1
7608,21924,1
6703,7672,1
10886,29791,1
3191,17155,1
6334,3819,0
2837,20561,1
6702,7024,1
1842,11659,1
9076,1677,1
7457,34789,1
2342,10752,0
3849,37068,0
5511,37935,1
10864,2698,0
6009,24597,-1
2108,36132,1
3275,14708,0
9750,5927,0
2171,1301,1
9912,49018,1
5667,48544,0
8072,12559,1
7210,16190,1
9488,18082,0
2593,5476,0
8822,40580,1
2996,16176,1
2914,23759,1
9140,7743,0
4632,19188,0
9303,9249,0
3295,40748,1
1095,9329,1
5414,19017,0
1689,2973,1
126,44830,0
7548,44489,0
9937,14372,0
5465,49230,1
8538,48212,0
1368,39056,0
3056,19103,1
4761,30554,1
1055,38150,1
718,5437,0
258,35909,0
7258,39423,1
2396,34585,1
2225,7716,0
10807,25179,0
1656,30379,1
6427,1803,1
3980,21634,1
3775,3666,0
1758,17608,1
7760,8909,1
2425,1958,0
4061,15394,0
3989,49243,0
5228,41875,0
7508,46128,1
2682,39417,1
504,42564,1
3945,10769,0
612,8721,1
9070,49084,1
8339,2687,0
1767,14755,0
9024,27302,1
909,31111,0
38,34078,0
9040,45316,1
731,4197,1
10588,42491,0
3219,3227,0
11134,40133,1
765,34438,0
3208,39859,1
1128,3895,0
2199,3849,0
636,38340,1
10826,26721,0
7632,25295,1
5132,16297,0
7970,41859,1
344,2012,1
774,41002,1
3887,9406,1
10684,29279,0
3709,49550,0
10637,4335,0
8195,3242,1
1866,24102,0
3363,4147,1
2388,39788,0
8382,38262,0
8489,31199,1
8248,21835,1
7069,33581,0
7370,4946,1
5525,21524,0
5770,13051,0
908,8014,0
8820,30917,0
5722,23600,1
9830,19099,0
5983,312,0
8850,13468,1
7567,18859,1
1513,12867,1
5632,7995,0
1665,15329,0
1941,26391,0
9564,27369,1
7651,27102,1
10762,15055,0
1229,32577,0
4406,29606,1
8503,47092,1
293,8134,1
4653,26983,0
87,33366,1
1410,42959,1
2384,14945,0
10759,714,0
3265,3432,0
5734,2716,0
9202,19589,1
1630,37819,1
10274,25594,1
10523,40291,1
7664,7230,1
9532,8939,1
4511,13797,1
6477,26412,1
10215,43290,1
5219,15569,1
5868,10544,1
8706,6600,0
2999,26672,0
10389,41239,0
10169,10528,0
3283,48593,0
7774,4671,0
152,11157,1
9263,498,0
9935,46000,0
9315,25858,1
10949,47239,1
1265,5424,1
2786,25770,0
2533,45177,1
581,13742,0
4916,11543,0
9946,42586,0
8108,2772,1
5271,2762,0
7754,16999,1
230,20614,0
7232,20518,1
8890,9263,1
9984,41367,0
9587,9489,-1
10525,48391,1
8689,10532,1
2737,16587,1
1193,11514,1
8675,17161,1
7719,3600,1
6258,3996,0
1359,40818,1
3852,26311,1
4888,45093,0
2420,7738,1
4583,33892,0
114,44375,1
2807,787,1
9111,24365,0
8977,46274,1
8704,10390,0
8044,14238,0
3328,46289,0
9452,16555,0
5743,15350,1
6434,25062,0
5204,11665,1
10743,31050,1
1372,38456,0
12,25929,0
8355,37675,1
7680,3252,0
8628,3928,0
8421,39736,-1
5270,8686,1
6415,7022,0
1203,34864,1
5672,25670,1
767,27398,1
10421,43957,1
8439,359,0
6432,14126,1
2481,1992,1
4633,11132,1
5862,19545,1
9308,33627,1
6316,19882,1
5686,28602,0
8062,42470,1
217,4182,1
2803,20830,0
7304,45791,0
295,31569,0
2985,9204,1
1049,12029,0
9848,30453,0
8694,43887,1
5707,20690,1
9709,10298,1
6225,43973,0
2694,33849,1
6994,31024,0
8920,15689,1
7129,48019,1
2239,41437,1
10665,38083,1
1328,16369,1
9110,25986,0
9320,20793,0
3022,16442,0
588,19769,1
2295,45166,1
5097,7384,1
6262,43358,0
923,42406,0
6101,24470,1
9178,27438,0
3338,21979,1
9313,2059,1
3483,48788,1
6578,9765,1
11040,37458,0
31,1047,1
6022,34481,1
1450,48464,1
3708,3963,1
5614,3180,0
2565,18702,0
3844,27901,0
1899,46248,1
5209,38144,0
8825,34359,0
5534,17440,0
9434,42480,1
4771,41357,1
4753,23691,0
2563,6454,1
10071,43764,1
3846,17728,0
524,38269,0
1999,12816,1
7378,10515,0
4010,42463,0
9522,31744,1
10611,31565,1
5268,33868,0
5135,6836,0
8435,41499,0
6811,32469,1
10149,29584,0
4424,44669,1
66,20394,0
4402,41117,0
8602,19682,1
9090,38315,1
961,44792,1
8286,18374,1
10351,16488,1
6064,48378,1
3227,47774,0
10696,458,0
9953,45031,0
10195,50020,0
5005,8863,0
9286,31800,0
7114,14665,1
2746,40602,0
7363,10194,1
7279,45219,1
1057,20778,1
6934,37960,1
1182,29363,0
1755,17058,0
8566,42228,0
10851,1151,0
6269,10726,0
7090,17377,0
165,26643,0
2158,38988,0
1161,45319,0
3343,32856,1
6441,17246,0
1132,22937,1
5065,24445,1
3233,35638,0
6526,18747,1
4379,42395,1
773,6474,1
10578,2102,0
8317,28241,0
8015,41813,0
3500,42317,1
10055,47368,1
4688,8197,1
8580,7686,1
3539,34096,0
1447,42516,1
4884,38847,1
4187,42911,1
3146,13793,1
658,13105,0
4902,42438,0
2954,9897,1
7402,11896,1
2708,8418,0
8744,44048,1
190,6342,0
10263,2472,0
10531,24208,1
7162,20713,1
1037,33454,0
10371,17594,1
5802,27802,0
2699,19892,0
8328,45730,1
5283,13591,1
7967,47694,1
844,14036,1
8131,42980,0
6166,11070,0
7421,39172,1
6404,44362,1
8400,24087,1
8838,33584,0
7201,5079,0
5653,11058,0
8725,1634,0
5506,43369,0
2891,9396,1
9597,23505,0
1736,12572,1
7416,26348,1
3408,6512,0
8304,7997,0
9609,6909,1
966,33877,0
6749,8930,0
1586,17708,0
2965,32038,0
3835,34828,0
11095,37086,1
10208,16491,1
5016,25261,1
7086,27249,0
2162,8884,1
3799,29748,0
10146,9359,0
8803,42784,1
7641,23744,1
10008,20364,0
4403,38514,0
1282,8604,-1
6824,36345,0
4974,46431,1
5043,27800,1
3396,31472,0
5483,28101,-1
360,25832,0
10101,7565,0
7942,8129,1
6789,17293,0
2691,15598,0
10647,3487,0
7264,25124,1
8584,25010,1
3867,31528,1
6844,38619,1
7901,13565,1
8288,3809,0
7444,40502,1
3511,17557,1
9548,1846,1
8589,36927,1
4990,18208,1
9599,4924,1
10598,11029,1
1375,30039,1
6795,14981,1
3961,24364,1
2697,18481,1
7229,47547,1
7504,37,1
4819,44987,0
7658,38802,1
1991,4879,1
3716,15836,1
8994,38502,1
4417,3692,1
10164,41291,1
1302,33763,1
1716,48967,1
7285,13368,0
3698,28462,1
5896,19361,0
8780,6388,1
5324,11637,0
9780,20495,1
1428,10371,0
4823,47757,1
10072,46212,1
10544,23247,0
446,44781,1
2181,13491,1
5778,47563,1
5288,21270,0
5508,3035,1
9520,3450,1
1800,48144,1
3795,45448,1
4667,7176,1
4433,14276,1
5596,40675,1
7757,49968,1
4501,37460,1
666,14112,1
3770,47677,1
6458,34602,1
4112,10402,0
4897,25440,0
2813,41351,1
8082,37932,1
5439,25660,0
3088,1509,1
4648,37683,0
4265,41178,1
6445,30056,1
5481,34496,1
7489,5454,1
1115,1763,1
5892,34290,1
10788,28774,0
4325,1204,0
3015,17484,1
6422,45869,0
6684,5230,0
6489,35321,1
6761,2476,1
10309,35373,1
2867,35032,1
1880,12321,1
7506,40909,1
6135,29060,1
9270,16733,1
8593,3168,0
685,43672,0
10817,32383,1
9288,5386,1
7854,2349,0
6896,4934,0
3016,34486,1
7066,7695,1
9463,43445,1
5062,5993,0
10334,31106,1
7617,8648,1
6531,4635,0
1694,34300,0
3740,2644,1
10473,12040,1
9099,22834,1
7121,32058,0
6946,9362,0
6057,34424,1
1157,35472,1
9170,31294,0
10143,25488,1
3905,7332,0
2759,36361,0
140,40368,0
6845,49289,1
9139,42618,0
5891,38267,0
4764,23024,1
2404,7715,0
5234,30343,1
2466,17831,1
10805,30552,0
859,17563,1
7947,48460,0
851,40690,1
4926,42304,1
647,44243,1
8034,27664,0
3315,42676,0
4959,11506,0
4736,12135,0
2268,42322,1
3130,23758,1
10076,32949,1
889,30808,0
10848,21471,0
6948,28770,0
4860,13141,1
9794,16361,1
5965,16775,1
406,28853,1
8798,20592,1
6,10262,1
7487,41134,0
2080,49003,1
10898,46594,1
4008,12719,1
4394,48256,1
4314,7357,1
1921,48561,1
5863,45029,1
1808,40401,0
3563,32330,0
4892,26507,0
6806,40109,1
5185,2706,0
583,17545,1
2303,32018,0
6310,35462,0
157,9010,1
7951,45464,1
3902,23252,1
2675,26811,0
1699,37095,1
4903,42186,0
8011,6047,1
797,5771,1
75,31233,0
2472,40931,1
2510,26389,0
9975,521,0
4793,48620,1
3409,14143,0
10214,40962,0
7798,19557,1
4243,43008,0
2250,22942,1
3908,42531,0
7800,30323,1
8114,10027,1
91,46700,1
4669,49382,0
10944,30210,1
5432,33857,1
4466,7248,1
9168,20245,1
6869,20192,0
9521,10419,0
7673,9151,-1
6149,48395,1
2780,25349,1
6747,16371,0
341,35499,1
4730,12444,1
3655,44662,1
4255,19713,1
6874,4740,0
10995,29901,1
6950,44943,1
1435,46915,1
5698,13564,1
9821,33929,0
7553,39132,0
5115,33081,0
2623,16196,0
10130,30144,0
3153,25203,1
4624,21320,0
8995,48625,0
5358,36029,1
6341,33166,1
4779,27616,1
2561,29634,1
3679,1610,0
2173,44283,1
6778,26571,1
621,14487,1
7779,3301,0
3784,47571,1
9031,20703,1
6451,16350,0
3450,36724,1
5476,45463,1
5340,40169,0
4107,28183,1
5412,30639,0
8377,7450,1
2246,15805,1
4968,4474,1
7536,37674,1
3207,26090,1
9626,44650,1
4684,45320,1
1515,26906,1
7580,38353,1
11011,32170,1
10703,10699,1
6766,14991,0
9857,11218,0
23,46399,1
10098,30077,0
6424,27510,0
10906,2132,1
5361,2979,1
5664,26431,1
1762,49186,1
7362,1344,1
3673,18504,1
2648,28571,1
2244,40101,0
3150,31991,1
3482,6629,0
2483,14892,0
2139,22733,1
1982,42998,0
10152,28772,1
6561,4266,1
7060,25620,1
9638,36957,1
4378,29563,1
312,2863,1
2178,25279,0
8732,15729,1
133,17925,0
10308,43964,1
3342,11437,1
2031,17368,1
9253,21427,1
5057,44403,1
10483,30971,1
9876,20422,1
499,34262,0
10545,18700,0
2974,47401,0
7623,8808,0
4690,25074,0
3282,34226,0
7458,22756,1
2167,42821,1
1745,20499,0
10443,40765,1
5542,49270,0
2651,3517,1
10979,25829,1
11054,5757,1
7858,40253,0
1993,30147,0
3687,30356,0
3797,9527,0
7589,7817,0
5516,45327,0
5067,2866,0
7356,21681,0
3431,11625,0
9317,33349,1
7216,34770,1
5039,32879,1
6978,5528,0
5046,39908,1
575,28550,0
11056,33442,0
2488,41516,1
9082,1211,1
6916,10533,0
5466,37547,1
6606,20154,1
6079,18791,0
9297,29141,1
3754,25472,1
10126,36146,1
9586,418,0
10326,47257,1
10282,39234,0
4714,36373,0
1496,25530,1
325,2044,1
7214,3835,1
1603,1456,0
1739,3442,1
2990,5502,0
4024,35741,1
8184,15582,1
5908,27190,0
8424,40709,1
2394,2271,1
9729,45558,0
8670,32627,1
8620,16776,1
9982,49627,0
2475,11031,0
10225,35337,0
1437,10985,0
8871,6634,0
8886,22110,1
518,6174,1
1289,44376,1
2804,14803,1
9325,16039,1
9945,25888,1
1499,40774,0
2702,27228,0
6148,42660,0
740,36348,0
6760,27017,1
8071,48316,0
5690,42587,0
9108,34039,0
10658,22773,0
8714,36869,1
281,21124,1
7532,40533,0
5309,16151,0
6850,48264,1
985,21508,0
4457,14605,1
6248,25836,1
5479,21389,1
7104,808,1
6931,44401,0
5788,44615,1
8206,34662,0
6867,2202,1
5365,11346,1
2768,32486,0
10748,16112,0
667,24767,1
7622,1390,1
4440,11640,0
8160,45153,1
5407,35994,1
7529,2363,0
3707,11501,0
10292,28532,0
8051,3655,1
945,1401,1
6859,34220,0
3132,167,1
5475,28416,1
3375,44191,1
1242,6087,0
2827,43370,1
3033,4287,0
3237,8409,0
3012,22734,1
2948,25186,0
7814,17140,0
2995,6042,0
9437,26897,1
4830,40128,1
10283,32887,1
6500,28949,0
9194,29731,0
8088,4650,1
10365,15722,1
2665,20732,1
3546,14048,0
7159,49645,1
5008,20775,0
10749,26278,1
3469,7379,0
7393,37071,0
8631,39067,1
8509,17840,1
7981,47379,1
5825,41861,0
2364,29777,0
907,7702,1
8656,45111,1
9676,31906,1
1304,5087,0
4619,35362,1
3686,3850,1
6396,19742,0
2450,11343,1
1046,2632,1
9721,22764,0
6532,726,1
4629,43250,0
6376,26307,1
8175,18769,0
9543,46916,0
5236,32783,0
18,25864,1
9203,44196,1
1818,11095,1
2016,1212,1
2605,11455,1
8496,42744,1
7377,41934,0
792,43549,1
2738,3674,1
7369,49171,1
8276,25668,0
8955,25725,1
2039,26403,0
6890,36033,1
7054,20085,0
2792,30295,1
5728,14587,1
7714,49871,1
4180,40166,0
5832,17921,0
8907,20779,1
5367,11812,1
7975,14203,0
11036,32533,0
637,35996,1
7594,2245,0
9484,42446,0
2712,19175,0
3382,24962,0
669,35174,0
9572,28534,0
1548,13321,0
8800,40403,0
7923,42160,0
1108,27241,0
8142,550,1
7087,49039,1
5312,2990,1
8614,22605,0
5137,8991,0
3786,19864,0
7041,17532,1
10297,41452,1
7198,10307,0
223,26698,0
701,32453,1
5301,1088,0
8669,8672,1
1295,21028,0
10718,41751,0
3155,40290,0
6647,7514,1
9741,12424,1
6266,47942,1
2578,8213,0
3116,8223,1
10436,6312,1
5745,28564,1
6177,37052,1
1743,29697,1
7911,6827,1
8755,3595,1
431,4508,0
6939,22857,1
2817,18925,1
8135,5256,1
4584,43694,0
7654,45879,1
1211,17178,0
3145,48055,1
1408,44544,1
8433,9786,0
10026,28043,1
7608,5872,1
6703,18699,0
5175,41676,0
3191,4235,0
2837,17815,1
1842,4304,0
9076,30869,1
1162,25987,0
7457,18694,0
2342,17574,1
3849,21629,0
10864,43497,1
7309,10863,1
9912,49664,0
2689,35027,1
5667,45349,1
9473,24614,0
7210,12036,0
2593,32232,1
8822,47090,0
8696,14850,1
2577,37118,1
9140,49223,0
4632,16265,1
9303,42214,1
3295,16896,1
10871,4210,1
1095,19962,0
5414,38805,1
9054,25771,0
9002,45814,0
5465,40992,1
8538,21160,0
1060,4887,1
1340,25885,1
3056,9475,1
7397,19468,1
1055,11542,1
258,41920,0
6344,3309,1
2396,19378,1
2225,8622,1
10807,43482,1
1656,6769,0
3980,22553,1
6175,2050,1
1758,35606,0
3730,16743,1
2747,27388,1
7760,23345,0
2425,26866,0
4061,29534,0
3087,34960,0
3989,29742,1
5228,46985,1
2682,36143,0
504,26876,0
612,39031,1
9070,33504,0
2753,44270,0
1767,46459,0
38,2160,1
11134,6609,1
8817,49183,1
9640,28177,1
10729,42237,0
8151,21640,1
765,41271,0
3208,49932,0
1128,2623,0
2199,18538,1
4874,38597,1
6330,38160,0
10826,44606,1
7632,28802,1
5132,18459,1
7970,22751,0
769,8077,0
344,18986,1
774,16242,0
3887,7794,0
9425,24721,0
1788,575,0
10684,23176,0
3709,25720,0
7884,23214,1
10637,42301,1
8195,43603,1
3960,30947,1
3363,20100,1
2388,14623,1
1226,6301,1
212,11116,0
8382,28091,0
7752,8316,1
8248,38463,1
9000,33652,1
1301,3523,1
7069,24280,1
3358,23710,0
7370,5549,0
10794,11144,1
1139,4770,1
5525,16365,0
616,30710,1
908,6421,0
8820,12067,0
10316,38876,1
3595,23990,0
10547,2005,0
2501,24336,0
9830,20735,1
5034,12818,0
8850,36438,0
7567,6510,1
5632,34340,1
266,393,1
2517,36549,1
424,41968,0
1941,16663,0
10151,36547,1
7349,44512,0
9564,11940,0
10762,40366,0
1229,33191,1
4406,9991,1
10127,44671,1
5143,42426,1
2944,42659,0
8522,40522,1
8503,15091,1
4653,30760,1
1410,45732,1
2384,19851,0
2671,7953,1
10593,43517,0
10759,22997,0
6277,20131,1
8888,1208,0
3265,42721,0
5734,25945,0
9202,12960,1
8351,15961,1
1870,48640,1
1630,13162,1
10274,35152,0
290,664,0
7664,31292,1
8016,20492,0
5868,25774,1
5920,19011,1
5273,43221,0
10389,10658,1
10169,39472,1
3100,13111,0
7774,33753,0
676,17340,1
152,47973,1
6952,32391,0
2799,39741,1
1206,21377,0
9935,35752,1
9315,21798,1
4246,25493,0
6515,42806,1
581,21875,1
4916,12753,1
6893,251,0
9160,27717,1
230,27625,1
7232,27598,1
9367,22015,0
6193,4105,1
8890,10005,1
9984,5172,1
10525,1952,1
6253,49718,1
2737,26671,0
5675,32450,1
5109,47636,1
3439,36136,0
1193,47447,1
3497,39737,1
410,18101,0
7719,36783,1
1359,38513,0
3852,19514,1
2420,11215,1
4583,45172,0
5086,5699,1
7263,49283,0
8977,30016,1
8704,41791,1
3328,25384,1
8312,1096,0
6434,44335,0
5204,41699,1
8355,46483,0
7680,36520,1
8628,11836,0
8421,4609,1
6415,17852,0
1203,21356,0
10769,46740,1
767,30375,0
8439,22763,1
5147,30916,1
4633,11472,0
5862,7640,0
9308,13694,1
9816,46613,0
7189,8161,1
2803,21793,0
7304,47697,1
6566,41253,1
295,1313,1
2985,15619,1
400,27793,1
9848,12402,1
8694,28820,1
5707,19812,1
6225,46995,0
10777,34609,0
8974,35407,1
7713,42282,0
6994,3502,0
10144,13431,1
5550,10280,0
5642,26364,1
10461,45924,1
10867,17426,1
7196,38459,0
7129,26735,1
10665,49305,1
1328,13197,1
9110,32382,0
3022,22241,0
588,22652,1
2295,33374,0
5097,14822,1
6262,9535,1
923,44893,1
6101,17338,0
7908,10664,0
9313,11954,1
4643,23834,1
1260,17767,0
11093,21625,1
11040,24110,0
6115,4751,0
31,43841,0
7932,16044,0
8937,12626,1
8636,3780,0
11033,3685,1
2822,33985,1
42,36910,1
1450,25024,1
5614,11167,1
2565,31670,1
3844,759,1
10218,1167,0
1899,44028,1
5209,45660,1
5534,1794,0
2062,2346,1
9943,3935,0
1056,31426,1
2563,34203,0
5890,1597,0
7739,385,1
5648,33074,0
2411,14348,1
524,10460,1
7180,49047,0
1999,43467,1
2489,582,1
7378,20631,0
9522,34744,0
10611,7099,1
5449,14151,1
5268,20805,1
5135,1975,1
8435,19768,0
6811,2272,1
9885,16314,1
4424,6821,0
8639,37341,0
66,45650,1
4402,24139,1
9090,3176,1
961,1741,0
6064,40023,1
3227,10914,1
9953,3863,0
10195,15713,0
5005,33459,1
9286,8241,0
7114,14949,1
6800,33495,1
7056,13208,1
3047,15036,0
7279,42838,1
1057,25640,1
1182,14170,1
1755,13351,0
4052,36806,0
6269,45588,0
7090,4447,0
165,9407,1
2158,32839,0
1980,21675,1
1161,941,1
3343,9673,1
6441,4457,0
3560,49972,0
1132,33783,0
5065,19423,0
81,21632,0
3233,19652,0
576,9364,0
2029,40404,-1
6526,12928,0
3367,7626,0
10578,15315,1
3500,43029,1
8580,32485,0
3539,1133,0
6453,5947,1
1447,38767,1
4187,29877,0
3146,46782,0
658,4343,1
4902,38970,1
9789,17150,1
2954,23548,1
9897,27903,0
7402,6155,1
2708,48312,1
8744,37851,0
3812,8074,1
10531,3160,0
7162,42015,1
1037,2471,0
5802,24549,0
911,15297,1
2699,27882,1
5283,5326,0
8933,47218,0
8131,41309,1
4561,49710,1
6166,35233,0
10706,13637,1
6404,38111,1
8400,42934,0
7201,38242,0
8086,22295,1
1309,11851,0
5653,48354,1
8725,41111,1
5506,22775,1
9597,22224,1
1736,9291,0
7416,45498,1
3408,44247,1
5141,13655,1
8304,20171,0
8618,19282,1
966,47506,1
6749,40987,1
1586,9402,1
2965,16182,0
3835,22689,1
10208,4440,1
5016,31692,0
2162,3453,0
3799,20638,1
10146,42108,1
8803,31381,0
7641,6960,0
6824,49429,0
443,29565,1
4974,43190,-1
2690,18386,1
3396,17271,0
10101,13858,0
7942,595,0
2691,27344,0
2157,31995,0
7264,44358,0
8584,33962,1
6844,49462,0
4871,24562,0
7901,44193,1
10667,42705,1
8787,48290,0
8288,24346,1
7444,19932,0
3511,7580,1
4990,3879,1
9878,47887,1
9599,19357,0
2937,2449,0
10598,8457,1
6795,36176,1
7229,44886,0
5,35845,1
7504,15789,0
7811,29253,1
7897,765,0
7658,49953,1
4524,32407,1
1991,39046,1
3716,8138,0
8994,25693,1
1302,24201,1
3934,21757,0
270,49492,1
6637,36818,0
3698,43558,1
5896,9981,0
7283,15894,0
5324,42471,1
8497,46831,0
1428,11983,0
4823,701,1
8975,22904,0
682,46930,1
446,24778,0
5288,2331,0
4158,39149,0
2048,40740,1
2752,33565,0
6402,28752,0
4667,30999,1
1700,41243,1
4433,22829,1
10940,44595,1
7757,42058,0
666,18173,1
3770,33682,1
4112,34179,1
5439,38985,1
4648,36035,1
6445,30169,1
5285,2464,1
3110,3123,0
7489,32007,1
8723,23102,0
1115,20967,1
5892,4532,0
10788,4682,0
4325,44223,1
3015,23496,0
6422,38667,0
6489,16670,0
1952,19389,0
6761,44927,0
7723,10128,0
834,40567,1
10309,35495,0
1880,9389,0
9644,37078,1
7506,19524,0
6135,17109,0
9270,22527,1
8593,21672,1
238,45406,1
4906,8767,1
685,31937,0
2398,18673,0
1293,42999,1
8754,6304,1
10817,29374,0
1744,19480,1
2988,10048,1
7854,19604,1
9620,44222,1
3016,43548,1
5062,2243,0
5105,44554,0
7617,39336,0
6531,13991,1
1694,27590,0
10473,38825,0
6392,12979,1
2621,21298,0
9099,37003,1
7121,29203,1
5777,25476,1
6057,19916,1
4945,44079,1
1157,48622,0
9170,8524,1
7929,8828,1
3905,42134,0
459,15473,1
5624,38491,0
6845,41870,0
2881,13271,1
9139,4812,1
10119,14738,0
3897,11776,1
2404,17605,0
3955,32496,1
4806,25750,1
9763,46050,0
2466,12705,1
859,36644,0
7947,30123,1
4926,3727,1
647,42769,0
8034,20720,0
3315,24066,0
4959,6171,0
4736,28034,-1
3130,6269,0
10076,40309,1
1651,10167,1
889,25538,1
1463,14173,0
10848,20751,1
6948,8957,0
4860,33236,0
9794,25966,0
10860,26614,1
5965,4524,1
7634,48776,1
8311,16033,1
406,24415,0
9222,18126,0
6,44573,0
7487,37768,0
2713,11704,1
7835,16062,1
10898,43435,1
4008,29114,0
4314,43014,1
7096,28149,0
1808,19877,1
3563,41771,1
4892,43863,0
6806,15479,1
5185,4675,0
2303,31296,0
9415,35514,0
157,29210,1
3902,4361,1
2649,4262,0
1699,22581,0
4903,3122,0
1797,1090,0
75,43282,0
2472,9294,1
1354,27612,1
2510,36089,0
981,49560,0
271,15248,1
10738,32921,0
6807,48018,1
4793,46453,1
3409,25381,1
6305,30942,0
10214,42074,1
4243,7950,0
3908,42253,0
2480,1455,1
7800,32183,1
4932,25592,0
10944,40768,1
9330,49300,1
8343,27602,0
10708,9298,0
9331,10266,0
4466,47715,1
9168,6161,0
6206,5320,1
3944,5363,0
9521,6092,0
7673,28413,0
3169,42171,1
2780,14156,1
6747,38532,1
341,7610,-1
4730,34357,1
4255,34274,1
9802,843,1
8049,25107,0
780,4662,1
6950,10925,0
1435,6201,0
5857,42510,1
1239,43332,0
5698,45744,1
1943,39600,1
2623,36708,1
1297,21993,1
4710,12486,1
9349,38213,1
4150,12540,0
10130,41365,0
9927,31680,0
6268,29558,0
4624,37656,1
8995,19155,1
5358,2191,1
8828,11674,1
4779,42195,1
6778,41562,1
621,33360,0
7779,29121,0
5281,49342,1
6451,9101,1
6608,27110,1
5476,36830,0
5340,16689,1
4107,32580,0
5412,40184,0
8377,7417,0
754,26765,0
2246,6723,0
4968,32118,1
4151,3739,0
9695,21237,0
7536,29475,1
7546,7868,0
6276,16599,1
9626,14309,0
4973,23807,0
1598,14664,0
7580,37901,1
11011,36280,0
300,46758,1
10703,16088,0
10672,24929,0
23,8410,0
5612,27331,0
5883,8260,1
5664,26021,0
1762,31433,1
7362,13574,1
3673,3808,1
6232,22086,0
2648,7816,0
6200,3385,1
3482,30145,0
1982,49320,1
10152,17824,1
9622,24646,0
6561,18109,0
7060,18632,1
9638,13081,0
3109,39781,1
2618,44347,1
4378,48351,0
312,17446,0
2178,34068,0
8577,25778,0
8801,39315,1
8732,22558,1
9253,48530,0
5057,4699,1
10483,3886,0
9876,47143,1
499,2683,1
2974,11913,1
916,25505,0
7623,31924,1
7458,36090,0
7262,29832,1
2167,11354,1
3622,22235,0
6710,18759,1
1144,7404,0
1745,47312,0
3543,22054,1
10443,14750,1
10979,18766,1
6483,38441,1
2532,13496,0
5420,10593,1
11054,14899,1
5130,10510,1
1993,36498,0
2629,4546,1
3797,49614,1
7322,1310,0
5516,9240,0
5067,4081,1
7356,35599,1
3431,42571,0
10133,4171,1
7216,32230,0
759,5790,0
6978,35412,1
575,29304,0
11056,2223,0
9082,18255,1
9490,26316,0
9683,39374,1
5153,5266,1
5919,1838,1
6079,16217,1
2128,26,1
3754,18269,1
6285,35135,0
309,20166,0
10326,19934,1
10282,10480,0
10865,15224,1
1496,2306,1
325,6768,0
2990,34072,1
4024,36057,1
4666,37631,1
3273,42180,0
3258,33561,1
2418,13676,1
5908,14375,0
8424,41298,1
2394,36334,0
9729,21709,0
903,15739,1
8670,22055,1
9982,24051,1
6871,21609,1
2475,800,1
10225,47002,1
1437,50059,1
1855,35359,0
7239,18786,1
9049,16476,1
1289,30794,1
2804,21906,1
9325,21031,1
9945,48558,1
1499,35839,1
2702,47890,1
6148,9486,0
5408,24042,1
8071,25143,1
9108,40465,1
6717,23157,0
8105,4929,1
10658,47665,1
8714,11883,1
10981,25188,1
281,18416,1
3519,41937,0
10168,29684,1
10054,45726,1
4457,5795,1
6291,36701,0
5788,18917,0
4596,34312,1
6867,5348,0
9429,45371,1
4985,8454,1
9642,6511,0
5365,44182,1
3446,44907,1
9432,47766,1
1698,17347,0
492,2390,1
667,9948,1
7622,45180,0
4440,16035,1
6464,3037,0
5407,20841,1
7529,9591,0
8051,17946,1
1242,8148,1
3237,43847,0
596,37455,1
5303,30245,0
2064,25423,1
2948,13044,1
7814,31591,0
3128,1912,0
2758,26471,1
9437,11428,1
10283,17284,0
9925,13248,0
9194,30568,1
8088,33071,0
4862,23009,1
3594,17879,0
10365,10864,1
3546,31215,1
7159,32001,1
5008,33556,1
10749,38764,1
2370,12366,1
3469,13494,1
7393,33542,1
8631,10805,0
8509,48217,1
5825,33674,1
9851,4213,1
4776,13518,0
9633,31441,0
5458,46231,1
9895,24646,0
4141,44980,1
8656,15860,1
2601,11198,1
9676,43904,1
4652,31662,0
1304,26568,0
4619,43515,0
3686,8386,1
6396,31135,1
9899,23547,0
2450,19889,1
2848,4056,0
3604,33421,0
6532,37857,0
4629,35688,1
6376,49057,1
8175,24539,0
7669,17644,1
9543,4042,0
4812,47626,1
3400,23520,1
5236,43978,1
2875,11539,1
3205,47005,1
10103,9016,0
2065,29092,1
1818,35300,1
2605,3444,1
10042,25290,0
792,47136,1
8941,48617,-1
2738,26350,1
4382,37787,1
8276,8634,0
469,37047,0
10112,332,0
2039,10562,1
6890,42314,1
1165,47933,1
2851,37720,1
6630,41976,1
2792,9059,0
7691,20982,-1
9952,25498,1
3286,16447,1
4721,4648,1
5832,8202,1
6720,10761,1
8907,33272,0
2515,20688,0
2719,15185,1
5367,40039,1
7975,13551,1
11036,24100,0
996,36767,0
7594,8204,1
9888,15576,0
2712,49262,1
669,24807,1
8800,24170,1
8123,45044,0
1108,28400,1
4866,23057,0
9486,17021,1
4389,6531,1
7087,49620,1
3786,7433,0
7041,18352,1
793,28990,0
8840,38063,1
701,18398,1
5301,23590,0
10718,5966,1
3155,4065,1
9741,27426,1
9062,20237,0
5645,44502,0
3116,5747,0
10436,31501,1
6177,28595,1
7573,13244,0
397,44976,1
7911,12852,-1
431,24783,1
2817,18818,1
6442,33640,1
3096,31187,0
11037,39753,1
8135,30479,1
5972,23653,0
10026,41681,0
7608,15317,0
8059,31277,1
6703,13319,0
2837,38409,0
6702,44958,1
1842,42811,0
1162,48346,0
7457,30911,0
3849,49359,1
5511,31066,1
10864,8472,0
1834,6592,1
6801,12287,1
9750,4731,1
9912,3952,0
8749,34173,0
2689,7593,1
5667,3482,1
8325,44192,1
8072,17241,0
9488,13892,1
8696,14540,1
2980,46860,1
2914,13121,0
2577,2877,1
4632,10833,1
9303,37327,1
3295,9066,1
10871,34567,0
1095,23900,1
9054,48135,1
126,4617,1
7548,4704,0
7886,7414,1
1368,37461,1
1060,2372,1
1340,26825,0
4761,6565,0
7397,37956,0
1815,19163,1
1055,2547,0
258,32310,1
6344,49506,0
7258,7198,1
2225,24610,1
1498,4536,1
7837,23487,0
1895,34972,0
6427,13032,1
11123,45890,1
3980,24348,0
6175,14988,0
1758,11731,0
3730,24440,0
2425,22403,1
4061,8998,1
7508,27131,1
816,309,1
504,10209,-1
612,40420,0
9070,1591,0
2753,29181,0
8339,38430,0
9024,17403,0
909,31747,1
10588,34698,0
11134,32694,1
9640,14924,1
7652,3186,1
3208,13906,1
1128,21855,0
2199,6109,0
6330,47936,0
10826,26359,0
7632,12342,0
7970,34621,1
774,8456,1
3887,30360,0
6752,5536,0
9425,48384,0
3709,44890,0
7884,32780,0
7727,14951,0
1866,46570,1
3363,49797,1
7295,33254,1
2388,21948,0
212,49534,0
8382,5195,1
7752,3313,1
9000,38240,1
1301,8513,0
7069,10633,0
5350,37429,0
3358,12150,0
7370,7091,0
10794,784,0
5525,8961,1
3617,7664,1
616,11660,1
8820,48632,1
5722,11211,1
7991,20985,0
2501,34106,0
9830,39959,1
5983,43097,1
8850,20282,1
1513,11579,0
8326,24329,0
5632,24594,0
266,21552,1
2517,33760,1
424,2087,1
10151,10710,0
9564,47378,1
7651,28963,0
5410,11292,1
10762,30682,0
9631,13434,1
7747,42404,0
5143,2495,-1
1639,41571,1
1783,11426,1
720,39434,1
7311,47395,1
1809,48352,1
293,10891,1
7791,47205,1
5535,24442,0
87,36836,1
1410,12436,1
7909,22566,1
2671,24694,1
2525,29721,0
10593,19719,1
10759,12702,1
6277,20323,-1
3265,1337,1
9202,34860,0
1870,47758,1
7883,21459,1
10274,3793,1
10523,6396,1
290,43735,0
9532,6352,1
4511,5962,0
3147,20287,1
8706,38546,1
5920,10114,1
10169,46395,1
1414,38749,0
152,42889,1
6952,49682,0
9263,2809,0
6857,37172,1
1206,15164,1
9315,34403,0
1265,47852,0
8560,15503,1
4246,16723,1
2533,42926,0
9160,7134,1
9946,5730,1
5271,42791,1
4811,1445,1
7754,16375,0
230,14157,0
3618,41135,1
6042,46257,0
8365,3377,1
8645,37718,0
6193,6357,1
1027,7162,1
9587,1329,1
10525,3761,0
6253,29928,1
2737,6520,1
5109,8560,0
3439,48296,1
8675,39305,0
3497,25149,0
7719,17062,1
6258,45845,1
1359,15244,1
5622,2816,0
4888,28835,0
4188,12915,0
5086,1886,1
2807,22393,1
3630,34172,0
8977,10755,1
8704,41142,-1
8044,18674,0
5743,37257,1
6434,16729,1
2417,4697,1
3162,18128,0
1372,36210,1
12,38378,0
8355,22253,1
8628,26544,1
5270,41024,1
6415,43901,0
1203,20764,0
767,49621,0
10421,24091,0
8439,48405,0
6432,42642,1
5147,26342,0
10401,8891,1
2481,16383,1
9443,38896,1
5862,3529,1
846,17575,1
9816,49854,1
7189,27408,1
6316,21314,1
5686,650,0
2748,35133,1
7304,5002,1
6566,45065,1
2985,11760,1
1049,15511,0
9848,43459,0
3112,41251,0
5707,45768,0
6225,9775,0
8974,22599,1
7713,2369,1
6994,480,1
5550,41586,1
5642,41692,1
8920,18652,0
10867,3426,0
7196,40980,0
1328,46326,1
11060,20217,0
588,42910,1
2295,31788,1
5097,17020,1
1760,21393,1
6101,19813,1
9178,46720,1
3338,23374,1
9313,34094,0
1171,40815,1
2835,17713,1
3483,15082,1
1260,26667,1
11040,4451,0
6115,39915,1
31,36841,1
8937,7643,0
11033,41957,1
42,46281,1
6351,715,1
2565,4622,0
7870,15304,1
5633,47153,1
848,49684,0
1899,24439,0
7676,28203,1
5534,35345,0
2062,45700,0
1056,30372,1
2563,22861,0
7739,45392,1
10071,35301,0
524,10933,1
1999,45566,0
2489,3126,0
353,39661,1
7378,10639,0
9522,22525,0
10611,49113,1
5449,39684,0
5268,3484,1
5135,21259,0
3322,22038,1
6811,42622,1
5548,8427,1
9885,15539,0
66,43379,1
4402,26355,0
1796,23116,0
961,433,1
10351,13406,0
6064,20970,1
7013,45614,0
9953,15903,1
9286,30835,1
7114,8270,1
6800,34788,0
8148,1485,1
7056,7629,0
3047,32918,1
7279,26122,0
1057,29808,0
8566,36826,0
10851,1014,1
7090,45028,0
2158,1013,1
1980,23028,0
1161,3261,1
3343,18228,0
6441,15991,1
3560,48894,1
1132,14463,1
81,21181,1
3233,23364,0
773,9899,1
3367,10446,1
10578,38500,1
8317,31354,0
8015,47080,0
3500,43321,1
4688,45699,1
8580,42489,1
3539,19506,1
4884,48707,1
3146,49037,1
658,29556,1
9897,37880,0
2708,9579,1
190,31014,0
3812,38472,1
10263,15187,0
10531,22383,0
10006,22746,1
1037,6935,1
10371,31927,1
766,41783,1
2464,27479,1
911,1611,1
2699,9495,1
7967,28763,1
8933,33541,1
3860,40319,1
4561,31607,1
6166,47497,0
4373,48114,0
6404,14744,1
7201,49552,0
8086,41555,1
1309,33754,1
9153,16412,1
5653,8880,1
5506,17586,1
9597,27861,1
1736,3234,0
5141,36250,0
2965,8699,1
3835,26207,0
11095,20080,1
10208,1149,1
5016,14732,1
7086,14240,0
1854,25897,1
1282,47226,1
443,6812,1
5043,9220,0
10139,37709,0
3396,12358,1
5483,4070,0
10101,49700,1
7942,46224,1
2691,26139,0
2157,1389,0
8584,7939,1
6844,39038,1
7901,27637,0
10667,8845,1
8787,7564,1
8288,32884,1
1728,34278,1
7444,27441,0
3511,24085,0
8589,23500,1
4990,27428,1
9599,10802,0
10598,14148,1
1375,10621,0
3961,16187,0
7229,31941,1
7811,8116,1
4819,31521,0
7897,43858,1
7658,20861,1
4524,20796,1
8994,49147,1
3901,8558,0
4417,23854,0
10164,8002,0
1716,45760,0
270,36471,1
6637,13530,0
3453,971,0
5564,35762,1
7283,36337,0
2742,14694,0
7682,33099,0
5324,34487,1
9780,13651,0
8497,20598,1
1428,30982,1
8975,49111,1
2490,49157,1
446,14161,0
2181,1264,1
10331,31212,1
4158,6585,0
2048,23674,0
5508,18199,1
9520,4585,0
1800,45776,1
3795,40991,1
2752,16109,1
4667,29801,1
1700,7681,1
4501,46450,1
666,34590,1
3770,10637,0
4112,19523,0
2813,449,0
5439,35779,0
3088,13016,0
4648,10090,0
5285,48760,0
6256,15898,1
5481,28920,0
8723,49892,0
10788,41078,1
5058,44617,0
4325,9596,1
3015,8023,1
9938,26042,0
6684,44625,1
6489,1652,1
1952,35524,0
10281,44521,1
834,15302,1
10309,38860,1
2867,48551,0
1880,545,1
9644,28178,-1
3783,17618,0
8593,10984,1
2644,47830,1
4906,36315,1
1293,48911,1
9288,6117,0
2988,25231,1
7854,11115,1
3016,29043,0
7066,14671,0
9463,11873,1
5062,7432,1
5105,1991,1
7617,46836,0
6531,712,0
1694,41858,0
10473,5719,1
6392,21234,1
2621,10857,1
9099,35766,1
6946,46630,0
5777,26196,0
6057,18835,0
1157,10452,0
9170,33537,0
10143,2903,1
7929,29110,1
3905,49218,0
1886,9917,1
140,8779,0
1093,19433,1
6723,15904,1
4764,49678,1
3897,21880,1
3955,43519,1
4806,44685,1
2466,1598,0
10805,20710,0
859,3058,0
7947,38793,1
851,15201,1
4926,25653,1
647,28126,0
2589,10521,0
4959,16448,0
9689,13300,1
10076,35922,1
889,14961,0
10848,10791,0
6948,46029,1
4860,17218,1
9794,39501,1
7634,45004,0
8311,17808,1
559,50050,1
6,44569,0
2713,49505,0
10737,45968,1
10898,7311,1
10028,35748,0
4008,17390,1
4394,34282,-1
4314,26729,1
1921,2859,1
3914,41130,1
5863,39048,0
1808,35680,0
3563,22226,0
4892,42630,0
6806,21303,0
583,11636,0
2303,41766,1
6310,3750,1
9415,47984,0
3902,44203,1
4903,4264,1
8011,43287,0
797,41827,1
75,24038,1
9035,28688,1
6359,32605,0
10738,442,0
8292,32165,1
6807,22667,0
3409,25363,1
6658,6372,1
7798,29367,1
4243,48195,1
3908,19895,0
7800,32265,0
91,32630,0
4669,21661,1
10944,34358,0
9330,44698,0
8343,15985,1
4466,13068,1
9168,40439,1
9521,20646,1
8853,44851,1
3169,31303,-1
6149,14943,1
2780,48899,1
6747,44171,1
4255,42202,0
6874,34114,0
10995,28660,1
780,21808,1
6950,3852,1
1435,38119,1
5698,40226,1
1138,2151,1
4390,47192,0
10595,37955,0
5115,46676,1
2623,40949,1
1297,33798,1
4710,34436,0
4150,45097,0
10130,33490,1
9927,47664,1
6268,10940,0
5358,9055,0
6341,6955,0
2561,25767,1
3679,12377,1
6778,1531,0
7779,3441,0
3784,43212,1
9031,27123,1
6451,27239,1
6608,45076,1
10183,23186,0
3450,10488,0
5476,10842,1
5340,7768,1
5412,41017,0
8377,15830,0
754,2265,0
7536,23867,0
2436,3448,0
7546,7693,1
7611,12815,1
6276,49329,0
9626,37630,0
3371,41735,1
1598,41082,0
4684,6950,1
1515,29215,1
1259,19360,1
10703,12290,0
11077,9523,1
6766,10824,1
6309,17153,-1
10672,20239,0
23,12891,0
6424,30555,1
8442,32570,0
10906,461,0
5612,12985,0
5361,28208,0
5883,5763,1
5664,43594,1
7362,42512,0
3673,44029,0
6232,1890,1
2648,22867,1
3456,47731,1
6200,46063,1
3150,24995,1
3482,48280,0
11064,6659,1
1982,18470,1
10152,31155,1
6561,15516,0
2618,22849,1
4378,22868,1
1791,39867,1
312,11140,1
8801,10604,1
2329,28975,0
8732,24312,1
133,4,1
5001,28303,1
3342,33376,0
2031,31021,0
9876,10346,1
499,45907,0
10545,44133,0
2974,30007,1
7623,46182,1
4690,25554,0
5377,17821,1
7458,2935,0
3622,24198,1
1144,40329,1
2101,19600,1
10443,26356,1
6411,610,1
1534,41149,0
1993,22274,-1
3687,25629,0
2629,5,1
7589,1085,0
5516,26562,0
5067,46315,0
7356,42157,0
3431,45182,0
6228,1054,1
759,33916,0
9985,41632,0
8934,31589,0
6924,19951,0
6978,7009,0
5046,15439,0
11056,38252,0
2488,49930,1
9082,32463,1
6916,33391,0
9490,22779,0
6606,45810,0
2093,28485,1
5153,14825,0
6079,20077,0
2128,49122,0
9297,35866,1
3754,32889,1
4002,27465,1
6285,25483,1
10126,17791,0
9586,20981,0
325,28943,0
7214,27078,0
1603,44282,1
2990,30591,0
4666,21496,0
3273,49982,1
2418,19818,0
5908,4444,0
8424,28526,0
2394,15209,1
8792,16597,0
819,17180,-1
2372,15190,1
2475,6767,0
1437,21424,0
8871,4275,1
518,37984,1
9049,30837,1
1289,3943,0
9325,37307,0
9945,45925,0
6148,13053,1
9960,3195,1
10064,22389,1
2187,7569,1
10658,21367,1
8714,38654,1
281,49874,0
7532,47559,0
10168,16145,1
5309,22493,1
311,20925,0
536,31095,0
6248,13677,1
5479,8849,1
6291,30021,0
1637,46705,1
7104,36707,1
6931,40431,0
5365,25070,0
3446,41390,1
1698,45410,1
5501,33431,1
7622,45983,1
8702,33004,0
3707,39002,0
8051,21967,0
945,31593,1
6859,25358,0
10397,25512,1
3132,40939,1
1068,31660,-1
3375,8325,1
2827,25910,1
596,8999,1
3874,29732,1
2064,10923,0
3128,22448,1
9437,11086,0
9925,48031,1
9194,985,1
8088,31256,0
4862,28031,0
5339,44885,1
3594,27848,0
10365,39768,0
2665,9940,0
7550,43378,0
7159,45831,1
878,26770,1
10749,17094,1
7093,17331,1
3469,4913,0
7393,46768,0
8631,11576,1
8509,29084,0
7972,39011,0
5825,49824,1
2364,23156,0
4776,29691,0
907,4244,1
9633,1674,1
5458,26200,0
9895,23021,1
4141,5075,0
8124,49814,0
8656,20668,0
2601,6197,0
1304,16816,0
4619,12947,0
3686,9564,0
10398,29564,1
174,9795,0
2450,16926,0
4629,20188,0
6376,24259,0
4450,32154,1
441,9658,1
3400,32548,1
1032,11740,0
18,10630,1
2065,3818,1
9203,3875,0
1818,25641,1
351,41624,0
7377,37609,1
10042,37763,0
8941,8584,1
4382,4320,0
8276,8352,1
10730,23190,1
9364,9598,1
8955,37926,0
2039,16968,1
6890,34535,1
1165,40959,1
7054,40886,1
6630,17795,1
10067,44843,0
5728,46725,0
7691,11261,1
7714,40193,1
4180,27752,0
6552,29864,1
4721,40399,0
4331,14388,1
5832,5220,0
6720,41322,1
8907,35661,1
2515,24124,0
7975,36133,0
2160,40490,1
996,2639,1
637,8734,0
7594,43550,1
9484,29573,1
9888,3292,1
2712,41670,0
3382,46568,0
669,7750,0
1548,13803,0
8800,43628,1
5801,24488,1
7923,15032,1
4866,20935,1
7087,22384,1
5312,2790,0
5934,29844,0
5137,24097,0
3639,4931,0
3786,24451,1
7041,36386,-1
793,34983,1
714,25696,0
8840,26426,1
10297,30888,1
10140,45075,1
1295,35668,1
10718,47203,0
3155,24647,1
9741,45424,1
777,11241,1
9062,41833,1
7911,17197,0
8755,47022,0
431,49624,0
6939,34801,0
6442,37775,0
3096,23256,1
11037,41725,1
8135,20686,1
4584,25455,0
1211,41056,1
2249,15881,1
7608,44348,1
8059,32288,1
6703,48329,1
10886,26758,0
5175,47144,1
3191,44297,1
6334,9161,1
2837,13052,0
6702,13577,0
1842,18045,0
9076,47433,1
1162,40072,0
7457,15607,0
2342,47725,1
3849,38943,0
5511,31278,1
3275,40658,0
6801,29249,1
9750,41678,0
9912,48682,1
4309,4246,0
8749,41266,1
2689,47678,1
9473,2216,0
2996,35654,0
2980,21497,1
2577,18800,0
9140,2601,1
3295,38927,0
10871,38990,0
5414,30407,1
9054,41394,0
7548,15984,1
5465,44128,1
1340,20674,0
3066,31220,1
1055,40479,1
5084,40343,1
3281,38590,0
718,29438,1
7258,33974,1
3751,35783,1
1498,20526,1
7837,22843,0
1656,47881,1
1895,31949,0
6427,6072,0
11123,21611,0
3980,17040,0
3775,8307,0
6175,44337,0
1758,19299,1
3730,24782,1
2747,8730,0
3087,19264,1
3989,28455,0
7508,24474,0
816,5944,1
504,49404,1
612,7813,1
9070,11133,1
2753,35079,0
9024,40604,1
38,19824,1
8817,8350,1
9640,38607,1
10729,6734,0
765,10894,1
3208,41215,1
4874,40390,0
6330,34941,0
636,33517,1
10826,19439,1
7632,3651,1
835,48814,1
7970,30906,1
774,38618,0
8168,47544,0
3887,13340,1
6752,26815,1
4241,13231,1
9425,4250,0
7679,22815,0
3709,3449,0
7884,22355,1
10637,33851,1
8195,48077,0
3960,26298,0
7727,31527,0
1866,21394,1
3363,37156,0
2388,11671,1
1226,33177,0
212,45493,1
9858,5685,0
8382,34012,0
7752,47066,0
8489,24880,0
8248,7920,0
5350,10653,0
7370,16971,0
10794,12754,1
1139,43884,0
5525,36723,0
3617,39380,0
616,31754,1
908,27838,0
5722,5307,0
10316,26211,1
3595,18003,1
10547,33648,1
8815,8459,1
2501,17494,1
9830,44925,1
5034,13124,1
8326,46952,1
5632,19151,0
266,43749,0
2517,2171,0
1941,3197,1
2197,18508,0
7349,47277,1
9564,9956,1
7651,31056,0
1229,7741,1
9631,46425,1
7747,15794,1
5143,12999,1
1639,18896,0
8522,22642,1
720,49780,0
1809,11774,1
8503,23502,1
7791,49016,1
4653,19026,1
1410,17410,1
2384,23813,0
2671,41965,1
10638,14376,1
3265,2694,0
9202,9094,1
7751,44516,0
1630,5450,1
7883,31490,1
10274,36854,1
10523,49396,1
290,5564,1
7664,37366,1
9532,2001,0
4511,18162,0
10215,12723,1
5219,16379,0
2999,32448,0
5273,14494,0
10389,11703,1
10169,38543,1
3283,42849,0
3100,37589,1
7774,27845,1
1414,26381,1
6952,14749,0
9263,42640,0
6857,13588,1
9935,49950,1
9315,45991,1
1265,17406,1
8560,34578,1
2786,2332,1
4246,39177,0
6515,5398,1
581,43941,0
6893,4274,1
9160,39437,1
689,35007,0
3618,29339,0
6042,34076,1
8365,40117,0
9367,22928,0
8890,14594,1
1027,19326,1
10525,35899,0
6253,37117,0
8689,7510,0
6621,24471,0
1193,22317,1
8675,21857,1
4261,20258,1
3497,26930,1
7719,27540,1
1359,29622,0
3852,4226,0
4888,7272,0
2420,19006,0
4583,24543,0
114,29951,1
5086,5780,0
2807,14877,0
8977,35172,1
8704,19274,1
9452,2650,1
5743,17735,0
8312,32553,0
6434,48050,0
5204,4743,0
2417,11895,0
3162,13106,0
8355,5111,0
8628,47584,1
8421,42066,1
5270,2127,1
6415,23676,1
5672,32579,0
10769,17288,1
767,4637,1
6432,38313,1
5147,46813,1
10401,13653,0
10138,32333,1
5862,1251,0
9308,5199,0
846,4201,1
9816,45142,1
7189,42263,0
8062,6705,0
2803,19672,0
6073,8353,1
2748,36612,1
7304,10160,1
6566,6220,0
400,45701,0
9848,11782,0
8694,6528,0
3112,47224,0
5707,22767,1
6225,97,0
10777,26841,0
8974,41238,0
7713,26931,1
6994,3257,1
10144,46234,1
5642,40268,0
10461,16300,0
10867,49260,1
7196,35142,1
2239,12307,0
9320,2356,0
2295,29689,1
2926,26000,1
5097,8607,0
923,31100,1
6101,48493,1
9178,7199,0
3338,43741,1
7908,42064,0
3420,22154,1
1171,43640,1
3483,39130,0
1260,47344,-1
6578,38770,1
11093,32608,1
7932,8567,0
8937,35880,1
11033,658,0
2822,3060,1
42,27799,0
6351,34160,1
6192,9267,1
1450,33491,1
3079,25682,1
7937,3273,1
7870,4995,-1
5633,16179,1
8825,46250,0
5534,9452,0
9943,506,0
9434,36404,1
4771,11008,1
4753,22218,0
771,4245,0
2563,6434,0
5890,46504,0
5332,22650,0
10071,3340,1
2411,4927,1
7180,28761,1
2489,44342,1
353,20426,0
4010,38869,1
5449,38870,0
5268,20178,0
8435,7648,0
5548,20692,1
10149,14458,0
9885,14538,0
8639,36928,1
4402,48621,1
6549,32849,1
8602,18778,0
961,48960,1
10351,21830,1
6064,27934,1
958,47530,1
10696,4127,1
7114,35760,1
8148,2848,0
7056,29280,1
3047,7448,1
7279,3712,0
1057,22729,1
6934,30167,1
1182,29899,1
11047,36018,0
1755,5735,0
8566,15347,0
10851,243,1
6269,38602,0
7090,4843,0
2158,48258,1
1161,4309,0
3560,34671,0
1132,48746,1
5065,23402,1
3233,28624,1
576,25863,1
6526,38898,1
4379,43338,0
5937,37696,1
8317,37213,0
8015,14564,1
3500,15783,1
8580,42246,0
3539,9880,1
6453,4846,1
4187,46178,1
4902,30872,0
7402,15806,1
2708,38019,1
8744,18444,1
190,24791,0
10263,22739,1
10531,43939,1
7162,596,0
10006,47033,1
10371,42958,1
766,20927,1
5802,24874,0
2464,5103,1
911,3570,1
2699,47073,1
7967,41297,1
8933,18305,1
8400,28055,1
8838,25435,1
1309,49129,1
9153,18790,1
5506,32958,0
1736,7116,1
7416,9557,1
3408,44564,0
5141,35199,1
8304,5371,0
6879,23133,1
8618,49545,1
9609,37809,0
966,15319,1
6749,22033,0
2965,49916,1
3810,40470,0
3835,37486,0
11095,44855,1
10208,48502,1
5016,34647,1
7086,12446,0
1854,5609,1
3799,38008,0
10146,4399,1
8803,32350,1
10008,25652,0
1282,28839,1
6824,36323,1
443,16036,0
4974,36530,1
2690,1154,1
10139,33229,1
360,27196,0
7942,21637,-1
2691,2286,1
10647,46854,0
7264,8079,1
8584,36562,0
3867,33140,0
6844,10113,1
4871,14546,1
10667,42830,0
1728,48387,1
522,37166,0
7444,35847,1
3511,25930,0
8589,5731,0
4990,13657,1
1375,40335,1
6795,9398,1
7229,13109,1
5,21184,1
7504,1191,1
7658,30234,1
8823,37641,1
4524,31216,1
3716,36367,1
8994,5675,0
4417,10444,1
10164,45080,1
3934,39362,0
1716,24466,0
7285,50017,1
270,5452,0
6637,28356,1
3698,9013,1
10715,4950,0
7682,7305,1
8780,15370,1
9780,9238,1
8497,40979,1
1428,12303,1
4823,36813,1
682,5219,0
10544,49696,1
2181,1799,0
5778,38842,1
5288,44539,1
5508,17326,0
9520,44626,1
1800,710,1
3795,35097,0
3471,16364,1
4667,19664,1
1700,48534,1
4433,16760,1
5596,35814,0
280,26685,1
10940,49076,0
7757,28454,1
666,19392,1
4897,20628,1
2813,46733,0
5439,1541,1
3088,32015,0
6445,25242,1
6256,38219,0
3110,44739,-1
5481,26854,1
1115,13118,0
5892,32931,1
10788,42166,1
4325,32834,0
3015,25052,1
6422,40418,0
6684,48179,0
6489,29935,0
6761,14882,0
7723,8929,1
834,48774,1
10309,48216,0
2867,41817,1
1880,40078,1
9644,609,1
6135,7197,1
3783,31642,1
8593,29501,1
2644,49427,0
4906,10228,1
1293,46307,0
10817,13114,1
4355,10290,1
9288,12651,1
2988,16172,1
6896,35211,1
9620,49149,1
2630,31204,0
3016,27025,1
7066,31547,0
5062,425,0
5105,19088,1
7617,22217,1
6531,4880,0
1694,1920,0
3740,42773,1
7121,25093,1
6946,23582,1
9170,9355,0
10143,27574,1
7929,45587,0
2759,15420,0
140,35293,1
2881,11405,1
9139,49785,1
5891,12121,0
7238,48009,1
1093,2940,1
4764,13695,1
2404,22897,0
4806,46679,1
2466,46468,0
9949,20552,1
859,4356,-1
1682,33971,0
851,30962,0
647,19903,0
8034,3219,1
4959,8298,1
9689,10688,1
3160,2768,1
10076,7452,1
1651,41719,0
889,10072,1
1463,14060,1
10848,40294,1
6948,16473,0
9794,36014,1
10860,34207,1
8311,27445,1
406,48818,1
559,7682,0
7487,35915,0
2713,1932,1
8459,4149,1
10737,24517,0
10898,41261,1
10028,20093,1
4314,25895,0
3138,22755,1
7096,42513,0
4892,363,0
5185,7635,1
2303,39826,0
6310,47209,1
9415,9771,1
157,24968,1
7951,17849,1
3902,42966,0
2675,11156,0
1699,5468,0
4903,6699,1
8011,6448,0
797,16696,0
2472,32749,0
1354,25562,1
981,10305,0
6359,45548,1
271,32925,1
526,8028,1
10738,17689,-1
6807,27092,1
2540,9907,0
4793,21360,0
3409,42168,1
6658,40288,1
7798,23231,0
2250,17130,0
3908,10992,1
2480,38163,1
7800,42964,1
10944,36980,0
9330,39175,0
8343,46616,1
9331,5583,1
6969,19434,0
4466,8897,0
6206,3133,1
3944,25587,1
6869,3430,1
892,10425,0
2780,42551,0
6747,46680,1
4730,1283,0
4255,1626,1
1435,25098,0
4071,45277,1
5857,13263,1
5698,6595,0
1138,31276,1
4390,40716,0
10595,34986,1
9821,9303,1
7553,27578,1
2623,34287,1
4710,31599,0
9349,41700,1
10130,42089,0
4624,14789,1
5358,42159,1
6341,1869,0
4779,6353,0
3679,12878,1
621,39708,1
3784,789,1
6451,21573,1
6608,46303,0
10183,1883,1
3450,35940,1
5340,39721,1
4107,15527,1
4734,196,1
2246,27969,0
9695,22457,1
7546,2344,1
7611,38888,1
3371,8687,0
1598,8640,1
4684,24520,0
1515,37197,1
11011,7591,0
1259,13910,0
300,39354,1
10703,6828,0
11077,9149,1
6766,12250,1
3585,44395,1
10672,31598,0
23,44850,1
6424,42749,1
8442,25135,1
10906,38200,1
5612,46088,1
5361,43542,1
1762,22503,0
7362,13610,0
3673,29618,0
2648,21905,1
2244,8137,0
3150,28329,0
3482,44092,0
2139,37036,1
1982,29033,1
11133,21140,1
9622,34258,1
7060,16747,1
9638,15887,0
3109,12019,1
2618,28422,1
4378,563,0
1791,42203,1
312,6382,1
7785,27917,0
2178,16601,0
8577,24668,0
8801,43119,1
5001,11998,0
2031,4271,1
9253,19390,1
499,25434,1
591,43700,1
10545,10666,1
2974,32127,0
7623,47874,0
7262,9923,0
3622,34759,0
6710,9502,1
3543,8693,0
2101,16481,1
2651,41231,-1
5420,28069,0
216,43399,1
11054,40477,0
7858,38310,0
9148,3841,1
2235,16061,1
3687,40160,1
2629,15454,1
5516,16895,1
7356,49140,0
3431,14922,0
10133,8142,1
9985,11582,0
8934,10859,0
6924,34649,1
6978,8855,1
5466,29637,1
6606,9416,1
2093,46165,1
7505,41494,1
9683,42231,1
6079,32874,0
9297,49899,1
3754,13091,1
4002,40684,1
6285,33353,0
798,48692,0
10126,35615,1
309,5086,-1
9586,16973,0
10326,47188,1
4714,49886,0
1603,19666,0
2990,30795,0
4666,36752,1
3273,43036,1
2418,16618,1
8184,37730,0
5908,14559,0
2394,28881,0
8792,14779,-1
8620,3331,1
9982,3232,1
2372,16588,1
2475,34495,1
6238,12598,0
8871,37994,1
8886,42902,1
9049,19004,1
1289,25550,1
2804,30357,1
9325,39468,1
3246,14872,1
9945,6472,1
2702,19751,0
6148,22330,0
10064,5939,1
740,15803,1
8071,35675,1
5690,13795,1
6717,19182,1
8714,25354,1
10168,35686,0
311,23012,0
10054,5571,0
536,4882,1
6248,5295,0
5479,6147,0
6291,12600,1
5788,35725,1
6867,2743,0
9642,30281,-1
5365,21053,0
2768,30919,1
10748,16779,1
3446,1760,1
1698,22633,0
10987,38999,0
6464,14392,1
5407,41565,0
7529,44233,1
8051,19616,0
6859,27595,1
3132,41910,1
1068,13524,0
3375,31357,0
1242,36574,0
2827,40428,1
3033,5642,0
3874,17010,0
2064,1488,1
824,41930,1
2758,42118,1
9437,11438,0
4830,30259,1
1562,43162,0
5306,34182,0
8088,18762,1
4862,17875,0
5339,34330,0
3594,47565,1
7550,25704,1
3546,21676,0
7093,39587,1
3469,39012,1
7393,15156,1
8631,27236,1
5825,29793,1
9851,39284,1
2364,17367,1
4776,6847,0
907,37871,0
9895,34258,1
4141,29581,1
8124,8833,0
8656,24344,0
4619,14297,1
3686,30089,0
6396,24234,1
10398,50038,1
2450,44821,0
1046,50056,0
6532,15303,0
4629,22832,0
6376,24270,0
8175,6063,1
7669,35769,0
9543,29272,1
4812,32660,1
3400,39019,1
1032,3973,1
5236,28265,0
18,14491,0
3205,47219,1
2065,29290,1
1818,23879,1
2605,42714,1
792,46099,1
8941,44119,0
2738,32072,0
8276,44910,0
10112,8981,0
2039,10781,0
6890,28279,0
1165,9552,1
7054,31409,1
6630,46636,1
2792,17154,1
10067,48435,0
7828,27437,0
4180,31988,1
6693,8625,0
3286,11697,0
6552,8151,0
4721,31080,1
8907,32498,1
2515,15907,1
7975,1130,1
11036,5120,1
2160,2081,1
996,29946,1
637,37151,0
9484,33397,0
9888,48252,0
2712,11721,1
1548,24699,1
8800,8776,1
5801,49535,0
1108,279,0
495,16012,1
8142,28048,0
4389,20901,0
8614,35570,1
5137,48515,0
7041,2326,0
8840,4982,-1
10297,46900,1
223,38663,1
8669,31574,0
1295,2382,1
3155,48889,1
9062,35871,1
5645,20516,0
3116,33448,0
6177,26687,0
7911,26170,1
6939,25909,1
3096,48548,0
8135,42865,1
4584,23550,1
3145,8658,1
2249,44395,1
3779,24027,1
1408,5167,1
5972,15508,1
6635,29154,0
2243,40435,1
10026,32578,0
7608,46078,0
6702,16296,0
1842,11522,1
7457,13171,1
3849,1857,1
5511,16975,0
10864,45900,0
7309,49154,1
2996,20036,1
7886,20036,1
2682,20036,1
636,20036,1
7970,20036,1
5606,20036,1
619,20036,1
7651,20036,1
8522,20036,1
10523,20036,1
2786,20036,1
3497,20036,1
5743,20036,1
8421,20036,1
9313,20036,1
1260,20036,1
11047,20036,1
10302,20036,1
658,20036,1
2708,20036,1
3812,20036,1
8803,20036,1
6844,20036,1
7229,20036,1
5508,20036,1
2759,20036,1
3897,20036,1
4959,20036,1
8853,20036,1
2780,20036,1
6778,20036,1
23,20036,1
11133,20036,1
591,20036,1
9317,20036,1
9082,20036,1
309,20036,1
4714,20036,1
8871,20036,1
8071,20036,1
6717,20036,1
4596,20036,1
5501,20036,1
4830,20036,1
1562,20036,1
4141,20036,1
4721,20036,1
7975,20036,1
7594,20036,1
7087,20036,1
9330,34705,0
5449,21008,0
7886,22986,0
9226,35314,1
9226,25575,1
9226,26351,1
9226,4805,1
9226,12643,1
9226,37054,1
9226,9922,1
9226,29429,1
9226,11256,0
9226,26199,0
