user_id,text_id,gold,predictions
6128350698321225808,7929378450804902186,0,1
6128350698321225808,5087817458522807201,1,1
6128350698321225808,9892531563168372198,1,0
6128350698321225808,5699650005495987177,0,0
6128350698321225808,14235529860542721717,0,1
6128350698321225808,1404454011231181935,0,1
6128350698321225808,7069698016871482590,0,0
6128350698321225808,9880070464929864691,0,1
6128350698321225808,15199606535292510254,1,1
6128350698321225808,7194413220301445091,1,1
6128350698321225808,15981438376048120138,0,0
6128350698321225808,4111275796150515393,1,1
6128350698321225808,10759651364126332938,0,1
6128350698321225808,6866136520524428526,1,0
6128350698321225808,14159085272426277940,1,1
6128350698321225808,10991162465611372204,1,1
6128350698321225808,9332216354235239577,1,1
6128350698321225808,17391678265024430190,1,1
6128350698321225808,9288578092012207999,0,1
6128350698321225808,14913230889526056834,0,1
6128350698321225808,1480975117155057726,0,1
6128350698321225808,8731138456805366366,0,0
6128350698321225808,13140554766450390596,0,1
6128350698321225808,15022356515598620923,0,1
6128350698321225808,110951133163032239,1,1
6128350698321225808,6022403396194215513,1,1
6128350698321225808,8213544748931068390,1,1
6128350698321225808,4566847582853737699,1,1
6128350698321225808,12713242224375342267,0,1
6128350698321225808,4029672929850938682,0,1
6128350698321225808,5258255133293972762,1,1
6128350698321225808,6478127598947228840,1,1
6128350698321225808,8609344795469330950,0,1
6128350698321225808,17321744333221405148,1,0
6128350698321225808,9053782119640710872,0,1
6128350698321225808,13508618384445002059,0,0
6128350698321225808,6022303872475566641,0,0
6128350698321225808,13195699836863525417,0,0
6128350698321225808,18255440223756334311,0,1
6128350698321225808,11183513094341724869,1,1
6128350698321225808,9570729745243534535,1,1
6128350698321225808,17284693788892545791,1,0
6128350698321225808,13783389138470394275,1,1
6128350698321225808,11665397099847882177,1,0
6128350698321225808,1494491227509171793,0,1
6128350698321225808,12653508511648487480,0,0
6128350698321225808,10246248903153794444,0,1
6128350698321225808,796304554930537229,1,1
6128350698321225808,2147431957462330861,0,1
6128350698321225808,987488162204765359,1,1
6128350698321225808,3716179694187603435,0,1
6128350698321225808,15346598173813936908,0,1
6128350698321225808,15985788831181531303,0,1
6128350698321225808,12792642954281200326,0,0
6128350698321225808,3066508255944972126,0,1
6128350698321225808,13308770796941549413,0,1
6128350698321225808,14378712679456656376,1,0
6128350698321225808,2798172058076710220,0,0
6128350698321225808,18124776358422270596,1,1
6128350698321225808,12730344312326766310,0,1
6128350698321225808,3177166335223831649,1,1
6128350698321225808,6045931461858695935,0,1
6128350698321225808,1992438520869007553,1,1
6128350698321225808,1224618916073579412,1,1
6128350698321225808,6156949878616043295,0,1
6128350698321225808,4818083732588077739,0,1
6128350698321225808,16791066478491151792,1,1
6128350698321225808,12032339428788574827,0,0
6128350698321225808,1228917811184567623,1,0
6128350698321225808,5781156711454270386,0,1
6128350698321225808,163933303977207701,0,1
6128350698321225808,1762905437942493676,1,0
6128350698321225808,17084731760614718102,0,1
6128350698321225808,308544463010673969,1,1
6128350698321225808,10712447643999663578,0,1
6128350698321225808,10955872868645945639,0,0
6128350698321225808,1658957133182822858,1,0
6128350698321225808,5086571222516642030,0,1
6128350698321225808,7919563079460479365,0,1
6128350698321225808,4632657212754877024,0,1
6128350698321225808,15077530538681294296,0,1
6128350698321225808,8962352283766385676,0,0
6128350698321225808,12107775411054450055,0,0
6128350698321225808,7022201738399120054,1,0
6128350698321225808,11246263881112003776,0,1
6128350698321225808,5696351656932794278,1,0
6128350698321225808,2171424250009987854,0,0
6128350698321225808,6615524373281135164,1,1
6128350698321225808,1369922545245478131,0,0
6128350698321225808,4464572175652550662,0,0
6128350698321225808,5077383826598819238,0,0
6128350698321225808,14793055240195446422,0,1
6128350698321225808,9135064720356262759,1,1
6128350698321225808,1105071474146332825,0,0
6128350698321225808,4945780202038473529,1,1
6128350698321225808,3104829053489084046,0,0
6128350698321225808,9338358934520072942,0,0
6128350698321225808,15181348832447367033,0,0
6128350698321225808,400470516716974227,1,1
6128350698321225808,16661224511602066779,1,0
6128350698321225808,14808077629649868226,1,0
6128350698321225808,1387307447521022452,1,1
6128350698321225808,9760578620343382394,1,1
6128350698321225808,4776766844545402169,0,0
6128350698321225808,5024217904046789132,1,0
6128350698321225808,8753443490966749673,0,1
6128350698321225808,7945624106219865381,1,1
6128350698321225808,8094062721450141886,1,0
6128350698321225808,15442499794328901953,0,0
6128350698321225808,9757032263761237337,0,0
6128350698321225808,10952566485778715005,0,0
6128350698321225808,17467058555358118724,0,0
6128350698321225808,1550188920083056624,0,1
6128350698321225808,2494918957465985657,1,1
6128350698321225808,715591891465194627,1,1
6128350698321225808,9960594087230711855,0,0
6128350698321225808,16590093978563723289,0,0
6128350698321225808,2696131653767101629,1,0
6128350698321225808,11097874025012902739,0,0
6128350698321225808,8345748180043333012,1,1
6128350698321225808,7546264591390834647,0,1
6128350698321225808,5619750973412664556,0,0
6128350698321225808,10123411132932624370,1,1
6128350698321225808,18202644670324979860,0,1
6128350698321225808,17677722333818434448,0,1
6128350698321225808,9010557582404558057,1,0
6128350698321225808,11181180353820253723,0,0
6128350698321225808,3963022998517083556,1,1
6128350698321225808,15001197000521501110,0,1
6128350698321225808,12155132094884800276,0,0
6128350698321225808,16818674559471311817,0,0
6128350698321225808,4532153361474374606,1,0
6128350698321225808,8513077566245867584,0,0
6128350698321225808,3444941140213145009,0,0
6128350698321225808,8317156188812764999,0,0
6128350698321225808,12666453447423642814,1,1
6128350698321225808,2716109753951228764,0,1
6128350698321225808,14461795577459161543,0,0
6128350698321225808,16603313988062127963,0,0
6128350698321225808,4401179464498024345,1,1
6128350698321225808,11016757684636983227,0,1
6128350698321225808,2570064853712026336,1,1
6128350698321225808,190404346712330570,0,1
6128350698321225808,3028397781136901929,0,0
6128350698321225808,17947839381126873646,0,0
6128350698321225808,11638695961079533437,0,0
6128350698321225808,13729429942050230846,0,0
6128350698321225808,15108959695606056752,0,0
6128350698321225808,6370481645005124943,0,0
6128350698321225808,6953800902481312313,0,0
6128350698321225808,2881395947841647098,0,0
6128350698321225808,3833124134411061512,1,0
6128350698321225808,744414682266816662,0,0
6128350698321225808,17039035072812955161,0,0
6128350698321225808,12423792980979386301,0,0
6128350698321225808,2159449821286018441,0,0
6128350698321225808,2598413414464296907,0,1
6128350698321225808,12320019424526915925,1,0
6128350698321225808,9375671993763568549,0,0
6128350698321225808,2539184509778509971,1,0
6128350698321225808,860991487722767031,0,1
6128350698321225808,9970444717820272257,0,0
6128350698321225808,5008217324220403510,1,1
6128350698321225808,13547052920593937701,1,1
6128350698321225808,18160181504598384847,0,1
6128350698321225808,1823802477737479114,0,0
6128350698321225808,3085500537888849015,0,1
6128350698321225808,6281718940877300295,0,1
6128350698321225808,11075766001583320908,1,1
6128350698321225808,9948340211407414607,0,0
6128350698321225808,11781354686012350145,0,1
6128350698321225808,12396589680164041826,0,1
6128350698321225808,14471474505457589778,1,1
6128350698321225808,5582565929207197110,0,1
6128350698321225808,16605114639263572163,0,1
6128350698321225808,17433647911008019089,0,1
6128350698321225808,15627382500109600487,0,0
6128350698321225808,5277128470514212818,0,0
6128350698321225808,6426712480214549089,0,0
6128350698321225808,11596369929579198714,0,0
6128350698321225808,12414230000873050921,1,1
6128350698321225808,7887031020817946739,1,1
6128350698321225808,4456254234753753687,1,1
6128350698321225808,8740994953571616714,0,1
6128350698321225808,9342901600833142712,0,0
6128350698321225808,7620700276056399881,0,0
980644620475359079,3016838004295145180,0,1
980644620475359079,1553319659312964858,1,1
980644620475359079,16200155744257079222,1,0
980644620475359079,9547414031328828061,1,1
980644620475359079,9785283526609185923,0,1
980644620475359079,7296752617997821496,1,1
980644620475359079,9452473989145066203,1,1
980644620475359079,4282224837338996480,0,0
980644620475359079,18027952578534459637,0,1
980644620475359079,13655731351413452946,1,1
980644620475359079,1860694335383281636,1,0
980644620475359079,1272865228611958748,0,1
980644620475359079,10129690496306170634,1,1
980644620475359079,15377356841294647108,1,1
980644620475359079,758380033503478192,0,1
980644620475359079,5248434549434475559,1,1
980644620475359079,11168152259119887982,1,1
980644620475359079,8577362625205582110,1,1
980644620475359079,2180610546176506072,0,0
980644620475359079,18117744069112493959,1,1
980644620475359079,12958354541295840259,0,0
980644620475359079,1979187431076323279,1,1
980644620475359079,11321533850851905476,1,1
980644620475359079,16715416795474646511,1,1
980644620475359079,6022403396194215513,1,1
980644620475359079,397404902274960127,1,0
980644620475359079,17951903750291983899,1,1
980644620475359079,4029672929850938682,0,1
980644620475359079,2940007154351408401,1,0
980644620475359079,11731900591591769846,0,0
980644620475359079,6478127598947228840,1,0
980644620475359079,6897448070500887776,1,0
980644620475359079,3354930586109618038,1,1
980644620475359079,11684890718691261771,0,1
980644620475359079,680544976124227837,0,1
980644620475359079,18441007300772615773,1,0
980644620475359079,1287352648639119638,1,1
980644620475359079,17174751448823803658,0,0
980644620475359079,5678657128737226933,0,0
980644620475359079,11028772675694269516,0,0
980644620475359079,6737786281598811972,0,0
980644620475359079,782272338936131212,0,1
980644620475359079,6749561760490797790,0,0
980644620475359079,7843823778805959889,0,1
980644620475359079,12509362843907782210,1,0
980644620475359079,16014720863927727116,1,1
980644620475359079,13418815396726513379,0,0
980644620475359079,5281086127952326893,1,1
980644620475359079,13265456713402553299,0,1
980644620475359079,2147431957462330861,0,1
980644620475359079,15000720418072640491,0,0
980644620475359079,13284726800419364809,0,0
980644620475359079,5982190239524305641,0,1
980644620475359079,890617849766809373,1,0
980644620475359079,16052912754973431232,0,1
980644620475359079,5443555597805477535,0,1
980644620475359079,7573324317894269489,1,0
980644620475359079,15439109446949165298,0,0
980644620475359079,4113688414455179003,1,0
980644620475359079,5168895926350948246,1,1
980644620475359079,8043713831132509359,0,0
980644620475359079,7159519166248696311,0,1
980644620475359079,459627250708053666,0,0
980644620475359079,7050875997007008090,1,1
980644620475359079,13129925528315583271,0,0
980644620475359079,10347689196989063143,0,0
980644620475359079,4460397864395689233,0,0
980644620475359079,12234222559532483969,0,0
980644620475359079,4750181532054483217,1,0
980644620475359079,3359856983157339334,0,1
980644620475359079,15882964342712828118,1,1
980644620475359079,3083635222045845616,0,0
980644620475359079,404079800638188705,0,0
980644620475359079,2305914820310422112,1,1
980644620475359079,16660803295790415402,0,0
980644620475359079,8361835924240469487,1,0
980644620475359079,5607075334077165381,0,1
980644620475359079,5781156711454270386,0,1
980644620475359079,7501367951275826663,1,1
980644620475359079,10566526188954558074,1,1
980644620475359079,10630314162256371002,1,0
980644620475359079,10550787828065745037,1,1
980644620475359079,2215052499524888429,1,0
980644620475359079,11505523902674784523,1,0
980644620475359079,4632657212754877024,0,1
980644620475359079,13332048771176767945,0,1
980644620475359079,7716994011816215905,0,0
980644620475359079,825232993163451152,1,0
980644620475359079,18130704993876389415,1,1
980644620475359079,3281712088521788132,1,1
980644620475359079,8331648834297686937,0,0
980644620475359079,13910922265997319348,0,1
980644620475359079,18363814362735886987,0,1
980644620475359079,4531895525480313449,1,0
980644620475359079,13028521024123092327,1,1
980644620475359079,6173433389787238933,0,1
980644620475359079,12431264571717820986,0,0
980644620475359079,9135064720356262759,1,0
980644620475359079,8149373956411187625,1,1
980644620475359079,13324812956332706501,0,1
980644620475359079,6884807327364828111,0,0
980644620475359079,719941436177191377,1,1
980644620475359079,973110847507260991,1,1
980644620475359079,7276862490724426469,0,1
980644620475359079,3828048175608249871,0,0
980644620475359079,7647705682954300221,0,0
980644620475359079,14347442964155623075,1,0
980644620475359079,17370320104416445060,1,1
980644620475359079,1078674014134813328,0,0
980644620475359079,8891077252178256310,0,0
980644620475359079,3925185203201031507,0,0
980644620475359079,5096184235600212518,1,0
980644620475359079,9993991075571720492,0,0
980644620475359079,1585979422886953398,0,0
980644620475359079,10820347393822892518,1,0
980644620475359079,12528821327842142240,1,0
980644620475359079,5703338432292269099,0,0
980644620475359079,12111161989722796656,0,0
980644620475359079,18051739629226191443,0,0
980644620475359079,5711118393422384171,0,0
980644620475359079,9435191493326784276,0,1
980644620475359079,8325928131169749606,0,0
980644620475359079,9000807150440773729,1,1
980644620475359079,6824020482731922924,1,1
980644620475359079,16410964812209058813,0,0
980644620475359079,13116923896056431417,1,1
980644620475359079,6331466687633781008,1,1
980644620475359079,13817571516744297321,1,0
980644620475359079,5994282199016119519,1,1
980644620475359079,7969874143526926274,1,1
980644620475359079,11239292325677265551,0,0
980644620475359079,2918117326134072567,0,1
980644620475359079,16062515385151694867,0,1
980644620475359079,11812018512647474879,1,0
980644620475359079,6998061003557710295,0,1
980644620475359079,15406135054692766161,0,1
980644620475359079,9948431312317134640,0,0
980644620475359079,18202644670324979860,0,1
980644620475359079,9492419726028377527,0,1
980644620475359079,6645728330359248413,0,0
980644620475359079,1039190629169365646,0,0
980644620475359079,7607281263965306449,0,1
980644620475359079,1566273606072298107,0,0
980644620475359079,1159171752069299552,0,1
980644620475359079,1726229100457442968,0,0
980644620475359079,1752471139845624580,0,0
980644620475359079,1423063399228285730,0,0
980644620475359079,7981624051161044301,0,0
980644620475359079,1012181702645317228,1,1
980644620475359079,9457107999958889025,1,0
980644620475359079,16541447074988105812,0,0
980644620475359079,4939414217279638196,1,0
980644620475359079,378605396817147559,0,1
980644620475359079,8044836940508520757,0,1
980644620475359079,502941888358747758,0,0
980644620475359079,15390054030215079563,0,0
980644620475359079,17451851522072208864,0,0
980644620475359079,4196612693282853359,0,0
980644620475359079,17099521325422428021,0,0
980644620475359079,1571627399344731486,0,1
980644620475359079,1028790388958682342,0,1
980644620475359079,13729429942050230846,0,1
980644620475359079,12897858443327188917,1,0
980644620475359079,8226752757125118067,1,0
980644620475359079,3992509897556363901,0,0
980644620475359079,16344241697424976835,0,0
980644620475359079,4612423399191941645,1,0
980644620475359079,9494706144405769503,1,0
980644620475359079,8176968911252224842,1,1
980644620475359079,3057843989676728360,0,0
980644620475359079,15582198324053851295,1,1
980644620475359079,3090486106767373441,0,1
980644620475359079,11006949181867995512,1,0
980644620475359079,17948566777005744942,0,1
980644620475359079,12144838201704386820,0,0
980644620475359079,3331766919205795753,0,0
980644620475359079,3032379229461290521,0,0
980644620475359079,14488124431100792431,0,1
980644620475359079,17610402271323484290,1,0
980644620475359079,16605114639263572163,0,1
980644620475359079,2035849998131093800,0,0
980644620475359079,3356303501146686861,1,1
980644620475359079,17433647911008019089,0,0
980644620475359079,11867975089556206906,0,1
980644620475359079,7762974798373644537,0,0
980644620475359079,11242392718634377750,0,0
980644620475359079,15116645019249820501,0,0
980644620475359079,12051625983783352710,0,0
980644620475359079,3025222563730209640,0,0
18267813291621497715,8372628656930280988,1,0
18267813291621497715,18436314025996219174,0,0
18267813291621497715,9298196701362989042,0,1
18267813291621497715,4026299775656413119,0,0
18267813291621497715,17196245728406107722,0,0
18267813291621497715,17780098242058272064,0,1
18267813291621497715,6118889951214218882,1,1
18267813291621497715,12980637414122158408,0,0
18267813291621497715,10354153975508589263,0,1
18267813291621497715,8508789013773115958,0,0
18267813291621497715,3776116797268539618,0,1
18267813291621497715,7280304848107396442,1,0
18267813291621497715,5648998965737213805,0,0
18267813291621497715,7156804415752139789,0,1
18267813291621497715,260687821551726481,0,1
18267813291621497715,9588615596297407471,1,1
18267813291621497715,8458617550739336206,0,0
18267813291621497715,15128966469455114908,1,0
18267813291621497715,3352194296992910142,1,0
18267813291621497715,10890504953518104340,1,0
18267813291621497715,7355872606926431440,0,0
18267813291621497715,3434719812434865576,0,1
18267813291621497715,8759271814078005520,0,0
18267813291621497715,5640804244353642170,1,1
18267813291621497715,7084385797696862633,1,0
18267813291621497715,5481804124259115173,0,0
18267813291621497715,15719197191617639469,0,0
18267813291621497715,5165732008501519681,1,1
18267813291621497715,2166929868286367605,1,1
18267813291621497715,8216728247230601859,0,0
18267813291621497715,4127774530507071845,0,1
18267813291621497715,6358607175076433518,0,0
18267813291621497715,14640972981535047715,0,1
18267813291621497715,16063556945892673192,0,0
18267813291621497715,12002968874691353684,1,1
18267813291621497715,11731379541744342808,1,1
18267813291621497715,2901059089178142031,1,0
18267813291621497715,6079696212469674477,0,0
18267813291621497715,3968866820242879264,1,1
18267813291621497715,12092543988991137445,1,0
18267813291621497715,8939059974159144755,0,1
18267813291621497715,1848857755364912165,1,0
18267813291621497715,16235588855546203510,0,0
18267813291621497715,12810279509497696840,1,1
18267813291621497715,6832977524592305050,1,0
18267813291621497715,12450676340703172334,0,0
18267813291621497715,10269070175361077201,0,0
18267813291621497715,2938180844552228097,0,1
18267813291621497715,13805833656837542677,1,0
18267813291621497715,16604998873535703320,0,1
18267813291621497715,6451951767761736850,0,1
18267813291621497715,9784770151472187644,0,0
18267813291621497715,10101622723265307330,0,1
18267813291621497715,15346598173813936908,0,0
18267813291621497715,12354515025916423212,1,1
18267813291621497715,11147178638304804934,1,0
18267813291621497715,5203425970590907008,0,0
18267813291621497715,11527876886817722815,1,0
18267813291621497715,2319702585511955703,0,1
18267813291621497715,7642136945288498148,1,1
18267813291621497715,3177166335223831649,1,0
18267813291621497715,12651157233965373408,0,0
18267813291621497715,1839151085259374990,1,1
18267813291621497715,8595784409317996126,1,1
18267813291621497715,6694916568727839843,1,1
18267813291621497715,459627250708053666,0,0
18267813291621497715,3960780230137648019,0,0
18267813291621497715,3387133263981111443,1,0
18267813291621497715,6478913990041976528,1,0
18267813291621497715,4460397864395689233,0,0
18267813291621497715,9330711969319179012,0,0
18267813291621497715,13127160138645330806,0,1
18267813291621497715,13563315745826400440,0,1
18267813291621497715,11490427287654721813,1,0
18267813291621497715,9735598998923488185,1,1
18267813291621497715,3771206622654979721,0,0
18267813291621497715,18432410375797238738,0,1
18267813291621497715,16791066478491151792,1,0
18267813291621497715,2982586218557660440,0,1
18267813291621497715,8702559205678214671,1,0
18267813291621497715,984338798127814860,0,1
18267813291621497715,4767933783783898441,0,0
18267813291621497715,14768598445261495863,0,0
18267813291621497715,10071288952421354929,0,1
18267813291621497715,3925170120762937004,0,1
18267813291621497715,16765075041147448713,0,1
18267813291621497715,10550787828065745037,1,0
18267813291621497715,17379052546451280709,1,0
18267813291621497715,5086571222516642030,0,1
18267813291621497715,10988480203025671034,0,0
18267813291621497715,13416791286426712684,0,0
18267813291621497715,14074116149057043659,0,0
18267813291621497715,9429462772738961008,1,1
18267813291621497715,18166920987074809985,0,1
18267813291621497715,8435556145334673281,1,1
18267813291621497715,4315934935361506008,1,0
18267813291621497715,5183957360422577346,0,1
18267813291621497715,5205419444051727239,0,1
18267813291621497715,452172960985572755,0,1
18267813291621497715,8327002933880306631,1,1
18267813291621497715,11264794425935664948,0,1
18267813291621497715,9052517281930804016,0,1
18267813291621497715,2559951428491814957,1,1
18267813291621497715,1105071474146332825,0,0
18267813291621497715,15659104017510284068,1,0
18267813291621497715,3249974220607942911,1,1
18267813291621497715,630379215467472273,1,1
18267813291621497715,719941436177191377,1,1
18267813291621497715,7276862490724426469,0,1
18267813291621497715,314528360818620115,0,0
18267813291621497715,6524885574964901656,0,1
18267813291621497715,16116141909622080735,0,0
18267813291621497715,12000386667627357602,0,0
18267813291621497715,7470676301589677546,0,0
18267813291621497715,14095639892834050180,0,0
18267813291621497715,3114913600780390494,0,1
18267813291621497715,15914597024261737923,0,0
18267813291621497715,11457916350417450244,0,0
18267813291621497715,4121611202178336338,0,0
18267813291621497715,4077000708458392455,0,0
18267813291621497715,11069487160958682518,0,0
18267813291621497715,9641750600504671994,1,1
18267813291621497715,9993884181627323872,1,0
18267813291621497715,14326387420171061048,0,0
18267813291621497715,10092388224639672438,0,0
18267813291621497715,715591891465194627,1,1
18267813291621497715,5674930110868293480,1,1
18267813291621497715,743780698600532703,0,0
18267813291621497715,11377830075586452402,0,1
18267813291621497715,11197297917898127004,1,0
18267813291621497715,2573779663270814648,0,0
18267813291621497715,15058650499674315587,0,0
18267813291621497715,9010557582404558057,1,0
18267813291621497715,11440353200140904335,0,0
18267813291621497715,5902484515006861500,0,1
18267813291621497715,17696025001411811845,0,0
18267813291621497715,13160502937889398373,0,1
18267813291621497715,17232292197361638472,1,0
18267813291621497715,7941294563958815062,0,0
18267813291621497715,2101347162559126631,0,0
18267813291621497715,5368499487147254477,0,0
18267813291621497715,7129269191129673016,0,1
18267813291621497715,8152933393039330290,1,1
18267813291621497715,8950090125775058862,0,1
18267813291621497715,6863398256406663688,1,0
18267813291621497715,1704417055965559944,0,1
18267813291621497715,5475406505248417681,0,0
18267813291621497715,378605396817147559,0,0
18267813291621497715,12873713340758674700,0,0
18267813291621497715,11227513219599740262,0,0
18267813291621497715,10329023625537679253,0,0
18267813291621497715,11719374896923833930,0,0
18267813291621497715,17099521325422428021,0,0
18267813291621497715,7856135064548976315,0,0
18267813291621497715,16878098022976240480,0,0
18267813291621497715,12664066294908635272,1,1
18267813291621497715,15778070649220680202,0,0
18267813291621497715,10002888401721275364,0,1
18267813291621497715,4001652160158019300,0,0
18267813291621497715,2945533246395418607,0,0
18267813291621497715,6320167897749869278,0,0
18267813291621497715,9358516158717612069,0,0
18267813291621497715,18198610106782007482,0,0
18267813291621497715,13250502796981060130,0,0
18267813291621497715,15554360074849182431,0,1
18267813291621497715,3819936551157871778,0,0
18267813291621497715,17039035072812955161,0,1
18267813291621497715,3919503139394980351,0,0
18267813291621497715,9970444717820272257,0,1
18267813291621497715,12538577853814806025,0,0
18267813291621497715,1437448034416550773,0,0
18267813291621497715,10842434604627539744,1,0
18267813291621497715,17357947430562976061,1,1
18267813291621497715,289098569102477652,0,0
18267813291621497715,12458548575265939688,0,0
18267813291621497715,17184767834921918876,0,0
18267813291621497715,6281718940877300295,0,1
18267813291621497715,7636768177812881091,0,0
18267813291621497715,11245594764032952153,0,0
18267813291621497715,11781354686012350145,0,0
18267813291621497715,10218693202492528883,1,0
18267813291621497715,13231622165981321842,0,1
18267813291621497715,6639699004260590448,0,0
18267813291621497715,8336473713795037364,0,0
7811286593412559968,1553319659312964858,1,1
7811286593412559968,5087817458522807201,1,1
7811286593412559968,9298196701362989042,0,1
7811286593412559968,4026299775656413119,0,1
7811286593412559968,5205245247639837193,1,1
7811286593412559968,446576777046931248,1,1
7811286593412559968,6245064969883405147,0,1
7811286593412559968,13655731351413452946,1,1
7811286593412559968,16216936274388998965,0,1
7811286593412559968,15793747446247113454,1,1
7811286593412559968,6829959120089156420,1,1
7811286593412559968,16997969080436781997,1,1
7811286593412559968,15569914282457218402,0,1
7811286593412559968,8458617550739336206,0,1
7811286593412559968,3884008029060353693,1,1
7811286593412559968,6018761910931736640,0,1
7811286593412559968,457215006658373648,1,1
7811286593412559968,12780974218197392891,1,1
7811286593412559968,11270326833455159291,1,0
7811286593412559968,10890504953518104340,1,1
7811286593412559968,14594975227109376631,0,1
7811286593412559968,13213091670994302832,0,1
7811286593412559968,15199905138833734296,1,1
7811286593412559968,7923012407477787652,0,0
7811286593412559968,11939134997460725060,0,1
7811286593412559968,15564531678637671942,0,1
7811286593412559968,13187891620287384476,1,1
7811286593412559968,12240642297570945034,0,0
7811286593412559968,803562790258805693,0,0
7811286593412559968,8609344795469330950,0,1
7811286593412559968,14790978013438953269,0,1
7811286593412559968,6897448070500887776,1,1
7811286593412559968,12068583478191740448,1,1
7811286593412559968,17090266268885623982,1,0
7811286593412559968,8714205947630444993,0,1
7811286593412559968,2923581541999516325,0,1
7811286593412559968,13195699836863525417,0,0
7811286593412559968,12111877790928237303,0,1
7811286593412559968,3737456957284767646,1,1
7811286593412559968,13946439731092495904,1,1
7811286593412559968,16235588855546203510,0,1
7811286593412559968,13783389138470394275,1,1
7811286593412559968,12810279509497696840,1,1
7811286593412559968,15066618372013563458,1,1
7811286593412559968,7843823778805959889,0,1
7811286593412559968,5585229996281164865,0,0
7811286593412559968,5612717790717241910,0,1
7811286593412559968,17768270053333815432,0,0
7811286593412559968,3980788227769486292,0,0
7811286593412559968,14941217926068770505,1,1
7811286593412559968,12974620807841124076,0,1
7811286593412559968,1024331112413500723,0,1
7811286593412559968,14974405708309511020,1,1
7811286593412559968,6862619481983826248,1,1
7811286593412559968,8752463186343052668,1,1
7811286593412559968,18237552085453547489,1,1
7811286593412559968,15480516386997513395,0,1
7811286593412559968,10619025022222886885,1,0
7811286593412559968,6235965268662795074,0,1
7811286593412559968,18230502690698852272,0,1
7811286593412559968,15108015137854543870,1,1
7811286593412559968,11050054460376327511,0,1
7811286593412559968,7902768610447978944,0,1
7811286593412559968,1224618916073579412,1,1
7811286593412559968,9735598998923488185,1,1
7811286593412559968,9429318931821148378,1,1
7811286593412559968,17636987926265825971,1,1
7811286593412559968,11572797374513536660,0,1
7811286593412559968,9540958883258230004,1,1
7811286593412559968,10566526188954558074,1,1
7811286593412559968,13096294224698735458,0,1
7811286593412559968,5086571222516642030,0,1
7811286593412559968,3158852701207085843,0,0
7811286593412559968,12147393399134666660,1,1
7811286593412559968,14768935333949911023,0,1
7811286593412559968,8962352283766385676,0,0
7811286593412559968,7580228065955806737,0,1
7811286593412559968,7112689672393443224,0,0
7811286593412559968,11895261154791272408,0,0
7811286593412559968,11730304826938765240,1,1
7811286593412559968,14024209480196229734,0,1
7811286593412559968,7229550918658542148,0,1
7811286593412559968,6677706558081100694,1,1
7811286593412559968,1483133174935108948,1,0
7811286593412559968,1710026285830536578,0,0
7811286593412559968,17509675505232642846,0,0
7811286593412559968,3007565405655483141,1,1
7811286593412559968,17351550722261927558,0,1
7811286593412559968,13703627942135834856,0,1
7811286593412559968,9338358934520072942,0,1
7811286593412559968,11576314613714708691,0,1
7811286593412559968,630379215467472273,1,0
7811286593412559968,7162397838034622973,0,0
7811286593412559968,961420335957380078,1,1
7811286593412559968,1637952254196738360,0,1
7811286593412559968,13334836952163051771,1,1
7811286593412559968,8891077252178256310,0,1
7811286593412559968,18389399989732727551,1,1
7811286593412559968,2833211550456089101,0,1
7811286593412559968,15914597024261737923,0,1
7811286593412559968,11726826088322711539,0,0
7811286593412559968,7504136842029957748,0,1
7811286593412559968,976377452119684983,1,1
7811286593412559968,8981464682932496031,0,1
7811286593412559968,16529994661809948248,0,1
7811286593412559968,8707123271410502129,0,0
7811286593412559968,5252893811371415383,0,1
7811286593412559968,3485501357770192946,0,1
7811286593412559968,11693227686293301211,1,1
7811286593412559968,16285164997805043451,0,1
7811286593412559968,8855242101874232761,0,1
7811286593412559968,81119353616443443,0,1
7811286593412559968,15408347121454586678,1,0
7811286593412559968,6611780523622596067,1,1
7811286593412559968,14997805231613534433,0,1
7811286593412559968,1039190629169365646,0,1
7811286593412559968,17677722333818434448,0,0
7811286593412559968,4989830449810217414,1,0
7811286593412559968,13020283640562754605,0,1
7811286593412559968,14278722506303944103,0,1
7811286593412559968,17515898233910208116,0,1
7811286593412559968,13283419311765966014,0,1
7811286593412559968,18077797608488834121,0,0
7811286593412559968,10739785320008456924,0,1
7811286593412559968,4548144239522651128,0,1
7811286593412559968,6147531776159039127,0,1
7811286593412559968,6116177429445114294,0,0
7811286593412559968,12705328868225906006,1,1
7811286593412559968,4847312401164275562,0,1
7811286593412559968,3448892324502104426,0,1
7811286593412559968,6863398256406663688,1,1
7811286593412559968,16670700261717684147,0,1
7811286593412559968,9121279478324674128,0,1
7811286593412559968,17741600183163515106,1,1
7811286593412559968,8713748757710110210,0,0
7811286593412559968,16430297550998533635,0,1
7811286593412559968,15057828600060873100,0,0
7811286593412559968,2983004480534044566,0,1
7811286593412559968,17585724178690008489,0,0
7811286593412559968,16563422479393915959,0,0
7811286593412559968,10312329061495891120,1,1
7811286593412559968,12167081635092579564,0,0
7811286593412559968,15582198324053851295,1,1
7811286593412559968,13515540208612590415,0,1
7811286593412559968,12082825836754043226,0,0
7811286593412559968,4624680150245672943,0,0
7811286593412559968,15389049610336161608,0,0
7811286593412559968,1514040717423787228,0,0
7811286593412559968,17558955749793023620,0,1
7811286593412559968,16748904673121475916,1,1
7811286593412559968,6835414807565336238,1,1
7811286593412559968,7836465613096297120,0,0
7811286593412559968,11734723090864464603,0,0
7811286593412559968,934094623751537156,0,0
7811286593412559968,11900696187875656887,0,0
7811286593412559968,10710893510477018096,1,1
7811286593412559968,3748905718920346887,1,0
7811286593412559968,11592234163866659651,1,1
7811286593412559968,10799982805556470952,0,0
7811286593412559968,5395849321190868203,1,1
7811286593412559968,8825095987987207013,0,1
7811286593412559968,17140408454533290358,0,1
7811286593412559968,16662924134934824144,0,1
7811286593412559968,2035849998131093800,0,1
7811286593412559968,1018394407607333314,0,1
7811286593412559968,14400984861577134102,1,1
7811286593412559968,15561120148339203153,0,0
7811286593412559968,13231622165981321842,0,1
7811286593412559968,12414230000873050921,1,1
7811286593412559968,15249011198001965922,0,1
7811286593412559968,15116645019249820501,0,0
7811286593412559968,8336473713795037364,0,0
7811286593412559968,7620700276056399881,0,0
672732239332897688,8372628656930280988,1,1
672732239332897688,9892531563168372198,1,0
672732239332897688,16475318273559198332,0,1
672732239332897688,9857973494547976557,1,1
672732239332897688,6170512069841293327,1,1
672732239332897688,5583618516381034683,1,1
672732239332897688,8479729161892450865,0,1
672732239332897688,11804627064953970189,1,1
672732239332897688,14476773902585891231,1,0
672732239332897688,3451934910172978473,1,1
672732239332897688,7647313189537201312,0,1
672732239332897688,6630684458655297809,1,1
672732239332897688,12780974218197392891,1,0
672732239332897688,3937648202049550156,1,1
672732239332897688,10573549909114690157,0,1
672732239332897688,1553549549039801890,0,1
672732239332897688,1850728390678550911,1,1
672732239332897688,8279165783522564560,0,0
672732239332897688,3693916252105850756,1,1
672732239332897688,7910697115610565731,1,1
672732239332897688,10777821894885470693,1,1
672732239332897688,6480470373320311090,1,1
672732239332897688,14605030982325525864,0,0
672732239332897688,4724204867543535327,1,1
672732239332897688,6318722039682262109,1,1
672732239332897688,15725499281720031287,1,1
672732239332897688,14905495274200448920,1,1
672732239332897688,15767779477022000462,0,1
672732239332897688,4948954628772979639,1,1
672732239332897688,17090266268885623982,1,1
672732239332897688,3912420048272274229,1,0
672732239332897688,9840449540432107838,1,1
672732239332897688,15224850198137698024,1,0
672732239332897688,12111877790928237303,0,1
672732239332897688,8939059974159144755,0,1
672732239332897688,4366519370926553569,1,1
672732239332897688,1364530254131886552,0,1
672732239332897688,3129442146525765986,0,1
672732239332897688,4007843992654832152,0,1
672732239332897688,431758818167474607,1,0
672732239332897688,987488162204765359,1,1
672732239332897688,7471892228861990025,0,1
672732239332897688,7257930713293067864,1,1
672732239332897688,928007833914858666,1,1
672732239332897688,12354515025916423212,1,1
672732239332897688,13493714385489554743,1,0
672732239332897688,13332663671619550683,0,1
672732239332897688,15439109446949165298,0,1
672732239332897688,12446190393673521796,1,1
672732239332897688,5303896378190677036,0,1
672732239332897688,16107661091402129305,1,1
672732239332897688,18230502690698852272,0,0
672732239332897688,3960780230137648019,0,1
672732239332897688,9330711969319179012,0,1
672732239332897688,5933832138623709894,0,1
672732239332897688,8105151526158813512,0,1
672732239332897688,12879129116939766962,1,1
672732239332897688,6432346253505612988,1,1
672732239332897688,7493285083488110471,0,1
672732239332897688,3359856983157339334,0,1
672732239332897688,3564883220681193462,1,1
672732239332897688,4153948497546640972,1,1
672732239332897688,8812337863721704949,0,0
672732239332897688,6610381058050561250,1,1
672732239332897688,5609205497100443305,1,0
672732239332897688,10125460530744481735,0,0
672732239332897688,152091805640661325,0,1
672732239332897688,13223635726174947650,1,0
672732239332897688,6219166731726347963,1,1
672732239332897688,7350083239589679834,1,1
672732239332897688,6382089642629413763,0,0
672732239332897688,14074116149057043659,0,1
672732239332897688,8660330473759952296,0,0
672732239332897688,497491860329220046,0,1
672732239332897688,3150033993237704977,0,1
672732239332897688,3104220708108524729,1,1
672732239332897688,6603672198261611352,1,1
672732239332897688,9556259168504970291,1,0
672732239332897688,3840553330851443118,1,1
672732239332897688,10755846510676121804,0,1
672732239332897688,16238471517068208107,0,1
672732239332897688,14050479230522244888,1,1
672732239332897688,12940960223618682661,0,1
672732239332897688,3717247343941010857,1,1
672732239332897688,712022554383503261,0,1
672732239332897688,1105071474146332825,0,0
672732239332897688,4527970714842669113,0,1
672732239332897688,12307869837266322453,1,1
672732239332897688,18328462419253499412,0,1
672732239332897688,5400182058865187140,1,1
672732239332897688,14102719804083451555,1,1
672732239332897688,9026213372522662158,1,1
672732239332897688,7835606507226681698,1,1
672732239332897688,4015319857141767786,0,1
672732239332897688,12047068196502381832,1,1
672732239332897688,8009823607751439170,1,0
672732239332897688,11642729839274639596,0,0
672732239332897688,13702551527916705168,0,1
672732239332897688,7269931077492977916,1,1
672732239332897688,14494711706194521311,0,0
672732239332897688,18389399989732727551,1,1
672732239332897688,15031095009310963634,0,0
672732239332897688,11592240820827155353,0,1
672732239332897688,8010238252795147931,0,1
672732239332897688,4876539562477667155,0,0
672732239332897688,975819199632585972,1,0
672732239332897688,10957577655842614469,1,0
672732239332897688,17341490607754935910,1,1
672732239332897688,11916584790885484021,1,0
672732239332897688,3691233667517189739,0,1
672732239332897688,9993884181627323872,1,1
672732239332897688,16313228366383551405,1,1
672732239332897688,17934777130074156281,1,1
672732239332897688,3482883295401589462,1,1
672732239332897688,2235066012266857571,1,1
672732239332897688,8055290669512605493,0,1
672732239332897688,11693227686293301211,1,1
672732239332897688,8976596267922664826,1,1
672732239332897688,5725127926213742374,1,1
672732239332897688,3729733860778120639,0,0
672732239332897688,13531362721864378820,0,1
672732239332897688,4532844299023934566,0,1
672732239332897688,11204232479334658716,1,1
672732239332897688,13184327799412427664,1,1
672732239332897688,5233278504611329850,0,1
672732239332897688,12096674096799441051,0,1
672732239332897688,14643696529105609602,1,0
672732239332897688,355001005390425072,1,0
672732239332897688,11371443063129616322,0,1
672732239332897688,12884230749270571127,0,1
672732239332897688,1752471139845624580,0,1
672732239332897688,15059800298808435351,1,1
672732239332897688,3458812584622837658,1,0
672732239332897688,8268023839444336911,1,1
672732239332897688,7760604401619831240,1,0
672732239332897688,11578541765091680347,1,0
672732239332897688,7132708455482124241,0,1
672732239332897688,15498238192916493213,0,1
672732239332897688,8453030678029736415,0,1
672732239332897688,7403116961287490295,0,0
672732239332897688,18076326779546218185,0,1
672732239332897688,11212880400397713935,1,1
672732239332897688,6767707447035902722,0,0
672732239332897688,3102550271511366801,0,0
672732239332897688,11153533132281737751,0,1
672732239332897688,5490479254737939393,0,0
672732239332897688,3583877850240166283,1,1
672732239332897688,8837533039256900593,0,1
672732239332897688,5303365489832599147,0,0
672732239332897688,4228360351403461379,0,1
672732239332897688,16603709404577534849,0,1
672732239332897688,4693812538853487362,0,1
672732239332897688,16563422479393915959,0,1
672732239332897688,15009428357392449006,0,0
672732239332897688,4362720346405957391,0,1
672732239332897688,17221215442370465442,0,1
672732239332897688,17140941799820896809,1,1
672732239332897688,4011385159850908935,1,1
672732239332897688,852720080562286172,1,1
672732239332897688,17428064890761334815,1,0
672732239332897688,2978195633949279966,0,1
672732239332897688,2013250243093109147,1,1
672732239332897688,6549673245733895510,0,1
672732239332897688,8232873167325975994,0,1
672732239332897688,18206485430198086590,0,1
672732239332897688,5008217324220403510,1,1
672732239332897688,10842434604627539744,1,1
672732239332897688,13067531696468260721,1,1
672732239332897688,17717763119530332250,1,1
672732239332897688,4510936410619168445,1,1
672732239332897688,9444727170441523959,0,1
672732239332897688,4253489495359262332,0,0
672732239332897688,8845657441860996652,1,1
672732239332897688,4463480740675525584,1,1
672732239332897688,5875807893204635604,1,1
672732239332897688,8549618441062872852,1,1
672732239332897688,10860713363622337912,0,1
672732239332897688,12771732423533180679,1,1
672732239332897688,17063000559156296364,1,1
672732239332897688,5092118319803871156,0,0
672732239332897688,494560070960004122,1,1
672732239332897688,3347225346593341864,0,1
4540681125687736558,15774699287580911911,0,0
4540681125687736558,10459658808205417020,0,1
4540681125687736558,18118302406462769901,0,0
4540681125687736558,8416154264883534648,1,1
4540681125687736558,16216936274388998965,0,0
4540681125687736558,7993169219463191157,0,1
4540681125687736558,1272865228611958748,0,0
4540681125687736558,11750812700891683401,0,0
4540681125687736558,15422844568349857882,1,1
4540681125687736558,260687821551726481,0,1
4540681125687736558,2861608523973236420,1,1
4540681125687736558,9332216354235239577,1,1
4540681125687736558,12780974218197392891,1,0
4540681125687736558,10573549909114690157,0,1
4540681125687736558,3762914235892380331,1,0
4540681125687736558,7007445909192825543,1,1
4540681125687736558,9677627410460272117,0,0
4540681125687736558,3131705878802932685,1,1
4540681125687736558,18281054418898242738,1,1
4540681125687736558,9407101220972547082,0,1
4540681125687736558,16591843422421263432,0,1
4540681125687736558,12691546515130099744,0,0
4540681125687736558,1254342048730883732,0,1
4540681125687736558,7490924803354696593,1,1
4540681125687736558,12738160866676985506,1,1
4540681125687736558,3245170969360434847,1,1
4540681125687736558,2856521938290401728,1,0
4540681125687736558,11684890718691261771,0,1
4540681125687736558,8259625613386175781,0,0
4540681125687736558,15522783638820399473,1,1
4540681125687736558,14917389031723399368,1,1
4540681125687736558,12380392145751764545,0,0
4540681125687736558,1960240079414278494,0,0
4540681125687736558,4007843992654832152,0,0
4540681125687736558,259296501318196506,1,0
4540681125687736558,12241184253320815924,0,1
4540681125687736558,6832977524592305050,1,1
4540681125687736558,4809948731569669840,1,0
4540681125687736558,5612717790717241910,0,1
4540681125687736558,11857884978544665938,0,1
4540681125687736558,10092064288405189198,1,0
4540681125687736558,4169143888075685228,0,0
4540681125687736558,12720608878415595094,1,1
4540681125687736558,5196413898110355053,1,1
4540681125687736558,12984682904304506508,0,1
4540681125687736558,13231950793495063687,1,1
4540681125687736558,2221464036943379177,0,1
4540681125687736558,14475515335831597541,0,0
4540681125687736558,2709103471502599519,0,0
4540681125687736558,13493714385489554743,1,0
4540681125687736558,11680596362474874602,1,0
4540681125687736558,5443555597805477535,0,1
4540681125687736558,13845822747476873578,0,1
4540681125687736558,12283950684561625748,1,1
4540681125687736558,17129397824797981037,0,0
4540681125687736558,241476894096915959,1,1
4540681125687736558,1316932959472674606,0,0
4540681125687736558,15108015137854543870,1,1
4540681125687736558,9274331415810989167,1,0
4540681125687736558,14381416430534708120,0,1
4540681125687736558,11050054460376327511,0,0
4540681125687736558,863116098254200543,0,1
4540681125687736558,9290747951403191744,0,1
4540681125687736558,11263741742017845480,0,0
4540681125687736558,9310460573540421167,0,0
4540681125687736558,152091805640661325,0,0
4540681125687736558,12200464155288100254,0,0
4540681125687736558,5659648090899807777,0,0
4540681125687736558,16733253294719080019,0,0
4540681125687736558,4767933783783898441,0,0
4540681125687736558,15353141557443028696,0,1
4540681125687736558,15622757544226788218,0,0
4540681125687736558,17051696877141674604,1,1
4540681125687736558,8354916193111907619,0,0
4540681125687736558,2148582086863599997,1,0
4540681125687736558,7580228065955806737,0,1
4540681125687736558,3334808032618348746,0,1
4540681125687736558,4986475540531929985,0,0
4540681125687736558,4281510417484540296,0,0
4540681125687736558,3597068049026183808,0,0
4540681125687736558,452172960985572755,0,1
4540681125687736558,17575449402932958656,1,1
4540681125687736558,13474866576448486887,1,1
4540681125687736558,8350319266458843981,0,0
4540681125687736558,4531895525480313449,1,0
4540681125687736558,12148975856192261261,0,1
4540681125687736558,1918560711535288896,0,0
4540681125687736558,9037315097016351577,0,0
4540681125687736558,12703316523479528499,0,0
4540681125687736558,16041259369276292827,0,1
4540681125687736558,16411799708214009651,0,1
4540681125687736558,5400315861871521359,0,0
4540681125687736558,2823582379771375216,0,1
4540681125687736558,12047068196502381832,1,1
4540681125687736558,16116141909622080735,0,0
4540681125687736558,18019521094020197761,1,0
4540681125687736558,9760578620343382394,1,1
4540681125687736558,6664079671437887748,1,0
4540681125687736558,13737850113132311362,0,1
4540681125687736558,2010524712068961710,0,1
4540681125687736558,14494711706194521311,0,1
4540681125687736558,4037579500635658699,1,1
4540681125687736558,12706198165462100559,1,1
4540681125687736558,985661207228872486,0,1
4540681125687736558,14987872890796524119,0,0
4540681125687736558,2148305415824318559,0,1
4540681125687736558,9303596169272085835,0,1
4540681125687736558,519861679423982979,0,1
4540681125687736558,1197359224184598353,0,1
4540681125687736558,8325928131169749606,0,1
4540681125687736558,18313493944655274081,1,0
4540681125687736558,9993884181627323872,1,0
4540681125687736558,17934777130074156281,1,1
4540681125687736558,15360485157964600382,0,0
4540681125687736558,9960594087230711855,0,0
4540681125687736558,16590093978563723289,0,0
4540681125687736558,5674930110868293480,1,1
4540681125687736558,6900646138782250952,0,0
4540681125687736558,81119353616443443,0,1
4540681125687736558,730517406581700413,0,1
4540681125687736558,14251270286781714660,1,1
4540681125687736558,11204232479334658716,1,1
4540681125687736558,4831876189009367925,1,0
4540681125687736558,9227209252133872253,0,0
4540681125687736558,15869096400766369406,0,1
4540681125687736558,961266127241721715,0,0
4540681125687736558,17008494670819443527,1,1
4540681125687736558,17232292197361638472,1,1
4540681125687736558,12155132094884800276,0,0
4540681125687736558,1794662544658986689,0,1
4540681125687736558,11371443063129616322,0,1
4540681125687736558,17630209120311990616,0,1
4540681125687736558,8438723024239222354,0,1
4540681125687736558,9435128947836704759,0,0
4540681125687736558,11322422809840369019,0,1
4540681125687736558,16540277113976353743,0,1
4540681125687736558,16468367278149169095,1,1
4540681125687736558,18077797608488834121,0,0
4540681125687736558,1605411245165674482,1,1
4540681125687736558,644115946468830099,0,1
4540681125687736558,2787187622234778483,1,1
4540681125687736558,9032134637380937469,0,0
4540681125687736558,4449018282899807133,0,1
4540681125687736558,16541447074988105812,0,1
4540681125687736558,11136241349878893415,1,1
4540681125687736558,556844952614579116,0,1
4540681125687736558,9121279478324674128,0,1
4540681125687736558,6617823245014181797,0,0
4540681125687736558,1434296234289244177,1,1
4540681125687736558,9746137015982933081,0,0
4540681125687736558,13890933168295736537,0,1
4540681125687736558,16157156192437533506,0,1
4540681125687736558,13529974794630651653,0,0
4540681125687736558,10722526633233103403,0,0
4540681125687736558,14514272977694139378,1,0
4540681125687736558,11194675280467490512,0,0
4540681125687736558,15009428357392449006,0,0
4540681125687736558,9980674098266678457,0,1
4540681125687736558,1731198108798987024,1,1
4540681125687736558,2086842591145769433,0,1
4540681125687736558,2465605155367502953,1,1
4540681125687736558,17657799053187623008,0,0
4540681125687736558,14481132968631148155,0,1
4540681125687736558,3425854100251289702,0,1
4540681125687736558,4605883655628294848,1,1
4540681125687736558,1662135656858671875,0,0
4540681125687736558,11441460890244830067,1,1
4540681125687736558,1715333204084255676,0,1
4540681125687736558,9970444717820272257,0,1
4540681125687736558,934094623751537156,0,1
4540681125687736558,15040389288058360928,1,1
4540681125687736558,10226054775380649302,1,1
4540681125687736558,4108524291187297803,1,1
4540681125687736558,15627382500109600487,0,0
4540681125687736558,15859152189143637390,0,1
4540681125687736558,14979401326909171502,0,0
4540681125687736558,18041838136377801363,0,1
4540681125687736558,15234773725076732072,0,1
4540681125687736558,9614592472390104883,0,0
4540681125687736558,9511257276602723351,0,1
3493368862659954217,15347089570306530650,0,0
3493368862659954217,13808452437162130103,1,0
3493368862659954217,16475318273559198332,0,1
3493368862659954217,4564675722365755174,0,0
3493368862659954217,8321142521992964124,0,1
3493368862659954217,10732918406089067487,1,0
3493368862659954217,8256587706051579499,0,0
3493368862659954217,17196245728406107722,0,1
3493368862659954217,16934432670832488025,1,1
3493368862659954217,14219909682035352472,1,0
3493368862659954217,403633283001747983,1,1
3493368862659954217,14811005609228021002,0,0
3493368862659954217,17821509079416765307,0,1
3493368862659954217,2306332354943618588,1,1
3493368862659954217,6662543229017794747,1,0
3493368862659954217,15569914282457218402,0,1
3493368862659954217,15529372105540949710,0,1
3493368862659954217,14072394646599634806,0,0
3493368862659954217,14259342142469060884,0,1
3493368862659954217,8440707172868753329,0,1
3493368862659954217,13278091528178266689,1,1
3493368862659954217,5673493078827810342,0,0
3493368862659954217,5869748489836721196,1,0
3493368862659954217,17654882478763594918,0,0
3493368862659954217,6480470373320311090,1,1
3493368862659954217,16114594047405492532,0,1
3493368862659954217,11676069148256576796,0,0
3493368862659954217,12691546515130099744,0,0
3493368862659954217,1638956006529361661,1,1
3493368862659954217,12731758247355515900,0,1
3493368862659954217,2923581541999516325,0,0
3493368862659954217,11753563097820405364,1,1
3493368862659954217,1854899503751028042,0,1
3493368862659954217,12728783223276511454,1,0
3493368862659954217,10938091028524118188,0,1
3493368862659954217,14538056695983560238,1,1
3493368862659954217,5678657128737226933,0,0
3493368862659954217,16451467179881062626,0,0
3493368862659954217,12450676340703172334,0,0
3493368862659954217,15432322779690987163,0,0
3493368862659954217,12760560568661423932,0,0
3493368862659954217,17621976571139414630,1,0
3493368862659954217,13640356515018964464,0,1
3493368862659954217,3553737845879270697,0,1
3493368862659954217,8971438129978975764,0,1
3493368862659954217,10440057306921863905,0,0
3493368862659954217,122920043062680879,0,1
3493368862659954217,3602640649852793105,0,1
3493368862659954217,3177166335223831649,1,1
3493368862659954217,2817601921579391724,0,1
3493368862659954217,14357044071356699862,1,0
3493368862659954217,13856729871697098219,1,1
3493368862659954217,7403523558594782866,0,1
3493368862659954217,4075490791142846241,0,0
3493368862659954217,14878255559794079186,1,1
3493368862659954217,238115599544759690,1,1
3493368862659954217,11916710938097234677,0,1
3493368862659954217,12234222559532483969,0,1
3493368862659954217,8643569554704207168,0,0
3493368862659954217,12790542281543503597,0,1
3493368862659954217,18166322179455308972,0,0
3493368862659954217,5609205497100443305,1,1
3493368862659954217,3267818720293720903,0,1
3493368862659954217,11572797374513536660,0,1
3493368862659954217,4767933783783898441,0,0
3493368862659954217,4803624613850821031,0,1
3493368862659954217,11727935215253401918,0,0
3493368862659954217,4006782962957317705,0,1
3493368862659954217,1155491351939958247,1,1
3493368862659954217,10955872868645945639,0,0
3493368862659954217,9156512346340087964,0,1
3493368862659954217,12865209592112242286,0,1
3493368862659954217,17973757153163652771,0,1
3493368862659954217,2426219907593792610,0,1
3493368862659954217,15231393818943948132,0,1
3493368862659954217,3995381429352470220,0,0
3493368862659954217,13670920045963690713,0,1
3493368862659954217,17195450934038315480,1,1
3493368862659954217,2416687546049826160,0,1
3493368862659954217,2171424250009987854,0,0
3493368862659954217,14458794666772063158,0,1
3493368862659954217,14897278774924489864,0,1
3493368862659954217,1918936666707119819,0,1
3493368862659954217,15653591654921811562,0,0
3493368862659954217,17957416708766232488,0,1
3493368862659954217,14050479230522244888,1,0
3493368862659954217,13703627942135834856,0,1
3493368862659954217,4046098671003874651,1,1
3493368862659954217,13324812956332706501,0,1
3493368862659954217,3065871818469609188,0,0
3493368862659954217,17124767089553112661,1,0
3493368862659954217,12307869837266322453,1,0
3493368862659954217,13450217760165499741,0,1
3493368862659954217,10397291927802058010,0,1
3493368862659954217,869190692836593287,0,1
3493368862659954217,9760578620343382394,1,1
3493368862659954217,12892648046166144470,1,0
3493368862659954217,4037579500635658699,1,0
3493368862659954217,15544444389796350046,0,0
3493368862659954217,16462337646014649147,0,0
3493368862659954217,5408889789747348093,1,1
3493368862659954217,17110334047049656462,0,1
3493368862659954217,985661207228872486,0,0
3493368862659954217,15495387295282157603,1,0
3493368862659954217,12045836308427766658,0,1
3493368862659954217,8235407035138075652,0,0
3493368862659954217,8981464682932496031,0,0
3493368862659954217,9757032263761237337,0,0
3493368862659954217,6185218880390122089,0,1
3493368862659954217,6998455017307952822,0,0
3493368862659954217,5559669494287686436,0,1
3493368862659954217,4850589331598908845,0,0
3493368862659954217,16285164997805043451,0,0
3493368862659954217,8855242101874232761,0,0
3493368862659954217,439555977255877581,0,1
3493368862659954217,152766606007491155,0,0
3493368862659954217,9891938590549100042,0,0
3493368862659954217,1091775699240859878,0,1
3493368862659954217,3981587607534700445,0,0
3493368862659954217,15562410588429163695,0,1
3493368862659954217,15418708730960402000,0,0
3493368862659954217,13020283640562754605,0,1
3493368862659954217,9227209252133872253,0,1
3493368862659954217,7860441594678645529,0,0
3493368862659954217,16189545034747490047,0,0
3493368862659954217,17008494670819443527,1,1
3493368862659954217,16625388975148709654,0,1
3493368862659954217,2741088349009788439,0,0
3493368862659954217,3458812584622837658,1,0
3493368862659954217,7803788566873312651,0,0
3493368862659954217,14147477159790977113,0,0
3493368862659954217,2281981580126573082,0,0
3493368862659954217,11578541765091680347,1,0
3493368862659954217,12666453447423642814,1,0
3493368862659954217,14177459526830450427,0,0
3493368862659954217,9121279478324674128,0,0
3493368862659954217,14033723411876971717,0,0
3493368862659954217,11016757684636983227,0,0
3493368862659954217,13449343938194549435,0,1
3493368862659954217,16430297550998533635,0,0
3493368862659954217,17752909357376905943,1,0
3493368862659954217,12873713340758674700,0,0
3493368862659954217,6767707447035902722,0,0
3493368862659954217,502941888358747758,0,1
3493368862659954217,15057828600060873100,0,0
3493368862659954217,10722526633233103403,0,0
3493368862659954217,5639551073025140517,1,1
3493368862659954217,7964200065444112772,0,1
3493368862659954217,1136441973022758240,0,0
3493368862659954217,3372438752915712274,0,0
3493368862659954217,9542727780471625735,0,0
3493368862659954217,731480383178611478,0,0
3493368862659954217,14220780939721840329,1,0
3493368862659954217,16056912018683792456,1,0
3493368862659954217,17174326498818632928,1,0
3493368862659954217,18420224636448950068,0,1
3493368862659954217,420063669476277430,0,0
3493368862659954217,4605883655628294848,1,0
3493368862659954217,7870406408776472831,0,0
3493368862659954217,8768745897764040343,0,1
3493368862659954217,10194627112327396278,0,1
3493368862659954217,10097541645005219701,0,0
3493368862659954217,7645734998449829828,0,1
3493368862659954217,9542496750358804844,0,0
3493368862659954217,11170337953956615272,0,0
3493368862659954217,13988033239634138833,0,1
3493368862659954217,11736987854501912677,1,1
3493368862659954217,4510936410619168445,1,0
3493368862659954217,1763678100094586094,0,1
3493368862659954217,1936585479900397864,0,0
3493368862659954217,5028111455295445140,1,0
3493368862659954217,17012686838477750893,0,1
3493368862659954217,17965500365339196320,0,1
3493368862659954217,2883217618429250973,0,1
3493368862659954217,18128943427402992987,0,1
3493368862659954217,13643270816034454597,0,0
3493368862659954217,2017157538479167971,0,0
3493368862659954217,5867277315824046871,0,0
3493368862659954217,18041838136377801363,0,0
3493368862659954217,2230806121197394100,0,1
3493368862659954217,15875926752604203232,0,0
394608961796764071,18436314025996219174,0,0
394608961796764071,16200155744257079222,1,0
394608961796764071,7296752617997821496,1,1
394608961796764071,5205245247639837193,1,0
394608961796764071,4282224837338996480,0,0
394608961796764071,7594081614551890125,0,1
394608961796764071,9432859606354310650,0,1
394608961796764071,2996886776376689254,0,1
394608961796764071,14159085272426277940,1,1
394608961796764071,12950039030695528649,0,1
394608961796764071,3359275618851444440,0,1
394608961796764071,9409959814418411865,0,1
394608961796764071,17391678265024430190,1,1
394608961796764071,5768166163923247441,1,1
394608961796764071,15246231512067023853,0,0
394608961796764071,11321533850851905476,1,1
394608961796764071,14913230889526056834,0,1
394608961796764071,1763419762684072390,1,1
394608961796764071,11799989583927867855,1,1
394608961796764071,5564399758849856875,0,0
394608961796764071,12374595728567736945,1,0
394608961796764071,17051121482992165260,1,1
394608961796764071,1861370468938104457,0,0
394608961796764071,15951426030581288819,1,1
394608961796764071,14979875427386066282,0,0
394608961796764071,13223568398216640960,0,0
394608961796764071,12698766661917791272,0,1
394608961796764071,15767779477022000462,0,1
394608961796764071,6478127598947228840,1,0
394608961796764071,3865643254003856988,0,0
394608961796764071,9053782119640710872,0,1
394608961796764071,14640972981535047715,0,1
394608961796764071,6022303872475566641,0,1
394608961796764071,17174751448823803658,0,0
394608961796764071,12741340933951054318,1,1
394608961796764071,14954950328301230715,1,1
394608961796764071,7930103193578959286,0,1
394608961796764071,18194093304363197375,1,1
394608961796764071,12509362843907782210,1,1
394608961796764071,16014720863927727116,1,0
394608961796764071,15446388023164449807,1,1
394608961796764071,13886233022646333143,0,0
394608961796764071,13265456713402553299,0,1
394608961796764071,796304554930537229,1,1
394608961796764071,17602500588149327700,0,1
394608961796764071,14779778107294166289,1,1
394608961796764071,12596628490984906166,0,0
394608961796764071,13050451766477464824,1,0
394608961796764071,890617849766809373,1,0
394608961796764071,14974405708309511020,1,1
394608961796764071,3066508255944972126,0,0
394608961796764071,11147178638304804934,1,0
394608961796764071,15716458839763373333,1,0
394608961796764071,4582579120835970548,1,1
394608961796764071,6134112070435513481,1,1
394608961796764071,7642136945288498148,1,1
394608961796764071,12807319596798042554,1,1
394608961796764071,3684094742894529103,0,0
394608961796764071,17129397824797981037,0,0
394608961796764071,13856729871697098219,1,0
394608961796764071,17287398917061859607,1,1
394608961796764071,12136633370553338625,1,1
394608961796764071,16298455583463597684,0,1
394608961796764071,10347689196989063143,0,0
394608961796764071,9481179903589752986,1,1
394608961796764071,7902768610447978944,0,1
394608961796764071,9290747951403191744,0,1
394608961796764071,12758735345382835339,0,1
394608961796764071,3932892404594626560,1,1
394608961796764071,14777637129111862237,0,0
394608961796764071,15882964342712828118,1,1
394608961796764071,14699373810235542434,1,1
394608961796764071,6110062410515519306,1,0
394608961796764071,5607075334077165381,0,0
394608961796764071,9540958883258230004,1,1
394608961796764071,6048131054447613302,0,0
394608961796764071,1119590199649124047,1,0
394608961796764071,14768598445261495863,0,0
394608961796764071,7501367951275826663,1,1
394608961796764071,3925170120762937004,0,0
394608961796764071,7145873964467385608,0,0
394608961796764071,10550787828065745037,1,0
394608961796764071,7792101977075174860,1,1
394608961796764071,7716994011816215905,0,0
394608961796764071,584354801868275208,0,0
394608961796764071,8023664094096134426,0,1
394608961796764071,7437114204454619272,0,0
394608961796764071,18130704993876389415,1,0
394608961796764071,10187380212669303393,1,1
394608961796764071,7738508549466574366,0,0
394608961796764071,14460008901746221342,1,1
394608961796764071,18077688559542031919,1,1
394608961796764071,11417304297222056450,0,0
394608961796764071,1918936666707119819,0,1
394608961796764071,18162747936864705106,1,1
394608961796764071,1483133174935108948,1,0
394608961796764071,5622510904135420280,1,1
394608961796764071,6173433389787238933,0,1
394608961796764071,8204966695915157657,0,0
394608961796764071,5400831863239782215,1,1
394608961796764071,3007565405655483141,1,1
394608961796764071,5784248236698122020,0,1
394608961796764071,17124767089553112661,1,0
394608961796764071,10925948912255362505,1,0
394608961796764071,7943036682679272245,0,0
394608961796764071,15557307696161348628,1,0
394608961796764071,1078674014134813328,0,0
394608961796764071,23725342812782896,0,0
394608961796764071,3459414177899620285,0,0
394608961796764071,11485924371111124757,0,0
394608961796764071,12607768576667554250,0,0
394608961796764071,12354186023596687495,0,1
394608961796764071,12369410920655689007,1,1
394608961796764071,10820347393822892518,1,0
394608961796764071,14841281374312554031,0,1
394608961796764071,3513650007716058302,0,1
394608961796764071,8094062721450141886,1,1
394608961796764071,10303009822019268548,0,1
394608961796764071,14516676932291930137,1,0
394608961796764071,10233237398170849844,0,0
394608961796764071,18051739629226191443,0,0
394608961796764071,8024581601420267386,0,1
394608961796764071,8801204091270054297,0,0
394608961796764071,1077317461718897932,0,0
394608961796764071,14304497127699285646,1,1
394608961796764071,6668945514878572219,0,0
394608961796764071,4730608878093842560,1,0
394608961796764071,8624086909040449658,0,1
394608961796764071,6998455017307952822,0,1
394608961796764071,5994282199016119519,1,1
394608961796764071,2696131653767101629,1,0
394608961796764071,7969874143526926274,1,1
394608961796764071,10626627337264459006,0,1
394608961796764071,11239292325677265551,0,1
394608961796764071,13860246354202539921,0,0
394608961796764071,14780344994239704420,1,1
394608961796764071,17677004791207670825,1,0
394608961796764071,12031673539991582009,0,0
394608961796764071,10280994211228150922,1,1
394608961796764071,9292483094379307851,0,0
394608961796764071,6645728330359248413,0,1
394608961796764071,13407939866017284336,1,0
394608961796764071,9060522897122565508,0,1
394608961796764071,3963022998517083556,1,1
394608961796764071,3859387006828620955,1,0
394608961796764071,11840640506481058274,0,1
394608961796764071,13694597386983768156,1,1
394608961796764071,11517390569097091986,0,1
394608961796764071,11679452831889365188,0,1
394608961796764071,7981624051161044301,0,0
394608961796764071,8607197832105212291,0,1
394608961796764071,9457107999958889025,1,0
394608961796764071,10848776757548678280,0,0
394608961796764071,18076326779546218185,0,1
394608961796764071,17804425876054521545,1,1
394608961796764071,17600668479761834095,0,1
394608961796764071,6612871050251126391,1,1
394608961796764071,17099521325422428021,0,0
394608961796764071,6200952730568753728,1,1
394608961796764071,18066327587862753489,1,1
394608961796764071,13407828869868709797,0,1
394608961796764071,16649332977720194579,1,1
394608961796764071,15086121344312528765,1,1
394608961796764071,3392940562760186280,0,1
394608961796764071,11880286989704698183,1,1
394608961796764071,4525958519477779400,0,1
394608961796764071,3279981876514959244,0,1
394608961796764071,9341602003078625029,0,1
394608961796764071,1625286718212471372,0,0
394608961796764071,14651933082557241139,1,0
394608961796764071,1031595045320968401,0,1
394608961796764071,3085500537888849015,0,1
394608961796764071,17643360370674387917,1,1
394608961796764071,8147001620290266630,0,0
394608961796764071,3175628355545665455,0,1
394608961796764071,17610402271323484290,1,0
394608961796764071,13104767137940111064,0,1
394608961796764071,17217826740077256800,0,1
394608961796764071,10722217975311575778,0,0
394608961796764071,2035849998131093800,0,0
394608961796764071,9582279313345975199,0,0
394608961796764071,15116645019249820501,0,0
394608961796764071,2505516355448474311,0,0
394608961796764071,3347225346593341864,0,1
6802487951600831817,5087817458522807201,1,1
6802487951600831817,1220744262473655662,1,1
6802487951600831817,7301370665334630632,0,1
6802487951600831817,17181909803924833911,1,1
6802487951600831817,6170512069841293327,1,1
6802487951600831817,17366504229978756994,1,1
6802487951600831817,8256587706051579499,0,0
6802487951600831817,1515786443494751978,1,0
6802487951600831817,11804627064953970189,1,1
6802487951600831817,16934432670832488025,1,1
6802487951600831817,6801466341350961880,0,0
6802487951600831817,15793747446247113454,1,1
6802487951600831817,7038638126671594083,1,1
6802487951600831817,2996886776376689254,0,1
6802487951600831817,2306332354943618588,1,1
6802487951600831817,11750812700891683401,0,1
6802487951600831817,15422844568349857882,1,0
6802487951600831817,16230925471475434603,1,1
6802487951600831817,6662543229017794747,1,1
6802487951600831817,5145333965490370139,0,1
6802487951600831817,457215006658373648,1,1
6802487951600831817,4998754746249224503,1,1
6802487951600831817,17052853423289050162,1,0
6802487951600831817,1979187431076323279,1,1
6802487951600831817,9677627410460272117,0,0
6802487951600831817,3693916252105850756,1,0
6802487951600831817,18112684853106974397,1,1
6802487951600831817,5869748489836721196,1,1
6802487951600831817,3179669117095188362,0,1
6802487951600831817,6480470373320311090,1,1
6802487951600831817,12428532985159234406,1,0
6802487951600831817,15462853810049964477,1,1
6802487951600831817,1254342048730883732,0,1
6802487951600831817,11636201114078842741,0,1
6802487951600831817,4782409621658231718,1,1
6802487951600831817,4186482412757319878,0,0
6802487951600831817,1638956006529361661,1,1
6802487951600831817,14018877253494251119,1,1
6802487951600831817,17321744333221405148,1,0
6802487951600831817,6625594323019768242,1,1
6802487951600831817,18255440223756334311,0,1
6802487951600831817,12111877790928237303,0,1
6802487951600831817,10938091028524118188,0,1
6802487951600831817,3456104526077184278,1,1
6802487951600831817,3968866820242879264,1,1
6802487951600831817,1287352648639119638,1,0
6802487951600831817,9920820374532663874,1,1
6802487951600831817,15228490893790769669,0,0
6802487951600831817,3810152726838949380,0,0
6802487951600831817,17335013485766632688,1,0
6802487951600831817,4007843992654832152,0,0
6802487951600831817,11413686815609832532,0,1
6802487951600831817,11640030044361733019,0,0
6802487951600831817,987488162204765359,1,1
6802487951600831817,1266363008513605992,0,1
6802487951600831817,1024331112413500723,0,1
6802487951600831817,14963277533802414344,0,0
6802487951600831817,90203431739033329,0,0
6802487951600831817,4955937359343963591,0,0
6802487951600831817,13025228884452869828,1,1
6802487951600831817,10687248914871400744,1,0
6802487951600831817,17129397824797981037,0,0
6802487951600831817,13936862411233640376,1,1
6802487951600831817,241476894096915959,1,0
6802487951600831817,1886103896580245735,1,1
6802487951600831817,3875256301888854514,0,0
6802487951600831817,13563315745826400440,0,0
6802487951600831817,6156949878616043295,0,1
6802487951600831817,3771206622654979721,0,0
6802487951600831817,7374829653666828104,0,1
6802487951600831817,2982586218557660440,0,1
6802487951600831817,8567436177014766827,0,1
6802487951600831817,16733253294719080019,0,0
6802487951600831817,468358327206116486,1,0
6802487951600831817,18073629449824980059,1,0
6802487951600831817,12659762261404657415,0,1
6802487951600831817,10559062028333053285,1,1
6802487951600831817,8602138844718713509,0,0
6802487951600831817,6219166731726347963,1,1
6802487951600831817,17379052546451280709,1,0
6802487951600831817,3891164275746898425,0,0
6802487951600831817,1134968134884130012,0,1
6802487951600831817,14830967351987669775,1,1
6802487951600831817,11505523902674784523,1,1
6802487951600831817,13416791286426712684,0,0
6802487951600831817,12225928835364867012,0,0
6802487951600831817,15820277335131019333,0,1
6802487951600831817,3851482993920770108,1,1
6802487951600831817,9043769434508888288,1,0
6802487951600831817,6216693365253829742,0,1
6802487951600831817,18162747936864705106,1,1
6802487951600831817,5363260468162316564,0,0
6802487951600831817,12173928979478636639,1,0
6802487951600831817,11596527526877219056,0,0
6802487951600831817,73958281230351168,1,1
6802487951600831817,8063580420364259662,0,0
6802487951600831817,11796967327558971948,0,1
6802487951600831817,18161655604429250102,0,0
6802487951600831817,8596175594144083649,1,1
6802487951600831817,15659104017510284068,1,1
6802487951600831817,3527175664402976914,0,0
6802487951600831817,14743161920535945179,0,1
6802487951600831817,4945330415156963819,1,1
6802487951600831817,13737850113132311362,0,1
6802487951600831817,12607768576667554250,0,0
6802487951600831817,9593453100446480217,0,1
6802487951600831817,16440709194533519575,1,1
6802487951600831817,2297091082111306031,0,1
6802487951600831817,4612332238533229717,0,1
6802487951600831817,4568806669431994576,1,1
6802487951600831817,17115389919188035454,1,0
6802487951600831817,5420739005323037459,0,1
6802487951600831817,256957283503580086,0,0
6802487951600831817,9255619942910207578,0,1
6802487951600831817,17521848547810317664,0,0
6802487951600831817,9937785807968421599,0,1
6802487951600831817,12946640210841761485,0,0
6802487951600831817,15744143903121644213,1,1
6802487951600831817,9957386393832336838,1,1
6802487951600831817,8855242101874232761,0,1
6802487951600831817,12954176485250734817,1,1
6802487951600831817,2705706194851326756,1,1
6802487951600831817,15408347121454586678,1,0
6802487951600831817,4803838851004715586,1,0
6802487951600831817,6226887000180594480,0,0
6802487951600831817,13160502937889398373,0,1
6802487951600831817,16625388975148709654,0,1
6802487951600831817,10669931165147230894,0,1
6802487951600831817,8280861374168784614,0,1
6802487951600831817,1429638357027636025,0,1
6802487951600831817,2313385237482803955,0,0
6802487951600831817,3804934821107097744,1,0
6802487951600831817,7803788566873312651,0,0
6802487951600831817,4527417331474530362,1,1
6802487951600831817,5136338298364174310,1,1
6802487951600831817,11297353422690588095,0,0
6802487951600831817,574492114203751384,0,1
6802487951600831817,3448892324502104426,0,1
6802487951600831817,4138451616543798802,0,0
6802487951600831817,3613586700055827739,0,1
6802487951600831817,7156174658305374994,0,0
6802487951600831817,7214608720366087154,0,0
6802487951600831817,17093582833552419875,0,0
6802487951600831817,17978537930155936595,1,1
6802487951600831817,12297634748763357352,0,0
6802487951600831817,17796866312029462203,0,1
6802487951600831817,1536792201195197508,0,1
6802487951600831817,14567149375481400735,0,0
6802487951600831817,17451851522072208864,0,0
6802487951600831817,3042662773753859007,0,1
6802487951600831817,15476425740554201781,0,1
6802487951600831817,13589088939580083318,0,1
6802487951600831817,16319907249387373106,0,1
6802487951600831817,8226752757125118067,1,0
6802487951600831817,5787785171854211464,0,1
6802487951600831817,15197142022818627951,0,0
6802487951600831817,8092484762320665584,0,1
6802487951600831817,14220780939721840329,1,1
6802487951600831817,10312329061495891120,1,1
6802487951600831817,420063669476277430,0,0
6802487951600831817,12624300031665324652,0,1
6802487951600831817,17039035072812955161,0,1
6802487951600831817,2013250243093109147,1,1
6802487951600831817,12807959211141841980,0,0
6802487951600831817,12320019424526915925,1,0
6802487951600831817,3919503139394980351,0,0
6802487951600831817,11939943485578985715,0,0
6802487951600831817,3184621075524853838,1,1
6802487951600831817,7530420491555603080,0,1
6802487951600831817,4463480740675525584,1,1
6802487951600831817,10384867246427341854,0,1
6802487951600831817,17965500365339196320,0,0
6802487951600831817,12396589680164041826,0,1
6802487951600831817,205808899981454047,0,0
6802487951600831817,14994323514918335362,0,1
6802487951600831817,10218693202492528883,1,1
6802487951600831817,14979401326909171502,0,0
6802487951600831817,4639919485872455178,0,0
6802487951600831817,3022724624875925481,1,1
6802487951600831817,13587636773302976426,0,1
6802487951600831817,5989393499049479612,0,0
6802487951600831817,3156879495858622049,0,1
16373036845987314142,14090672178649496411,0,1
16373036845987314142,16165521617014985822,1,1
16373036845987314142,9857973494547976557,1,1
16373036845987314142,5169823251066613419,1,0
16373036845987314142,16934432670832488025,1,1
16373036845987314142,8580686278110701726,1,0
16373036845987314142,14219909682035352472,1,0
16373036845987314142,403633283001747983,1,0
16373036845987314142,14610373729691755259,0,1
16373036845987314142,8880623358478007080,1,1
16373036845987314142,3119088725171284628,1,1
16373036845987314142,14222917132098114716,1,1
16373036845987314142,5041312618941809091,0,1
16373036845987314142,9288578092012207999,0,0
16373036845987314142,1850728390678550911,1,1
16373036845987314142,17633751251988890557,1,1
16373036845987314142,11672351833959906584,0,1
16373036845987314142,14144535298897859414,0,0
16373036845987314142,14483344539979932379,0,0
16373036845987314142,15022356515598620923,0,1
16373036845987314142,13239851919771548578,1,1
16373036845987314142,759837049969590923,0,0
16373036845987314142,11474006492779489697,0,1
16373036845987314142,10251001015143708709,0,1
16373036845987314142,17208876203675117587,0,1
16373036845987314142,17352010134873615242,1,1
16373036845987314142,14790978013438953269,0,0
16373036845987314142,9053782119640710872,0,0
16373036845987314142,16991985448313646263,1,0
16373036845987314142,14333450568419633444,0,1
16373036845987314142,493524195583093507,1,1
16373036845987314142,12092543988991137445,1,0
16373036845987314142,9030833814928291312,0,0
16373036845987314142,828164085169179713,1,1
16373036845987314142,3810152726838949380,0,0
16373036845987314142,3129442146525765986,0,0
16373036845987314142,701706023080119071,1,0
16373036845987314142,13539014678384834306,1,1
16373036845987314142,11857884978544665938,0,0
16373036845987314142,14779778107294166289,1,0
16373036845987314142,2742262962882923570,0,0
16373036845987314142,17679136044002512182,1,0
16373036845987314142,12614354509333176303,0,0
16373036845987314142,12364031997679664028,1,1
16373036845987314142,16198799313313068013,1,0
16373036845987314142,6397611569940635182,1,0
16373036845987314142,1839151085259374990,1,0
16373036845987314142,16107661091402129305,1,1
16373036845987314142,1985602182496838080,1,1
16373036845987314142,16286599964935337091,1,1
16373036845987314142,15500747191793451125,0,0
16373036845987314142,9018116699083254865,0,0
16373036845987314142,7552358802981741920,0,0
16373036845987314142,6110062410515519306,1,0
16373036845987314142,10491886171402839358,0,0
16373036845987314142,8567436177014766827,0,0
16373036845987314142,1228917811184567623,1,0
16373036845987314142,4803624613850821031,0,1
16373036845987314142,3164519888010497746,0,0
16373036845987314142,12659762261404657415,0,1
16373036845987314142,4379064350876787455,1,0
16373036845987314142,366666019978750185,1,0
16373036845987314142,5086571222516642030,0,1
16373036845987314142,3891164275746898425,0,0
16373036845987314142,18421293779369231911,0,0
16373036845987314142,4604938893131263168,0,1
16373036845987314142,11602571858578095254,1,0
16373036845987314142,6329393264049983729,0,0
16373036845987314142,13790795572620467794,0,1
16373036845987314142,12225928835364867012,0,1
16373036845987314142,12821714564319802288,0,1
16373036845987314142,6826337881714079038,0,0
16373036845987314142,9222214714208198585,0,1
16373036845987314142,5334725179352929707,1,0
16373036845987314142,13474866576448486887,1,0
16373036845987314142,1989758971824645846,0,0
16373036845987314142,712022554383503261,0,0
16373036845987314142,6165885350292649870,0,0
16373036845987314142,3670518203133099982,1,0
16373036845987314142,598131818474124502,1,1
16373036845987314142,9822308057865064655,0,1
16373036845987314142,10599668151964954709,0,1
16373036845987314142,10382279450169556720,0,1
16373036845987314142,11991172582423677137,0,0
16373036845987314142,6524885574964901656,0,0
16373036845987314142,12562557624070649258,1,0
16373036845987314142,17768549470799494085,0,1
16373036845987314142,11485924371111124757,0,0
16373036845987314142,738826105024966055,0,1
16373036845987314142,14095639892834050180,0,0
16373036845987314142,12354186023596687495,0,1
16373036845987314142,6847882327756644680,1,1
16373036845987314142,12706198165462100559,1,1
16373036845987314142,14841281374312554031,0,1
16373036845987314142,342446028321790879,1,0
16373036845987314142,1151089899238087420,0,0
16373036845987314142,9757032263761237337,0,0
16373036845987314142,9757814166928984696,0,0
16373036845987314142,118183668856827195,0,0
16373036845987314142,10715543528438706357,0,1
16373036845987314142,8663443917492209390,0,0
16373036845987314142,6191209210348742480,0,0
16373036845987314142,9960594087230711855,0,0
16373036845987314142,18293947704991219175,0,0
16373036845987314142,9937785807968421599,0,0
16373036845987314142,824806227687739123,1,1
16373036845987314142,8122971989685568197,0,0
16373036845987314142,11377830075586452402,0,1
16373036845987314142,11197297917898127004,1,1
16373036845987314142,4375382063583431180,0,0
16373036845987314142,7514591224533070003,0,0
16373036845987314142,10123411132932624370,1,0
16373036845987314142,11786796276827159038,1,0
16373036845987314142,14486056087537382979,0,0
16373036845987314142,13160502937889398373,0,0
16373036845987314142,4622530427074148724,1,0
16373036845987314142,8280861374168784614,0,1
16373036845987314142,6831443379291665702,0,0
16373036845987314142,11371443063129616322,0,0
16373036845987314142,3621245079123106641,1,1
16373036845987314142,15319346209522776053,1,1
16373036845987314142,5009772872131943350,0,0
16373036845987314142,5534805615363715302,0,1
16373036845987314142,644115946468830099,0,1
16373036845987314142,574492114203751384,0,1
16373036845987314142,15931606659196724570,0,0
16373036845987314142,2787187622234778483,1,0
16373036845987314142,13890933168295736537,0,1
16373036845987314142,1181943459182063855,0,1
16373036845987314142,190404346712330570,0,1
16373036845987314142,3102550271511366801,0,1
16373036845987314142,10329023625537679253,0,1
16373036845987314142,2119615732807707189,1,1
16373036845987314142,606237472483177053,1,0
16373036845987314142,14514272977694139378,1,0
16373036845987314142,5787785171854211464,0,1
16373036845987314142,3331204612333926924,0,0
16373036845987314142,8282638196304629236,0,0
16373036845987314142,7744126221990977383,0,1
16373036845987314142,14235828447358980848,0,0
16373036845987314142,16056912018683792456,1,1
16373036845987314142,2465605155367502953,1,1
16373036845987314142,677205173169862285,0,0
16373036845987314142,17221215442370465442,0,1
16373036845987314142,420063669476277430,0,1
16373036845987314142,2878252226566184040,1,0
16373036845987314142,3279981876514959244,0,1
16373036845987314142,9341602003078625029,0,0
16373036845987314142,12082825836754043226,0,0
16373036845987314142,7870406408776472831,0,0
16373036845987314142,15272689744855490594,1,1
16373036845987314142,15804093724889665189,0,0
16373036845987314142,8232873167325975994,0,0
16373036845987314142,16446377378687724810,0,0
16373036845987314142,7645734998449829828,0,0
16373036845987314142,8787111984192079445,0,1
16373036845987314142,11736987854501912677,1,1
16373036845987314142,8996972769567791748,0,1
16373036845987314142,2278965360436100728,0,1
16373036845987314142,15175965155281432538,0,0
16373036845987314142,12096336259257386496,1,1
16373036845987314142,12759960578924627030,1,0
16373036845987314142,5028111455295445140,1,0
16373036845987314142,10384867246427341854,0,0
16373036845987314142,3748905718920346887,1,0
16373036845987314142,11367927290128600233,0,1
16373036845987314142,16605114639263572163,0,1
16373036845987314142,2858269203469526580,0,1
16373036845987314142,1994457184609842147,0,0
16373036845987314142,6486924641493204190,0,0
16373036845987314142,13839419856267949469,1,1
16373036845987314142,15249011198001965922,0,1
16373036845987314142,8740994953571616714,0,1
16373036845987314142,3025222563730209640,0,1
18431539652333037002,16475318273559198332,0,0
18431539652333037002,14235529860542721717,0,1
18431539652333037002,4026299775656413119,0,0
18431539652333037002,7301370665334630632,0,1
18431539652333037002,8479729161892450865,0,1
18431539652333037002,8416154264883534648,1,1
18431539652333037002,1436888529993839353,1,1
18431539652333037002,7594081614551890125,0,0
18431539652333037002,9432859606354310650,0,1
18431539652333037002,2996886776376689254,0,1
18431539652333037002,3776116797268539618,0,1
18431539652333037002,1869855216958969308,0,0
18431539652333037002,14643441149231391045,0,0
18431539652333037002,9081883925780460857,1,0
18431539652333037002,9851366553087662577,1,1
18431539652333037002,15903440126687295770,0,1
18431539652333037002,14222917132098114716,1,1
18431539652333037002,5768166163923247441,1,1
18431539652333037002,5041312618941809091,0,0
18431539652333037002,1553549549039801890,0,0
18431539652333037002,16715416795474646511,1,1
18431539652333037002,5649982321040989922,0,0
18431539652333037002,14913230889526056834,0,1
18431539652333037002,8731138456805366366,0,0
18431539652333037002,16114594047405492532,0,0
18431539652333037002,11799989583927867855,1,1
18431539652333037002,11676069148256576796,0,0
18431539652333037002,13188220924493840845,1,1
18431539652333037002,2414059402891962693,1,0
18431539652333037002,4638288473829138974,0,0
18431539652333037002,7131349600702817169,0,0
18431539652333037002,10870818051940725716,1,0
18431539652333037002,1238671569999092464,0,1
18431539652333037002,8609344795469330950,0,0
18431539652333037002,919804769442358293,0,0
18431539652333037002,6022303872475566641,0,1
18431539652333037002,15193751674942648585,0,1
18431539652333037002,11731379541744342808,1,1
18431539652333037002,2923581541999516325,0,1
18431539652333037002,1859449068634568073,1,1
18431539652333037002,12111877790928237303,0,1
18431539652333037002,10938091028524118188,0,1
18431539652333037002,16451467179881062626,0,1
18431539652333037002,6345864529241363184,0,0
18431539652333037002,10985417116045822231,0,1
18431539652333037002,5585229996281164865,0,0
18431539652333037002,6681702801990066096,1,1
18431539652333037002,11356378685601108453,0,0
18431539652333037002,4169143888075685228,0,0
18431539652333037002,5361458446630848653,1,1
18431539652333037002,3716179694187603435,0,0
18431539652333037002,15346598173813936908,0,1
18431539652333037002,15985788831181531303,0,0
18431539652333037002,16052912754973431232,0,1
18431539652333037002,17433339280546499452,0,1
18431539652333037002,8752463186343052668,1,1
18431539652333037002,9306924303746439048,0,0
18431539652333037002,13845822747476873578,0,0
18431539652333037002,9797903931037783484,1,1
18431539652333037002,9043013792459710869,0,1
18431539652333037002,18143634929549723090,0,1
18431539652333037002,14357044071356699862,1,1
18431539652333037002,5303896378190677036,0,0
18431539652333037002,7159519166248696311,0,0
18431539652333037002,1992438520869007553,1,1
18431539652333037002,16286599964935337091,1,1
18431539652333037002,6025767273802783721,0,0
18431539652333037002,3387133263981111443,1,1
18431539652333037002,8539013390445685201,0,1
18431539652333037002,7016693005399471781,0,0
18431539652333037002,13661838404446393523,1,0
18431539652333037002,12234222559532483969,0,0
18431539652333037002,8643569554704207168,0,0
18431539652333037002,5933832138623709894,0,1
18431539652333037002,3359856983157339334,0,0
18431539652333037002,4153948497546640972,1,0
18431539652333037002,7552358802981741920,0,1
18431539652333037002,6229131553751498799,0,0
18431539652333037002,4767933783783898441,0,0
18431539652333037002,244170775152365324,0,1
18431539652333037002,6048131054447613302,0,0
18431539652333037002,8694851504575600045,0,0
18431539652333037002,10712447643999663578,0,1
18431539652333037002,3168495937598441888,0,0
18431539652333037002,16753375865165142599,0,0
18431539652333037002,1155491351939958247,1,1
18431539652333037002,4714943266507006839,0,0
18431539652333037002,7015495086312308122,0,1
18431539652333037002,4053790123732439932,0,1
18431539652333037002,7716994011816215905,0,0
18431539652333037002,3995381429352470220,0,0
18431539652333037002,9429462772738961008,1,1
18431539652333037002,12655436924593715777,0,0
18431539652333037002,15820277335131019333,0,0
18431539652333037002,15853564496537656021,0,0
18431539652333037002,4281510417484540296,0,1
18431539652333037002,12821714564319802288,0,1
18431539652333037002,6826337881714079038,0,0
18431539652333037002,3597068049026183808,0,1
18431539652333037002,4441563671887986973,0,0
18431539652333037002,11417304297222056450,0,1
18431539652333037002,1918936666707119819,0,1
18431539652333037002,1710026285830536578,0,1
18431539652333037002,17351550722261927558,0,0
18431539652333037002,8063580420364259662,0,0
18431539652333037002,12431264571717820986,0,1
18431539652333037002,1105071474146332825,0,1
18431539652333037002,9807190904775812384,0,0
18431539652333037002,5970313482753867310,0,1
18431539652333037002,3527175664402976914,0,1
18431539652333037002,15992747779799221639,1,0
18431539652333037002,630379215467472273,1,1
18431539652333037002,9033885316998464933,0,1
18431539652333037002,660191258116657819,0,0
18431539652333037002,7943036682679272245,0,0
18431539652333037002,8047578386894011210,0,1
18431539652333037002,12371211238733071720,0,1
18431539652333037002,15088437107115534174,0,0
18431539652333037002,5096184235600212518,1,0
18431539652333037002,9918383419741624292,0,0
18431539652333037002,11726826088322711539,0,0
18431539652333037002,11592240820827155353,0,0
18431539652333037002,4954612036493596216,0,0
18431539652333037002,4612446240558399591,0,1
18431539652333037002,12111161989722796656,0,0
18431539652333037002,15382529435651577547,0,0
18431539652333037002,3691233667517189739,0,0
18431539652333037002,11390392849789628910,0,0
18431539652333037002,5238063363154576655,0,0
18431539652333037002,7651883613818467291,1,0
18431539652333037002,1550188920083056624,0,1
18431539652333037002,10092388224639672438,0,1
18431539652333037002,9615951855638157030,0,0
18431539652333037002,11377830075586452402,0,1
18431539652333037002,4375382063583431180,0,0
18431539652333037002,5533490688123495404,0,0
18431539652333037002,12954176485250734817,1,1
18431539652333037002,16982207531280536564,0,1
18431539652333037002,3729733860778120639,0,0
18431539652333037002,9827511698292235900,0,1
18431539652333037002,17677722333818434448,0,0
18431539652333037002,12359566266604581264,1,0
18431539652333037002,12351388251352225841,0,0
18431539652333037002,16625388975148709654,0,1
18431539652333037002,3945022627649510084,0,0
18431539652333037002,6746864865397766518,0,0
18431539652333037002,14111854055593794408,0,0
18431539652333037002,11297353422690588095,0,0
18431539652333037002,10474968272097141870,0,1
18431539652333037002,16513692500148841884,0,0
18431539652333037002,16530557420048888858,0,1
18431539652333037002,16603313988062127963,0,0
18431539652333037002,11136241349878893415,1,1
18431539652333037002,1828375848207551347,0,1
18431539652333037002,11585077049294489359,0,0
18431539652333037002,4548047415075817979,0,0
18431539652333037002,6479933579352769754,0,0
18431539652333037002,10722526633233103403,0,0
18431539652333037002,11153533132281737751,0,0
18431539652333037002,14872689753703708305,0,0
18431539652333037002,11662766186099008880,0,1
18431539652333037002,7397484379804480246,0,1
18431539652333037002,16376713588785100818,0,1
18431539652333037002,17585724178690008489,0,0
18431539652333037002,13407828869868709797,0,0
18431539652333037002,14220780939721840329,1,0
18431539652333037002,5747402743433723485,0,1
18431539652333037002,16572094967911493000,0,1
18431539652333037002,5122895955531373642,0,0
18431539652333037002,18052365132677148844,0,0
18431539652333037002,17374507879443674039,0,1
18431539652333037002,14121713125239402837,0,1
18431539652333037002,14481132968631148155,0,0
18431539652333037002,10814541339173679239,0,1
18431539652333037002,17571480822141535773,0,1
18431539652333037002,3924325373875249209,0,0
18431539652333037002,16969120910952656940,1,0
18431539652333037002,9011575222431264648,1,0
18431539652333037002,17191546887658768307,0,0
18431539652333037002,1177708276060569714,0,0
18431539652333037002,8147001620290266630,0,0
18431539652333037002,4365834066128495501,0,0
18431539652333037002,2883217618429250973,0,1
18431539652333037002,1190851812824201312,1,1
18431539652333037002,12771732423533180679,1,0
18431539652333037002,1994457184609842147,0,0
18431539652333037002,11113866800605244981,0,1
18431539652333037002,12044190864004725439,0,1
3739224392454360394,9298196701362989042,0,0
3739224392454360394,8256587706051579499,0,0
3739224392454360394,6245064969883405147,0,1
3739224392454360394,10429626583191497858,1,1
3739224392454360394,6460017172920501145,0,1
3739224392454360394,15981438376048120138,0,0
3739224392454360394,4731471040944813166,0,0
3739224392454360394,10531910221578380976,0,0
3739224392454360394,14293140632884426403,0,1
3739224392454360394,5104859106373420264,0,0
3739224392454360394,13211286858429754298,1,1
3739224392454360394,13170424428440989201,0,1
3739224392454360394,3359275618851444440,0,1
3739224392454360394,9081883925780460857,1,0
3739224392454360394,8880623358478007080,1,0
3739224392454360394,9409959814418411865,0,0
3739224392454360394,4935215994020230125,0,0
3739224392454360394,15717186157732764545,0,1
3739224392454360394,10890504953518104340,1,1
3739224392454360394,8279165783522564560,0,0
3739224392454360394,16715416795474646511,1,1
3739224392454360394,11450704383477282022,1,0
3739224392454360394,11250237747242276897,0,1
3739224392454360394,3772472770635832282,1,1
3739224392454360394,12374595728567736945,1,1
3739224392454360394,15462853810049964477,1,1
3739224392454360394,12070559469161427019,1,1
3739224392454360394,13223568398216640960,0,0
3739224392454360394,14330890819200039403,0,0
3739224392454360394,11286602461532557638,0,0
3739224392454360394,12698766661917791272,0,1
3739224392454360394,18319259789902953265,1,1
3739224392454360394,16063556945892673192,0,0
3739224392454360394,9840449540432107838,1,0
3739224392454360394,15785760379070671196,1,0
3739224392454360394,9030833814928291312,0,1
3739224392454360394,16928156871246729458,0,0
3739224392454360394,15706765734921416962,0,0
3739224392454360394,14917389031723399368,1,1
3739224392454360394,1960240079414278494,0,0
3739224392454360394,6706889196074014569,0,0
3739224392454360394,16157030254349664573,0,1
3739224392454360394,8741076800464152940,0,1
3739224392454360394,6862836247716992506,0,1
3739224392454360394,7068928981299621154,0,1
3739224392454360394,4182882593701646772,0,1
3739224392454360394,7453948058308234420,0,0
3739224392454360394,17772976169562643946,0,0
3739224392454360394,6451951767761736850,0,1
3739224392454360394,9784770151472187644,0,0
3739224392454360394,1899735742085144979,0,0
3739224392454360394,15985788831181531303,0,1
3739224392454360394,12792642954281200326,0,0
3739224392454360394,14378712679456656376,1,1
3739224392454360394,2479011010479115806,0,1
3739224392454360394,14888873971593379207,0,1
3739224392454360394,11527876886817722815,1,0
3739224392454360394,2798172058076710220,0,0
3739224392454360394,3177166335223831649,1,0
3739224392454360394,17631368348129517748,0,0
3739224392454360394,7528351540574857797,0,0
3739224392454360394,4075490791142846241,0,0
3739224392454360394,8595784409317996126,1,1
3739224392454360394,16107661091402129305,1,1
3739224392454360394,3859552690658487560,1,1
3739224392454360394,13661838404446393523,1,0
3739224392454360394,3524612134637851067,0,1
3739224392454360394,12234222559532483969,0,0
3739224392454360394,13816961337963899071,0,1
3739224392454360394,15500747191793451125,0,1
3739224392454360394,18432410375797238738,0,1
3739224392454360394,4818083732588077739,0,1
3739224392454360394,5047732854646370283,1,0
3739224392454360394,11572797374513536660,0,1
3739224392454360394,4367180759400794909,0,0
3739224392454360394,13913358097599629106,0,0
3739224392454360394,10566526188954558074,1,1
3739224392454360394,16753375865165142599,0,0
3739224392454360394,7112689672393443224,0,0
3739224392454360394,9851232972816520686,0,1
3739224392454360394,18166920987074809985,0,1
3739224392454360394,8660330473759952296,0,0
3739224392454360394,4300761390402232205,0,1
3739224392454360394,497491860329220046,0,1
3739224392454360394,7468331303766649367,0,0
3739224392454360394,5183957360422577346,0,0
3739224392454360394,6673011554830098369,0,0
3739224392454360394,6380756321250637644,0,0
3739224392454360394,11596527526877219056,0,0
3739224392454360394,18363814362735886987,0,1
3739224392454360394,1989758971824645846,0,0
3739224392454360394,6165885350292649870,0,0
3739224392454360394,10733032552528224447,0,0
3739224392454360394,12899796616469957448,0,1
3739224392454360394,2801684488084474638,0,1
3739224392454360394,11822941716329390906,0,1
3739224392454360394,9130537901512031464,0,1
3739224392454360394,869190692836593287,0,1
3739224392454360394,17229212436047407182,1,1
3739224392454360394,2823582379771375216,0,1
3739224392454360394,5119827808091927976,0,1
3739224392454360394,8105275144780494783,1,0
3739224392454360394,3800010940672500916,0,1
3739224392454360394,15544444389796350046,0,1
3739224392454360394,15177562311076906967,0,1
3739224392454360394,3513650007716058302,0,1
3739224392454360394,5703338432292269099,0,1
3739224392454360394,10303009822019268548,0,1
3739224392454360394,12111161989722796656,0,1
3739224392454360394,15495387295282157603,1,0
3739224392454360394,11069487160958682518,0,1
3739224392454360394,12176670220105099000,1,1
3739224392454360394,2462660085239271045,0,1
3739224392454360394,12045836308427766658,0,1
3739224392454360394,3453331562595210071,0,0
3739224392454360394,16529994661809948248,0,0
3739224392454360394,12879734125590099629,0,0
3739224392454360394,18313493944655274081,1,1
3739224392454360394,6761554937554163989,0,0
3739224392454360394,8729716172734208772,0,1
3739224392454360394,10715543528438706357,0,1
3739224392454360394,15567210451025133814,0,0
3739224392454360394,6191209210348742480,0,0
3739224392454360394,11723463305746947211,0,0
3739224392454360394,6575833952951186486,0,0
3739224392454360394,4957824599691312431,0,1
3739224392454360394,3204437544487485904,0,1
3739224392454360394,16714788658944691860,0,1
3739224392454360394,18249481252207161546,0,1
3739224392454360394,1159171752069299552,0,1
3739224392454360394,16136979571765767134,1,0
3739224392454360394,10895147365320686804,0,0
3739224392454360394,2741088349009788439,0,1
3739224392454360394,3703749783102823211,1,1
3739224392454360394,9435128947836704759,0,0
3739224392454360394,11931067769797621184,0,0
3739224392454360394,11679452831889365188,0,1
3739224392454360394,12081659852424124074,0,1
3739224392454360394,12641583564919904719,0,1
3739224392454360394,10832391561198347978,0,1
3739224392454360394,8515452004416516721,0,1
3739224392454360394,6665303000037544895,0,1
3739224392454360394,17042217841710494821,0,1
3739224392454360394,8607197832105212291,0,1
3739224392454360394,1965029324763548689,0,0
3739224392454360394,15386587472151567573,0,1
3739224392454360394,5147475320857012863,0,1
3739224392454360394,4401179464498024345,1,1
3739224392454360394,7214608720366087154,0,0
3739224392454360394,17774798651293093065,0,1
3739224392454360394,9165295237544830422,0,1
3739224392454360394,7418640643650381109,0,0
3739224392454360394,11662766186099008880,0,1
3739224392454360394,8343282800238037614,0,1
3739224392454360394,8837533039256900593,0,1
3739224392454360394,12664066294908635272,1,1
3739224392454360394,8808848719949662227,0,1
3739224392454360394,17140941799820896809,1,0
3739224392454360394,13250502796981060130,0,0
3739224392454360394,4624680150245672943,0,1
3739224392454360394,1625286718212471372,0,0
3739224392454360394,3919503139394980351,0,0
3739224392454360394,3763150028152579509,0,0
3739224392454360394,4720385641040665766,0,0
3739224392454360394,9011575222431264648,1,0
3739224392454360394,11462429701322255053,0,1
3739224392454360394,17184767834921918876,0,0
3739224392454360394,14527603219962126206,0,0
3739224392454360394,9948340211407414607,0,0
3739224392454360394,11367927290128600233,0,1
3739224392454360394,205808899981454047,0,1
3739224392454360394,10860713363622337912,0,1
3739224392454360394,6661586202677842668,0,0
3739224392454360394,4924103101836634195,0,1
3739224392454360394,15234773725076732072,0,1
3739224392454360394,12051625983783352710,0,0
3739224392454360394,12451590859752736677,0,0
3739224392454360394,4963315457488189470,0,0
14078580176212156716,4874575067999385452,0,1
14078580176212156716,2090306887396149195,1,1
14078580176212156716,16973089514983446321,0,1
14078580176212156716,10732918406089067487,1,1
14078580176212156716,8416154264883534648,1,1
14078580176212156716,6118889951214218882,1,1
14078580176212156716,17821509079416765307,0,1
14078580176212156716,15466546596717370072,1,1
14078580176212156716,7280304848107396442,1,1
14078580176212156716,11750812700891683401,0,0
14078580176212156716,3313632635372811404,1,0
14078580176212156716,3445382936598393930,1,1
14078580176212156716,13265525350888588483,1,1
14078580176212156716,17391678265024430190,1,1
14078580176212156716,4935215994020230125,0,0
14078580176212156716,14259342142469060884,0,1
14078580176212156716,11627299305737990388,0,1
14078580176212156716,4998754746249224503,1,1
14078580176212156716,4139524666831623758,1,1
14078580176212156716,18281054418898242738,1,0
14078580176212156716,11672351833959906584,0,1
14078580176212156716,10291675294515039336,0,1
14078580176212156716,15741691445838626241,1,1
14078580176212156716,11939134997460725060,0,0
14078580176212156716,15564531678637671942,0,1
14078580176212156716,16591843422421263432,0,1
14078580176212156716,14979875427386066282,0,0
14078580176212156716,17870324326625231548,0,0
14078580176212156716,12691546515130099744,0,1
14078580176212156716,1254342048730883732,0,1
14078580176212156716,12738160866676985506,1,1
14078580176212156716,14024962225559384390,1,1
14078580176212156716,18319259789902953265,1,1
14078580176212156716,7276789229186558594,1,1
14078580176212156716,18372562048531123401,1,1
14078580176212156716,2901059089178142031,1,1
14078580176212156716,3456104526077184278,1,1
14078580176212156716,14538056695983560238,1,1
14078580176212156716,16451467179881062626,0,1
14078580176212156716,12810279509497696840,1,1
14078580176212156716,11665397099847882177,1,1
14078580176212156716,13839088109780198691,1,0
14078580176212156716,6832977524592305050,1,0
14078580176212156716,701706023080119071,1,1
14078580176212156716,15704437495726243394,1,1
14078580176212156716,5281086127952326893,1,1
14078580176212156716,16985999420195919885,1,1
14078580176212156716,17621976571139414630,1,1
14078580176212156716,228661557274186755,1,1
14078580176212156716,6862619481983826248,1,1
14078580176212156716,14378712679456656376,1,1
14078580176212156716,12730344312326766310,0,1
14078580176212156716,17798685371075878584,0,0
14078580176212156716,15553653854708329105,0,0
14078580176212156716,15480516386997513395,0,1
14078580176212156716,15548292087069409083,1,1
14078580176212156716,14062387705278421004,0,0
14078580176212156716,5303896378190677036,0,1
14078580176212156716,18230502690698852272,0,0
14078580176212156716,3859552690658487560,1,1
14078580176212156716,8377794803531412984,0,0
14078580176212156716,12758735345382835339,0,0
14078580176212156716,5970020512428871289,1,0
14078580176212156716,7487645532014588278,0,1
14078580176212156716,6505762708650925807,0,1
14078580176212156716,16031976278643956281,1,0
14078580176212156716,7907438982514127620,1,1
14078580176212156716,16133026213895928271,1,1
14078580176212156716,4367180759400794909,0,1
14078580176212156716,14768598445261495863,0,1
14078580176212156716,4656278828312897848,0,0
14078580176212156716,1109242401852640491,1,0
14078580176212156716,2490591251666667132,0,1
14078580176212156716,12437384029932039044,1,1
14078580176212156716,17434799440299602273,0,0
14078580176212156716,10732893915079298031,0,0
14078580176212156716,3355958686817115183,1,0
14078580176212156716,7015495086312308122,0,1
14078580176212156716,12865209592112242286,0,0
14078580176212156716,8547065217359128287,0,1
14078580176212156716,9429462772738961008,1,1
14078580176212156716,14798229912922948196,0,1
14078580176212156716,7738508549466574366,0,0
14078580176212156716,4248764671556200665,1,0
14078580176212156716,1792169584720214904,1,1
14078580176212156716,7706588278660594247,1,1
14078580176212156716,5205419444051727239,0,1
14078580176212156716,13028521024123092327,1,1
14078580176212156716,10977627566863387984,0,0
14078580176212156716,8467914437037705269,1,1
14078580176212156716,12940960223618682661,0,0
14078580176212156716,11796967327558971948,0,0
14078580176212156716,5784248236698122020,0,1
14078580176212156716,4527970714842669113,0,0
14078580176212156716,9807190904775812384,0,0
14078580176212156716,1722553281246277630,0,1
14078580176212156716,8420068515412152354,0,0
14078580176212156716,5083787822645998639,0,1
14078580176212156716,10503908929819669167,0,0
14078580176212156716,9037315097016351577,0,0
14078580176212156716,8047578386894011210,0,1
14078580176212156716,14102719804083451555,1,1
14078580176212156716,2805382456219513170,0,0
14078580176212156716,9026213372522662158,1,0
14078580176212156716,17684639492855024768,1,1
14078580176212156716,16661224511602066779,1,1
14078580176212156716,11642729839274639596,0,1
14078580176212156716,9430929056582758322,0,0
14078580176212156716,16241380644519080748,0,1
14078580176212156716,13137436418713605802,1,1
14078580176212156716,9709947990012660948,1,1
14078580176212156716,9091335048200001202,1,1
14078580176212156716,8751343567145478737,0,0
14078580176212156716,15382529435651577547,0,0
14078580176212156716,1151089899238087420,0,0
14078580176212156716,7716769450901945284,0,0
14078580176212156716,4735231230032263119,1,1
14078580176212156716,7166979003636102431,0,1
14078580176212156716,13817571516744297321,1,1
14078580176212156716,5674930110868293480,1,0
14078580176212156716,11239292325677265551,0,0
14078580176212156716,16474550345645443008,0,0
14078580176212156716,14697721265172412776,0,0
14078580176212156716,7514591224533070003,0,0
14078580176212156716,576188907262751971,0,0
14078580176212156716,15009361677255828286,0,0
14078580176212156716,3173316319877683117,1,1
14078580176212156716,8091053132060381035,0,1
14078580176212156716,1475614259851666112,0,1
14078580176212156716,12351388251352225841,0,0
14078580176212156716,13020283640562754605,0,0
14078580176212156716,7941294563958815062,0,0
14078580176212156716,12884230749270571127,0,0
14078580176212156716,9478400372995819158,1,1
14078580176212156716,8383624238257575304,1,1
14078580176212156716,4532153361474374606,1,0
14078580176212156716,5810099460683366696,0,1
14078580176212156716,4461904309152772134,0,0
14078580176212156716,15224606879550573067,0,0
14078580176212156716,8172344433478127079,0,1
14078580176212156716,7586902715753773002,1,1
14078580176212156716,8453030678029736415,0,0
14078580176212156716,13981358427077269190,0,0
14078580176212156716,12560193865515098299,0,0
14078580176212156716,11564279777760541043,0,0
14078580176212156716,18116708292949973574,1,1
14078580176212156716,10329023625537679253,0,1
14078580176212156716,13898372868286713393,0,1
14078580176212156716,8530712143934320491,1,0
14078580176212156716,6200952730568753728,1,1
14078580176212156716,17764068938203705028,0,1
14078580176212156716,11580344592701824727,0,1
14078580176212156716,2653540013931631927,0,0
14078580176212156716,4693812538853487362,0,0
14078580176212156716,14235828447358980848,0,0
14078580176212156716,1731198108798987024,1,0
14078580176212156716,17276635999014458626,0,1
14078580176212156716,14220780939721840329,1,1
14078580176212156716,812552783396935452,0,1
14078580176212156716,3905467452884883039,0,1
14078580176212156716,15277976780041486980,0,0
14078580176212156716,9624269201029123654,0,1
14078580176212156716,7048494491435986191,1,1
14078580176212156716,18001608338359978239,1,1
14078580176212156716,3032379229461290521,0,0
14078580176212156716,12759960578924627030,1,0
14078580176212156716,11011152623921958669,1,1
14078580176212156716,8017619767664283176,1,0
14078580176212156716,15561120148339203153,0,0
14078580176212156716,4924103101836634195,0,1
14078580176212156716,13839419856267949469,1,1
14078580176212156716,3412382330129261529,0,0
14078580176212156716,7948981866273347204,0,1
4193747434476169473,16165521617014985822,1,1
4193747434476169473,18118302406462769901,0,0
4193747434476169473,6891055711084639498,1,0
4193747434476169473,12809118610496579050,0,0
4193747434476169473,13259152036447666878,0,0
4193747434476169473,9880070464929864691,0,0
4193747434476169473,12103365338580997629,1,0
4193747434476169473,3092065825829374935,1,1
4193747434476169473,17287016993694875662,1,1
4193747434476169473,4671004239133403618,0,0
4193747434476169473,12950039030695528649,0,0
4193747434476169473,2766639447325622024,1,0
4193747434476169473,3359275618851444440,0,1
4193747434476169473,10573549909114690157,0,0
4193747434476169473,8440707172868753329,0,1
4193747434476169473,1850728390678550911,1,1
4193747434476169473,7022296308014342659,0,1
4193747434476169473,3131705878802932685,1,0
4193747434476169473,13213091670994302832,0,1
4193747434476169473,18281054418898242738,1,0
4193747434476169473,3256208734512792735,0,0
4193747434476169473,13462074477339407761,1,0
4193747434476169473,615626519470059512,0,1
4193747434476169473,2414059402891962693,1,0
4193747434476169473,14605030982325525864,0,0
4193747434476169473,6172270387827839480,1,0
4193747434476169473,4244238197429462481,0,0
4193747434476169473,5494350554611061323,1,0
4193747434476169473,9692869361398059037,1,0
4193747434476169473,694966771528717100,0,0
4193747434476169473,5934700803581835504,0,0
4193747434476169473,7251093949996508783,1,0
4193747434476169473,2533139985867870289,0,0
4193747434476169473,3923660162051656754,1,1
4193747434476169473,12728783223276511454,1,0
4193747434476169473,15785760379070671196,1,0
4193747434476169473,7564623804507139833,0,1
4193747434476169473,17923924550681243072,1,0
4193747434476169473,4131157779538015188,0,1
4193747434476169473,8063036244262221312,0,1
4193747434476169473,3755670089066408233,1,0
4193747434476169473,13418815396726513379,0,0
4193747434476169473,13354906273580240589,0,0
4193747434476169473,2597157978326019252,0,1
4193747434476169473,12974620807841124076,0,0
4193747434476169473,17729876210139241614,0,0
4193747434476169473,10440057306921863905,0,1
4193747434476169473,13493714385489554743,1,1
4193747434476169473,6553361232376524832,0,0
4193747434476169473,11527876886817722815,1,0
4193747434476169473,2319702585511955703,0,0
4193747434476169473,7642136945288498148,1,1
4193747434476169473,5882659467330569756,1,0
4193747434476169473,11982121087117175989,1,0
4193747434476169473,17631368348129517748,0,0
4193747434476169473,6898341151161533252,0,1
4193747434476169473,11245367956555162953,0,1
4193747434476169473,1628143384319077960,1,1
4193747434476169473,14878255559794079186,1,1
4193747434476169473,15266303851941034241,0,0
4193747434476169473,16616255021573248419,0,0
4193747434476169473,7443727886384861710,1,1
4193747434476169473,13661838404446393523,1,0
4193747434476169473,13816961337963899071,0,1
4193747434476169473,863116098254200543,0,0
4193747434476169473,9056859253732706593,0,0
4193747434476169473,525326027882756397,0,0
4193747434476169473,13006159075405756748,1,0
4193747434476169473,10209332612258018014,0,1
4193747434476169473,14494380969192372510,0,1
4193747434476169473,13527144997383839044,1,0
4193747434476169473,4367180759400794909,0,0
4193747434476169473,4703458392662691398,1,0
4193747434476169473,12437384029932039044,1,1
4193747434476169473,6023779732991302329,0,0
4193747434476169473,15094938459195191550,0,0
4193747434476169473,15408319619294248575,1,0
4193747434476169473,14830967351987669775,1,1
4193747434476169473,13302348777259364302,0,0
4193747434476169473,4300761390402232205,0,1
4193747434476169473,4027221494409132375,0,1
4193747434476169473,452172960985572755,0,1
4193747434476169473,2351019191088778898,0,1
4193747434476169473,16892806082484146732,0,1
4193747434476169473,10755846510676121804,0,0
4193747434476169473,6029516672305040831,0,1
4193747434476169473,14197460884811758443,1,0
4193747434476169473,6354223029844452771,0,0
4193747434476169473,12773297027918764859,0,0
4193747434476169473,11796967327558971948,0,1
4193747434476169473,17835572449111913611,1,1
4193747434476169473,15471210333101272852,1,1
4193747434476169473,9822308057865064655,0,1
4193747434476169473,3828048175608249871,0,0
4193747434476169473,2867531553279861050,1,1
4193747434476169473,3009041424213788985,0,1
4193747434476169473,12703316523479528499,0,1
4193747434476169473,9130537901512031464,0,1
4193747434476169473,4015319857141767786,0,1
4193747434476169473,14172431291754234852,0,1
4193747434476169473,6664079671437887748,1,0
4193747434476169473,7743974978502232587,0,0
4193747434476169473,4413867430828878192,0,1
4193747434476169473,2297091082111306031,0,1
4193747434476169473,12301515613037375259,0,0
4193747434476169473,5408889789747348093,1,1
4193747434476169473,14265790677394564657,1,1
4193747434476169473,14208064247618390300,0,0
4193747434476169473,8094062721450141886,1,0
4193747434476169473,15391513178656236655,1,1
4193747434476169473,17115389919188035454,1,0
4193747434476169473,18225353384336766026,1,1
4193747434476169473,4675729800159220165,0,0
4193747434476169473,210752430105570808,0,0
4193747434476169473,2033688692219199715,0,0
4193747434476169473,8325928131169749606,0,1
4193747434476169473,18313493944655274081,1,0
4193747434476169473,14304497127699285646,1,1
4193747434476169473,6711024459331780673,1,1
4193747434476169473,9427679923833217841,1,1
4193747434476169473,6331466687633781008,1,1
4193747434476169473,521562797121143672,0,1
4193747434476169473,11723463305746947211,0,1
4193747434476169473,3398761488443122725,1,1
4193747434476169473,14273894989043719016,0,1
4193747434476169473,10551339344529172735,0,1
4193747434476169473,10996908640718549974,1,1
4193747434476169473,16062515385151694867,0,1
4193747434476169473,8976596267922664826,1,1
4193747434476169473,9891938590549100042,0,0
4193747434476169473,4167639073555176390,0,0
4193747434476169473,17391772277634506134,0,0
4193747434476169473,6873012268523194514,0,0
4193747434476169473,16286994934743911435,0,1
4193747434476169473,17630209120311990616,0,1
4193747434476169473,11322422809840369019,0,0
4193747434476169473,11931067769797621184,0,0
4193747434476169473,18077797608488834121,0,0
4193747434476169473,4527417331474530362,1,1
4193747434476169473,3444941140213145009,0,0
4193747434476169473,6665303000037544895,0,1
4193747434476169473,1012181702645317228,1,1
4193747434476169473,794619973161047315,1,1
4193747434476169473,5345930808964350702,0,0
4193747434476169473,4138451616543798802,0,0
4193747434476169473,17804425876054521545,1,1
4193747434476169473,13890933168295736537,0,1
4193747434476169473,9365844971067263868,0,1
4193747434476169473,2155230613864158948,0,0
4193747434476169473,17400219738877870966,0,0
4193747434476169473,7991488148349306190,0,0
4193747434476169473,9165295237544830422,0,0
4193747434476169473,17752909357376905943,1,0
4193747434476169473,14445544235700238098,0,0
4193747434476169473,11476712946318034406,0,1
4193747434476169473,11549475734232803694,0,1
4193747434476169473,3453820244559018034,0,0
4193747434476169473,18116708292949973574,1,1
4193747434476169473,16319907249387373106,0,0
4193747434476169473,1571627399344731486,0,0
4193747434476169473,16603709404577534849,0,1
4193747434476169473,14514272977694139378,1,1
4193747434476169473,6404629604048932211,1,1
4193747434476169473,12826374264165310964,0,1
4193747434476169473,6311997374347180959,0,0
4193747434476169473,6320167897749869278,0,0
4193747434476169473,2435837536125558899,0,1
4193747434476169473,2878252226566184040,1,0
4193747434476169473,7388990503386610135,0,0
4193747434476169473,15272689744855490594,1,1
4193747434476169473,1662135656858671875,0,0
4193747434476169473,15389049610336161608,0,0
4193747434476169473,17410072060431254520,0,1
4193747434476169473,11939943485578985715,0,0
4193747434476169473,13547052920593937701,1,1
4193747434476169473,7734650503194652618,0,0
4193747434476169473,9542496750358804844,0,1
4193747434476169473,236440750841841564,0,1
4193747434476169473,6272346326541868959,0,1
4193747434476169473,8996972769567791748,0,1
4193747434476169473,9444727170441523959,0,1
4193747434476169473,16652559417985135313,0,1
4193747434476169473,1446830241816969862,0,0
4193747434476169473,17217826740077256800,0,0
4193747434476169473,11592234163866659651,1,0
4193747434476169473,14310872422762545117,0,0
4193747434476169473,9866707350738211312,0,1
4193747434476169473,15613568519546135724,0,1
4193747434476169473,2505516355448474311,0,0
4193747434476169473,3773268593232778913,0,1
