user_id,text_id,gold,predictions
Ann103,1573,0,0
Ann103,1580,1,0
Ann103,1874,1,0
Ann103,2177,0,0
Ann103,2725,0,0
Ann103,3750,0,0
Ann103,403,0,0
Ann103,4136,0,0
Ann103,4139,0,0
Ann103,5120,0,0
Ann103,5299,0,0
Ann103,6065,0,0
Ann103,6364,1,0
Ann103,6418,0,0
Ann103,6916,0,0
Ann103,7282,0,0
Ann108,1538,0,0
Ann108,2725,0,0
Ann108,3505,0,1
Ann108,3852,0,0
Ann108,4719,0,0
Ann108,6768,1,1
Ann108,76,0,0
Ann120,1710,1,0
Ann120,1883,0,0
Ann120,1968,0,0
Ann120,202,1,0
Ann120,2189,1,0
Ann120,3657,0,1
Ann120,3765,0,0
Ann120,5430,0,0
Ann120,566,0,0
Ann120,6342,1,0
Ann120,6816,1,1
Ann120,7558,1,1
Ann122,7786,0,0
Ann122,8258,0,1
Ann122,8359,0,1
Ann122,8820,0,0
Ann122,8901,0,0
Ann122,8992,0,0
Ann122,9349,0,0
Ann122,9789,0,0
Ann122,9868,0,0
Ann125,1134,1,1
Ann125,1147,0,1
Ann125,1331,1,0
Ann125,1623,0,1
Ann125,1629,0,0
Ann125,1686,0,0
Ann125,1884,1,0
Ann125,1966,0,0
Ann125,2234,0,0
Ann125,2288,0,0
Ann125,2778,0,0
Ann125,2810,0,1
Ann125,3085,0,1
Ann125,3161,0,0
Ann125,3210,0,0
Ann125,3313,0,0
Ann125,3351,0,0
Ann125,3747,0,1
Ann125,4105,0,0
Ann125,420,0,0
Ann125,4293,0,0
Ann125,4376,0,0
Ann125,459,0,0
Ann125,4695,0,0
Ann125,4715,0,0
Ann125,4842,0,0
Ann125,4856,0,1
Ann125,496,1,1
Ann125,5017,0,0
Ann125,5089,0,1
Ann125,5165,1,1
Ann125,5296,0,0
Ann125,562,0,0
Ann125,5778,1,0
Ann125,5845,0,1
Ann125,5928,0,1
Ann125,6044,0,0
Ann125,624,0,0
Ann125,6295,0,0
Ann125,6349,0,1
Ann125,6362,0,0
Ann125,6387,0,0
Ann125,6433,0,0
Ann125,6492,0,0
Ann125,6545,0,0
Ann125,6549,1,0
Ann125,670,0,0
Ann125,6716,0,0
Ann125,6800,0,0
Ann125,6804,1,0
Ann125,6819,1,1
Ann125,6878,0,0
Ann125,7175,0,0
Ann125,7279,0,1
Ann125,7654,0,0
Ann125,932,0,0
Ann125,959,0,0
Ann125,988,1,1
Ann127,1324,0,0
Ann127,149,0,0
Ann127,1601,0,0
Ann127,2507,0,0
Ann127,2533,0,0
Ann127,2637,0,0
Ann127,2909,1,1
Ann127,2953,0,0
Ann127,3032,0,0
Ann127,3218,0,0
Ann127,3540,0,0
Ann127,3736,1,0
Ann127,3817,0,0
Ann127,4147,0,0
Ann127,4454,0,0
Ann127,4537,1,1
Ann127,4550,0,0
Ann127,5218,0,0
Ann127,5257,0,0
Ann127,5325,0,0
Ann127,5684,0,0
Ann127,6138,0,0
Ann127,6217,0,0
Ann127,6296,0,0
Ann127,6468,0,0
Ann127,6859,1,0
Ann127,6900,0,0
Ann127,7036,0,0
Ann127,7116,0,0
Ann127,7125,0,0
Ann127,7285,0,0
Ann127,7309,0,0
Ann127,7476,1,1
Ann138,1027,0,0
Ann138,1052,0,0
Ann138,1085,0,0
Ann138,1117,1,0
Ann138,122,1,0
Ann138,1255,0,0
Ann138,1318,0,0
Ann138,1364,0,0
Ann138,1600,0,0
Ann138,1683,0,0
Ann138,1750,0,0
Ann138,1754,0,0
Ann138,1878,1,0
Ann138,1932,0,0
Ann138,2066,0,0
Ann138,207,0,0
Ann138,2088,0,0
Ann138,2281,0,0
Ann138,2319,1,0
Ann138,2349,0,0
Ann138,2350,0,0
Ann138,2378,0,0
Ann138,2418,0,0
Ann138,2470,0,0
Ann138,2533,0,0
Ann138,2558,0,0
Ann138,2563,1,0
Ann138,2588,0,0
Ann138,308,1,0
Ann138,3147,0,0
Ann138,3244,0,0
Ann138,3283,0,0
Ann138,3304,0,0
Ann138,3373,0,0
Ann138,3483,0,0
Ann138,3500,0,0
Ann138,3509,0,0
Ann138,3796,0,0
Ann138,3863,1,0
Ann138,3955,1,0
Ann138,4035,0,0
Ann138,4098,0,0
Ann138,4114,0,0
Ann138,416,0,0
Ann138,4410,0,0
Ann138,4463,0,0
Ann138,4596,0,0
Ann138,4629,0,0
Ann138,470,0,0
Ann138,4845,1,0
Ann138,4873,0,0
Ann138,4891,0,0
Ann138,4898,0,0
Ann138,4903,0,0
Ann138,4925,0,0
Ann138,5035,0,0
Ann138,5135,0,0
Ann138,5171,0,0
Ann138,5221,1,0
Ann138,5301,0,0
Ann138,5366,0,0
Ann138,5422,0,0
Ann138,5651,0,0
Ann138,5710,0,1
Ann138,5724,0,0
Ann138,5887,0,0
Ann138,5950,0,0
Ann138,5992,0,0
Ann138,6030,0,0
Ann138,6090,0,0
Ann138,6119,0,0
Ann138,6126,0,0
Ann138,6368,0,0
Ann138,6435,1,0
Ann138,6469,0,0
Ann138,6586,1,0
Ann138,6594,0,0
Ann138,6639,0,0
Ann138,6690,0,0
Ann138,6751,0,0
Ann138,6962,0,0
Ann138,6975,0,0
Ann138,6992,0,0
Ann138,7043,0,0
Ann138,7287,1,0
Ann138,7469,0,0
Ann138,7492,0,0
Ann138,7543,1,0
Ann138,7611,0,0
Ann138,7687,1,0
Ann138,778,0,0
Ann138,805,0,0
Ann138,837,0,0
Ann138,840,0,0
Ann14,2079,1,0
Ann14,2537,0,0
Ann14,2634,0,0
Ann14,3261,0,0
Ann14,3703,0,0
Ann14,4346,0,0
Ann14,4406,0,0
Ann14,5038,0,0
Ann14,52,0,0
Ann14,6791,0,0
Ann14,7351,0,1
Ann141,1125,1,0
Ann141,1259,0,0
Ann141,1263,0,0
Ann141,1279,1,0
Ann141,1509,0,0
Ann141,1881,0,0
Ann141,2128,0,0
Ann141,2771,0,0
Ann141,3070,1,0
Ann141,3087,1,1
Ann141,3190,0,0
Ann141,3653,0,0
Ann141,3789,1,1
Ann141,3824,1,0
Ann141,3947,0,0
Ann141,3955,1,0
Ann141,3972,0,0
Ann141,4154,0,0
Ann141,4343,0,0
Ann141,4372,0,0
Ann141,4388,0,0
Ann141,4465,1,1
Ann141,4843,0,0
Ann141,5059,1,0
Ann141,5172,0,0
Ann141,5176,0,0
Ann141,6027,0,0
Ann141,6057,1,1
Ann141,6064,0,0
Ann141,6085,0,0
Ann141,6298,0,0
Ann141,641,0,0
Ann141,6429,0,0
Ann141,6440,1,0
Ann141,6888,1,0
Ann141,7047,0,0
Ann141,7313,0,0
Ann141,813,0,0
Ann15,2193,0,0
Ann15,2613,0,0
Ann15,2629,1,1
Ann15,293,1,1
Ann15,3795,0,0
Ann15,4096,0,0
Ann15,5454,0,0
Ann15,5663,1,0
Ann15,6080,0,0
Ann15,6638,1,0
Ann15,7398,0,0
Ann15,7493,1,0
Ann15,85,1,0
Ann15,997,0,0
Ann157,2844,0,0
Ann157,564,1,0
Ann157,6717,1,0
Ann159,1245,1,0
Ann159,2114,0,0
Ann159,2288,0,0
Ann159,4083,1,1
Ann159,4539,1,0
Ann159,5024,1,0
Ann159,5303,1,0
Ann159,5390,0,0
Ann162,10312,0,1
Ann162,1038,0,0
Ann162,10561,1,1
Ann162,10564,0,0
Ann162,10580,0,0
Ann162,10655,1,0
Ann162,1190,0,0
Ann162,1526,0,0
Ann162,1645,0,0
Ann162,222,1,0
Ann162,227,0,0
Ann162,2592,0,0
Ann162,2732,0,0
Ann162,2929,0,0
Ann162,3104,1,0
Ann162,3365,1,1
Ann162,3680,1,0
Ann162,3722,0,0
Ann162,4007,0,0
Ann162,4038,1,0
Ann162,4079,0,0
Ann162,4175,1,0
Ann162,4204,0,0
Ann162,4340,0,0
Ann162,4396,1,0
Ann162,4749,0,0
Ann162,5176,0,0
Ann162,5403,0,0
Ann162,5878,0,0
Ann162,5970,0,1
Ann162,5994,1,1
Ann162,6136,0,0
Ann162,6158,0,0
Ann162,6179,0,0
Ann162,6266,0,0
Ann162,6409,0,0
Ann162,6430,0,1
Ann162,6583,0,0
Ann162,6873,0,0
Ann162,7181,1,0
Ann162,7305,0,0
Ann162,733,1,1
Ann162,7357,1,1
Ann162,7716,0,0
Ann162,7960,0,0
Ann162,7982,1,0
Ann162,8006,1,1
Ann162,8159,0,0
Ann162,8384,0,0
Ann162,8400,0,0
Ann162,849,1,0
Ann162,867,0,0
Ann162,8742,0,0
Ann162,8810,0,0
Ann162,8835,0,0
Ann162,8926,1,0
Ann162,8929,1,0
Ann162,9071,0,1
Ann162,9125,1,0
Ann162,9185,0,0
Ann162,9239,1,0
Ann162,9277,0,0
Ann162,9514,1,1
Ann162,9615,0,0
Ann162,9655,1,1
Ann162,9795,0,0
Ann162,9964,1,0
Ann162,9985,0,0
Ann164,1099,0,1
Ann164,1107,1,0
Ann164,1268,1,0
Ann164,1315,0,0
Ann164,1375,1,0
Ann164,1392,0,0
Ann164,144,1,1
Ann164,1447,1,0
Ann164,1459,1,0
Ann164,1502,0,0
Ann164,1505,1,0
Ann164,1524,0,1
Ann164,1575,1,0
Ann164,1592,1,1
Ann164,1611,1,0
Ann164,1846,0,0
Ann164,1877,0,0
Ann164,1899,1,0
Ann164,2061,1,0
Ann164,2103,0,0
Ann164,2131,1,0
Ann164,2280,1,0
Ann164,2346,0,0
Ann164,2355,0,0
Ann164,2449,0,0
Ann164,2451,1,0
Ann164,2462,1,1
Ann164,2532,0,0
Ann164,2711,0,0
Ann164,2747,1,1
Ann164,2749,1,0
Ann164,2768,0,1
Ann164,2788,0,0
Ann164,2804,1,0
Ann164,2820,0,0
Ann164,2992,1,0
Ann164,30,1,1
Ann164,3051,1,0
Ann164,3091,0,0
Ann164,3173,0,0
Ann164,3241,1,0
Ann164,3419,0,0
Ann164,3421,0,0
Ann164,3508,0,0
Ann164,3574,1,1
Ann164,369,1,0
Ann164,3802,0,0
Ann164,388,1,1
Ann164,3923,0,0
Ann164,400,0,0
Ann164,402,0,0
Ann164,4121,1,1
Ann164,4287,0,0
Ann164,4423,1,0
Ann164,4548,1,0
Ann164,4658,0,0
Ann164,4736,1,0
Ann164,4822,0,0
Ann164,4912,1,0
Ann164,4964,0,1
Ann164,5003,1,0
Ann164,5023,0,0
Ann164,507,0,0
Ann164,5107,0,0
Ann164,5108,1,0
Ann164,5140,1,1
Ann164,5223,0,0
Ann164,525,1,1
Ann164,5265,1,1
Ann164,5285,0,0
Ann164,5292,0,0
Ann164,5304,0,0
Ann164,5328,1,1
Ann164,5351,0,0
Ann164,5396,0,0
Ann164,5588,1,1
Ann164,5631,1,1
Ann164,5636,0,0
Ann164,5687,1,0
Ann164,5706,1,1
Ann164,5738,0,0
Ann164,5751,0,0
Ann164,5889,1,0
Ann164,5923,1,0
Ann164,5979,1,1
Ann164,6051,1,1
Ann164,6161,1,1
Ann164,617,1,0
Ann164,6188,1,0
Ann164,6501,0,0
Ann164,6610,1,0
Ann164,6757,1,1
Ann164,6796,0,1
Ann164,6809,0,0
Ann164,6840,0,0
Ann164,687,1,1
Ann164,6938,0,0
Ann164,6941,1,1
Ann164,6989,0,0
Ann164,7001,1,0
Ann164,7191,1,0
Ann164,7298,0,0
Ann164,7416,1,0
Ann164,7463,0,1
Ann164,7569,0,0
Ann164,7604,0,0
Ann164,7637,1,1
Ann164,7646,1,1
Ann164,774,1,1
Ann164,779,1,0
Ann164,811,1,1
Ann164,818,1,1
Ann164,888,0,0
Ann164,889,1,1
Ann164,911,1,0
Ann164,931,0,0
Ann164,980,0,0
Ann170,10078,1,1
Ann170,10133,1,1
Ann170,10152,1,0
Ann170,10331,1,0
Ann170,10411,0,0
Ann170,10501,1,0
Ann170,10597,0,0
Ann170,10616,1,0
Ann170,10621,0,0
Ann170,10734,1,1
Ann170,7699,1,0
Ann170,7725,1,0
Ann170,7791,0,0
Ann170,7950,1,0
Ann170,8063,0,0
Ann170,8166,1,0
Ann170,8197,1,0
Ann170,8213,0,0
Ann170,8214,0,0
Ann170,8348,0,0
Ann170,8362,1,1
Ann170,8405,1,0
Ann170,8452,1,0
Ann170,8644,1,0
Ann170,8766,0,0
Ann170,8900,0,0
Ann170,8905,1,0
Ann170,9059,1,0
Ann170,9066,1,0
Ann170,9134,0,0
Ann170,9296,1,0
Ann170,9358,1,1
Ann170,9450,0,0
Ann170,9505,1,0
Ann170,9625,1,0
Ann170,9750,1,1
Ann170,9805,0,0
Ann170,9901,1,0
Ann170,9910,1,1
Ann170,9996,0,0
Ann171,1057,0,0
Ann171,1105,0,0
Ann171,1225,0,0
Ann171,1352,0,0
Ann171,1596,0,0
Ann171,1598,0,0
Ann171,1684,0,0
Ann171,17,0,0
Ann171,2114,0,0
Ann171,2375,0,0
Ann171,240,0,0
Ann171,241,0,0
Ann171,258,0,0
Ann171,2815,1,0
Ann171,2848,1,1
Ann171,294,0,0
Ann171,3264,0,0
Ann171,3281,0,0
Ann171,3449,0,1
Ann171,3606,0,0
Ann171,3833,1,1
Ann171,3849,0,0
Ann171,3871,0,0
Ann171,3925,0,0
Ann171,3927,0,0
Ann171,3936,0,0
Ann171,4019,0,0
Ann171,4645,0,0
Ann171,4653,0,0
Ann171,4718,0,0
Ann171,4954,0,0
Ann171,514,1,1
Ann171,54,0,0
Ann171,5538,0,0
Ann171,5696,0,0
Ann171,5849,0,0
Ann171,5896,0,1
Ann171,591,0,0
Ann171,5911,0,0
Ann171,5955,0,0
Ann171,6121,0,0
Ann171,6178,0,0
Ann171,620,0,0
Ann171,6578,1,0
Ann171,6852,0,0
Ann171,6891,1,0
Ann171,7223,0,1
Ann171,7273,0,0
Ann171,7311,0,0
Ann171,7479,0,0
Ann171,7500,0,0
Ann171,915,0,0
Ann179,1456,0,0
Ann179,2118,1,0
Ann179,3,0,0
Ann179,671,1,1
Ann182,4375,0,0
Ann182,5864,0,0
Ann183,10059,0,0
Ann183,10410,0,0
Ann183,10602,1,0
Ann183,7719,0,0
Ann183,7892,0,0
Ann183,8012,1,0
Ann183,8061,1,1
Ann183,8107,0,0
Ann183,8255,1,0
Ann183,8310,0,0
Ann183,8745,0,0
Ann183,8839,0,0
Ann183,9014,1,0
Ann183,9150,0,0
Ann183,9153,1,1
Ann183,9211,1,0
Ann183,9470,0,0
Ann184,10269,0,0
Ann184,10732,1,0
Ann184,2367,0,0
Ann184,3111,1,0
Ann184,4234,0,0
Ann184,4621,0,0
Ann184,4655,0,0
Ann184,8073,0,0
Ann184,8225,0,0
Ann184,8394,0,0
Ann184,8485,0,0
Ann184,9234,1,1
Ann184,9669,0,0
Ann184,9840,0,0
Ann184,9926,0,1
Ann184,9998,0,0
Ann188,115,1,0
Ann188,1157,1,0
Ann188,1268,1,1
Ann188,1298,0,0
Ann188,1310,0,0
Ann188,135,0,0
Ann188,1375,1,0
Ann188,141,0,0
Ann188,1451,0,0
Ann188,1488,0,0
Ann188,1498,0,0
Ann188,1514,0,0
Ann188,1551,0,0
Ann188,1560,0,0
Ann188,1608,0,1
Ann188,1670,1,1
Ann188,1695,0,0
Ann188,1697,0,0
Ann188,175,1,0
Ann188,1791,0,0
Ann188,18,0,0
Ann188,1854,0,1
Ann188,1861,0,1
Ann188,1905,0,0
Ann188,1911,0,0
Ann188,1925,1,0
Ann188,1977,1,1
Ann188,2006,0,0
Ann188,203,1,0
Ann188,2035,0,0
Ann188,2046,0,0
Ann188,2061,1,0
Ann188,2069,0,0
Ann188,2153,1,0
Ann188,2168,0,0
Ann188,2201,0,0
Ann188,2209,1,1
Ann188,2270,0,0
Ann188,228,1,0
Ann188,2324,0,0
Ann188,2328,1,1
Ann188,2339,0,0
Ann188,2374,0,0
Ann188,2380,0,1
Ann188,2445,0,0
Ann188,2450,0,0
Ann188,2459,1,1
Ann188,2468,0,0
Ann188,2477,0,0
Ann188,2511,0,0
Ann188,2568,0,0
Ann188,2572,0,0
Ann188,2598,1,0
Ann188,2599,1,0
Ann188,2617,0,0
Ann188,2654,0,0
Ann188,2685,1,1
Ann188,2692,0,0
Ann188,2727,0,0
Ann188,2739,1,1
Ann188,2755,0,0
Ann188,2763,1,1
Ann188,277,0,0
Ann188,2790,0,0
Ann188,2800,0,0
Ann188,284,0,0
Ann188,2846,1,1
Ann188,2852,1,0
Ann188,2863,1,0
Ann188,2881,1,0
Ann188,2897,0,0
Ann188,2980,0,0
Ann188,3000,0,1
Ann188,3014,0,0
Ann188,3022,0,0
Ann188,3061,0,0
Ann188,3129,0,0
Ann188,3148,1,0
Ann188,3208,0,0
Ann188,3220,0,0
Ann188,3234,0,0
Ann188,327,0,0
Ann188,3291,1,0
Ann188,3332,0,0
Ann188,334,0,0
Ann188,345,0,0
Ann188,352,0,0
Ann188,3532,0,0
Ann188,3546,0,0
Ann188,356,1,0
Ann188,3561,0,0
Ann188,3596,0,0
Ann188,3601,0,0
Ann188,3609,0,1
Ann188,3630,0,0
Ann188,3650,1,1
Ann188,3651,1,1
Ann188,37,1,0
Ann188,3700,0,0
Ann188,3721,0,1
Ann188,3726,0,0
Ann188,376,1,1
Ann188,3781,1,0
Ann188,3791,0,0
Ann188,3797,1,1
Ann188,383,0,0
Ann188,3839,0,0
Ann188,3848,0,0
Ann188,3851,1,1
Ann188,3923,0,0
Ann188,3950,1,0
Ann188,399,0,0
Ann188,4071,0,0
Ann188,4091,0,0
Ann188,4121,1,1
Ann188,4215,0,0
Ann188,4219,1,0
Ann188,4229,1,0
Ann188,426,0,0
Ann188,4289,0,0
Ann188,4349,0,1
Ann188,4359,0,0
Ann188,4399,1,0
Ann188,4412,0,0
Ann188,445,0,0
Ann188,4450,0,1
Ann188,4490,0,0
Ann188,4497,0,0
Ann188,4510,1,1
Ann188,4513,1,1
Ann188,4546,1,1
Ann188,4548,1,0
Ann188,4562,1,0
Ann188,4630,0,0
Ann188,4658,0,0
Ann188,4747,0,0
Ann188,4754,0,0
Ann188,4788,0,1
Ann188,4799,0,0
Ann188,487,0,0
Ann188,4870,0,1
Ann188,4913,0,1
Ann188,4920,1,0
Ann188,5003,1,0
Ann188,5027,0,0
Ann188,5048,0,1
Ann188,5058,0,0
Ann188,5100,0,0
Ann188,5137,0,0
Ann188,5140,1,0
Ann188,5169,1,0
Ann188,5175,0,1
Ann188,5194,0,0
Ann188,5217,1,0
Ann188,5235,1,0
Ann188,524,1,1
Ann188,5265,1,1
Ann188,5286,0,0
Ann188,5310,0,0
Ann188,5326,0,0
Ann188,5359,0,0
Ann188,5386,0,0
Ann188,5396,0,0
Ann188,5425,0,0
Ann188,5451,0,0
Ann188,5473,1,0
Ann188,5478,1,0
Ann188,5510,1,0
Ann188,5515,0,0
Ann188,5531,0,0
Ann188,5532,0,1
Ann188,5547,0,1
Ann188,557,1,0
Ann188,5590,1,1
Ann188,5645,0,0
Ann188,5653,0,1
Ann188,5708,0,0
Ann188,5726,1,1
Ann188,575,0,0
Ann188,5753,0,0
Ann188,5797,1,1
Ann188,5803,0,0
Ann188,5806,0,0
Ann188,5830,0,0
Ann188,592,0,1
Ann188,5925,0,0
Ann188,5997,0,0
Ann188,601,1,0
Ann188,6011,0,0
Ann188,6037,0,0
Ann188,6051,1,1
Ann188,6071,0,0
Ann188,6091,0,0
Ann188,6151,0,0
Ann188,6192,1,0
Ann188,6199,0,0
Ann188,6205,0,1
Ann188,6206,0,0
Ann188,6216,0,1
Ann188,6222,0,0
Ann188,6223,0,0
Ann188,6238,0,0
Ann188,6240,0,0
Ann188,6246,0,0
Ann188,6248,1,0
Ann188,6250,1,1
Ann188,6263,0,0
Ann188,6275,0,0
Ann188,6289,0,0
Ann188,630,1,0
Ann188,6335,0,0
Ann188,637,0,0
Ann188,6371,1,0
Ann188,6411,0,0
Ann188,643,0,0
Ann188,6458,1,0
Ann188,646,0,0
Ann188,6486,0,0
Ann188,6521,1,0
Ann188,6529,0,0
Ann188,6558,1,0
Ann188,6576,1,0
Ann188,6596,0,0
Ann188,66,0,0
Ann188,6610,1,0
Ann188,6613,1,0
Ann188,6616,0,0
Ann188,6617,0,0
Ann188,6635,0,0
Ann188,6673,0,0
Ann188,6685,1,1
Ann188,6712,0,0
Ann188,6741,0,1
Ann188,6764,0,0
Ann188,6773,0,0
Ann188,6792,0,0
Ann188,6838,1,0
Ann188,6865,0,0
Ann188,6866,0,0
Ann188,6880,0,0
Ann188,6963,0,1
Ann188,6970,0,0
Ann188,6974,0,0
Ann188,6976,0,0
Ann188,6994,0,0
Ann188,70,0,0
Ann188,7047,0,0
Ann188,7095,0,0
Ann188,7110,1,0
Ann188,7113,0,0
Ann188,7122,0,0
Ann188,7130,0,0
Ann188,7160,0,0
Ann188,7207,0,0
Ann188,7212,0,0
Ann188,7220,1,0
Ann188,7250,0,0
Ann188,7266,0,0
Ann188,7269,1,0
Ann188,7270,1,1
Ann188,728,0,0
Ann188,729,0,1
Ann188,7299,0,0
Ann188,732,0,0
Ann188,7329,1,0
Ann188,7330,0,0
Ann188,7446,1,1
Ann188,7456,0,0
Ann188,7502,0,0
Ann188,7504,0,0
Ann188,7514,1,0
Ann188,7519,1,0
Ann188,7540,0,0
Ann188,7579,0,1
Ann188,7597,0,0
Ann188,7622,0,0
Ann188,7642,0,0
Ann188,7646,1,0
Ann188,7647,1,0
Ann188,7680,1,1
Ann188,7690,0,0
Ann188,771,1,1
Ann188,781,0,0
Ann188,80,1,0
Ann188,838,0,0
Ann188,864,0,1
Ann188,865,0,0
Ann188,879,0,0
Ann188,883,0,0
Ann188,888,0,0
Ann188,913,0,0
Ann188,934,0,0
Ann188,936,0,0
Ann188,949,0,0
Ann188,968,0,0
Ann188,972,0,1
Ann188,991,0,1
Ann191,2462,1,1
Ann191,2853,0,None text: georgia voter poll:  who do #peachstate voters trust more to handle:  #covid: 49% <user>  37% <user>  health care: 48% biden                     38% trump  law & order: 41% <user> 46% trump  jobs/economy: 39%
Ann191,2859,1,0
Ann191,3140,0,0
Ann191,3831,1,0
Ann191,538,0,0
Ann191,6373,1,0
Ann192,1066,0,0
Ann192,107,1,1
Ann192,1088,1,1
Ann192,1256,0,0
Ann192,189,0,0
Ann192,2918,0,1
Ann192,2923,0,0
Ann192,3044,0,0
Ann192,3320,0,1
Ann192,3480,0,0
Ann192,3553,0,1
Ann192,3557,0,0
Ann192,3729,0,1
Ann192,3959,0,0
Ann192,3978,0,0
Ann192,3996,0,0
Ann192,4032,0,0
Ann192,4183,1,0
Ann192,434,0,0
Ann192,4402,1,0
Ann192,4437,1,1
Ann192,4559,0,1
Ann192,4788,0,1
Ann192,4860,0,0
Ann192,5007,0,0
Ann192,5155,0,0
Ann192,5174,0,0
Ann192,5269,1,1
Ann192,5423,0,0
Ann192,5534,0,0
Ann192,5551,0,0
Ann192,5575,1,0
Ann192,5644,1,0
Ann192,5783,0,0
Ann192,6021,1,1
Ann192,6219,1,1
Ann192,6327,0,0
Ann192,645,1,1
Ann192,6458,1,0
Ann192,6562,1,1
Ann192,6633,1,0
Ann192,669,1,1
Ann192,6703,0,0
Ann192,6724,0,0
Ann192,6767,1,0
Ann192,6879,0,0
Ann192,7046,1,1
Ann192,7241,0,0
Ann192,7289,0,0
Ann192,7323,1,1
Ann192,7584,1,0
Ann192,7626,0,1
Ann192,7655,1,1
Ann192,7689,0,1
Ann192,928,0,0
Ann192,962,0,0
Ann2,10033,1,0
Ann2,10045,0,0
Ann2,10148,0,0
Ann2,10678,0,0
Ann2,7790,0,0
Ann2,7890,1,1
Ann2,8021,1,1
Ann2,8068,1,0
Ann2,8119,0,0
Ann2,8383,0,0
Ann2,9030,1,0
Ann2,9191,1,1
Ann2,9200,0,0
Ann2,9554,1,0
Ann2,9781,1,1
Ann2,9798,1,0
Ann2,9859,0,0
Ann2,9990,1,1
Ann200,1002,0,0
Ann200,1012,0,0
Ann200,1040,0,1
Ann200,1056,0,0
Ann200,1072,0,0
Ann200,1076,1,0
Ann200,1077,1,0
Ann200,1095,0,0
Ann200,1100,0,0
Ann200,1102,1,1
Ann200,1140,1,0
Ann200,1150,0,1
Ann200,1166,1,0
Ann200,1167,0,0
Ann200,117,1,0
Ann200,119,1,0
Ann200,1197,0,0
Ann200,1205,1,0
Ann200,1211,1,0
Ann200,1215,1,0
Ann200,1226,1,0
Ann200,1227,0,0
Ann200,1237,1,0
Ann200,124,0,0
Ann200,1241,0,1
Ann200,1248,1,0
Ann200,1267,1,1
Ann200,1270,0,0
Ann200,1275,1,0
Ann200,1281,1,1
Ann200,1285,1,0
Ann200,1288,0,0
Ann200,1290,0,0
Ann200,1295,0,0
Ann200,1308,0,0
Ann200,131,0,0
Ann200,1316,1,0
Ann200,1327,0,0
Ann200,1330,0,0
Ann200,1351,0,0
Ann200,136,1,0
Ann200,1373,0,0
Ann200,1377,0,0
Ann200,138,0,0
Ann200,1387,0,0
Ann200,1389,1,0
Ann200,1400,0,0
Ann200,1403,0,0
Ann200,1411,0,0
Ann200,1415,0,1
Ann200,1419,1,1
Ann200,1424,0,0
Ann200,1425,1,0
Ann200,1436,1,1
Ann200,1442,0,0
Ann200,1446,1,0
Ann200,146,0,0
Ann200,1461,0,0
Ann200,1499,1,0
Ann200,1504,1,0
Ann200,1511,0,0
Ann200,1527,0,0
Ann200,1528,0,0
Ann200,1553,0,0
Ann200,1562,0,1
Ann200,1583,1,1
Ann200,1610,1,0
Ann200,162,1,1
Ann200,1628,0,0
Ann200,1639,1,0
Ann200,1652,0,0
Ann200,166,0,0
Ann200,1661,0,0
Ann200,1679,0,0
Ann200,168,0,0
Ann200,1687,0,0
Ann200,1702,0,1
Ann200,1719,1,0
Ann200,1729,0,0
Ann200,1731,0,0
Ann200,1733,0,0
Ann200,1745,0,0
Ann200,1746,0,0
Ann200,1748,0,0
Ann200,1749,1,1
Ann200,1758,1,1
Ann200,1760,0,0
Ann200,177,0,0
Ann200,178,0,0
Ann200,1783,1,0
Ann200,1796,0,0
Ann200,1809,0,0
Ann200,1812,0,0
Ann200,183,0,0
Ann200,1844,0,0
Ann200,1847,1,1
Ann200,1853,1,1
Ann200,1863,0,0
Ann200,1867,0,0
Ann200,1870,0,0
Ann200,1885,0,0
Ann200,1894,0,1
Ann200,1914,0,0
Ann200,1916,0,0
Ann200,1917,0,0
Ann200,1933,1,1
Ann200,1949,1,1
Ann200,195,1,1
Ann200,1952,1,1
Ann200,1955,0,1
Ann200,1961,0,0
Ann200,1968,0,0
Ann200,197,1,1
Ann200,1970,0,0
Ann200,1972,0,0
Ann200,2001,1,0
Ann200,2015,1,0
Ann200,2022,0,0
Ann200,2024,0,0
Ann200,2025,1,0
Ann200,2043,1,0
Ann200,2044,0,0
Ann200,2048,0,0
Ann200,2056,1,0
Ann200,2057,0,0
Ann200,2070,0,0
Ann200,2077,0,0
Ann200,208,1,0
Ann200,2093,0,0
Ann200,2097,0,0
Ann200,2098,1,1
Ann200,21,0,0
Ann200,2101,1,0
Ann200,2119,0,0
Ann200,2149,1,0
Ann200,2163,0,1
Ann200,2164,0,0
Ann200,2178,0,0
Ann200,2181,0,0
Ann200,2189,1,0
Ann200,2203,0,0
Ann200,222,1,0
Ann200,2232,0,0
Ann200,2247,0,0
Ann200,2248,0,0
Ann200,225,0,0
Ann200,2256,1,1
Ann200,2261,0,0
Ann200,2267,0,0
Ann200,2268,1,0
Ann200,2276,0,0
Ann200,229,0,0
Ann200,2290,0,0
Ann200,2293,1,1
Ann200,2305,0,0
Ann200,232,0,1
Ann200,2325,1,1
Ann200,2331,0,0
Ann200,234,0,1
Ann200,2340,0,0
Ann200,2347,0,0
Ann200,2358,0,0
Ann200,2363,0,0
Ann200,2365,0,0
Ann200,2379,0,0
Ann200,2383,0,0
Ann200,2396,0,0
Ann200,24,0,0
Ann200,2409,1,1
Ann200,2419,0,0
Ann200,2428,1,0
Ann200,2446,0,0
Ann200,2460,0,0
Ann200,2475,0,0
Ann200,249,1,0
Ann200,2496,0,0
Ann200,2502,0,0
Ann200,2510,1,1
Ann200,252,0,0
Ann200,2523,1,0
Ann200,2526,0,0
Ann200,2539,1,0
Ann200,2540,1,1
Ann200,2545,0,0
Ann200,255,0,0
Ann200,2560,0,0
Ann200,2571,0,0
Ann200,2582,0,0
Ann200,2585,0,0
Ann200,2589,0,0
Ann200,2591,1,1
Ann200,2605,0,0
Ann200,2610,0,0
Ann200,2628,0,0
Ann200,2640,0,0
Ann200,2649,0,0
Ann200,2681,1,0
Ann200,2700,0,0
Ann200,2702,1,0
Ann200,272,1,0
Ann200,2726,1,1
Ann200,273,0,1
Ann200,2735,0,0
Ann200,2738,0,0
Ann200,2743,0,0
Ann200,275,0,0
Ann200,2750,0,0
Ann200,2765,1,0
Ann200,2772,0,0
Ann200,278,1,1
Ann200,2781,0,0
Ann200,2783,0,0
Ann200,2789,0,0
Ann200,2795,1,0
Ann200,2796,0,0
Ann200,2798,0,0
Ann200,281,0,0
Ann200,2811,0,0
Ann200,2817,0,0
Ann200,2827,0,1
Ann200,2833,1,1
Ann200,2842,0,0
Ann200,2847,0,1
Ann200,2871,0,0
Ann200,2873,0,0
Ann200,2877,0,0
Ann200,2884,1,0
Ann200,2887,0,0
Ann200,2893,0,0
Ann200,2917,0,1
Ann200,2919,1,0
Ann200,292,0,1
Ann200,2920,0,0
Ann200,2926,1,1
Ann200,2929,0,0
Ann200,2933,0,0
Ann200,2936,0,0
Ann200,2937,1,0
Ann200,2949,0,0
Ann200,2950,0,0
Ann200,2986,0,0
Ann200,2987,0,0
Ann200,2998,0,0
Ann200,3013,0,0
Ann200,3018,0,0
Ann200,3020,0,0
Ann200,3025,0,1
Ann200,3028,0,0
Ann200,3030,0,0
Ann200,3040,0,0
Ann200,3047,1,0
Ann200,3051,1,0
Ann200,3053,0,0
Ann200,306,0,0
Ann200,3062,0,0
Ann200,3066,0,0
Ann200,3073,0,0
Ann200,3074,0,0
Ann200,3075,0,0
Ann200,3076,0,0
Ann200,309,0,0
Ann200,3093,0,0
Ann200,3101,0,0
Ann200,3103,1,0
Ann200,3109,0,0
Ann200,3110,0,0
Ann200,3117,0,0
Ann200,3119,1,0
Ann200,3122,0,0
Ann200,3124,1,1
Ann200,3128,0,0
Ann200,3134,1,1
Ann200,3136,0,0
Ann200,314,1,0
Ann200,3153,1,1
Ann200,3165,0,0
Ann200,3169,0,0
Ann200,317,1,1
Ann200,3176,0,0
Ann200,3179,0,0
Ann200,3183,1,0
Ann200,3186,1,0
Ann200,3193,1,0
Ann200,3197,0,0
Ann200,32,0,0
Ann200,3205,0,0
Ann200,3214,0,0
Ann200,3222,0,0
Ann200,3224,1,1
Ann200,3225,0,0
Ann200,3237,0,0
Ann200,324,0,0
Ann200,329,1,1
Ann200,3292,0,1
Ann200,3296,0,0
Ann200,3303,0,0
Ann200,3305,1,1
Ann200,3318,0,0
Ann200,3321,0,0
Ann200,333,0,0
Ann200,3356,0,0
Ann200,3362,0,1
Ann200,3365,1,1
Ann200,3372,0,0
Ann200,3375,0,0
Ann200,3390,1,0
Ann200,3399,1,0
Ann200,3404,0,0
Ann200,3437,0,0
Ann200,3439,0,0
Ann200,3452,0,0
Ann200,3456,0,0
Ann200,3457,0,0
Ann200,3486,0,0
Ann200,3493,1,0
Ann200,3526,0,0
Ann200,3529,1,0
Ann200,3535,0,0
Ann200,3536,0,0
Ann200,3541,1,1
Ann200,3544,0,0
Ann200,3545,0,0
Ann200,3547,1,0
Ann200,3549,0,0
Ann200,3558,0,0
Ann200,3565,1,1
Ann200,3576,1,0
Ann200,3583,0,0
Ann200,3585,1,1
Ann200,3587,0,0
Ann200,359,1,1
Ann200,3596,0,0
Ann200,3605,1,0
Ann200,3636,0,0
Ann200,3644,0,0
Ann200,365,0,0
Ann200,3652,0,0
Ann200,366,0,0
Ann200,3667,0,0
Ann200,3675,0,0
Ann200,3683,0,1
Ann200,3691,0,0
Ann200,3704,0,0
Ann200,3710,1,0
Ann200,3718,0,0
Ann200,3755,0,0
Ann200,376,1,1
Ann200,3765,0,0
Ann200,3775,0,1
Ann200,3784,0,0
Ann200,3793,0,0
Ann200,38,0,0
Ann200,3804,0,0
Ann200,3806,1,1
Ann200,3810,0,0
Ann200,3812,1,0
Ann200,3820,0,0
Ann200,3832,0,0
Ann200,3834,1,0
Ann200,3835,0,0
Ann200,3845,0,1
Ann200,385,1,1
Ann200,3850,0,0
Ann200,3858,0,0
Ann200,3868,0,0
Ann200,3874,0,0
Ann200,3875,0,1
Ann200,3876,0,0
Ann200,3880,0,0
Ann200,3889,0,0
Ann200,389,0,0
Ann200,3890,0,0
Ann200,3920,1,1
Ann200,3922,1,1
Ann200,3924,1,1
Ann200,3933,0,0
Ann200,3953,1,0
Ann200,3958,1,1
Ann200,3963,0,0
Ann200,3964,1,0
Ann200,3974,0,0
Ann200,3981,0,0
Ann200,3982,0,0
Ann200,3983,0,0
Ann200,3986,0,0
Ann200,3992,1,0
Ann200,3994,0,0
Ann200,3995,0,0
Ann200,4023,1,1
Ann200,4024,0,0
Ann200,4027,1,1
Ann200,4029,0,0
Ann200,4068,0,0
Ann200,407,0,0
Ann200,4079,0,0
Ann200,4084,0,1
Ann200,4085,1,0
Ann200,4086,0,0
Ann200,4103,0,0
Ann200,4125,1,0
Ann200,4132,0,0
Ann200,4153,0,0
Ann200,4155,1,0
Ann200,4170,0,0
Ann200,4175,1,0
Ann200,4181,0,0
Ann200,4187,1,0
Ann200,4189,0,0
Ann200,4190,0,0
Ann200,4192,0,0
Ann200,42,1,0
Ann200,4200,1,0
Ann200,4208,0,0
Ann200,422,1,0
Ann200,4229,1,0
Ann200,4249,1,0
Ann200,4257,0,0
Ann200,4267,1,0
Ann200,4271,0,0
Ann200,428,1,0
Ann200,4281,0,0
Ann200,4286,0,0
Ann200,4291,1,0
Ann200,430,1,1
Ann200,4308,0,0
Ann200,4310,1,0
Ann200,4320,0,0
Ann200,433,0,0
Ann200,4330,0,0
Ann200,4331,0,0
Ann200,4338,0,0
Ann200,4347,0,0
Ann200,4357,0,0
Ann200,4363,0,0
Ann200,4366,0,0
Ann200,4391,1,1
Ann200,4398,1,0
Ann200,4418,0,0
Ann200,4426,0,0
Ann200,4441,0,0
Ann200,4456,0,1
Ann200,4462,1,0
Ann200,4467,0,0
Ann200,4469,0,0
Ann200,447,1,1
Ann200,4472,0,0
Ann200,4478,0,0
Ann200,4479,0,0
Ann200,4488,0,0
Ann200,4491,0,0
Ann200,45,0,1
Ann200,450,1,1
Ann200,4506,0,0
Ann200,451,0,0
Ann200,4524,1,1
Ann200,4540,1,0
Ann200,4578,1,1
Ann200,4583,1,0
Ann200,4594,1,0
Ann200,4595,0,0
Ann200,460,0,1
Ann200,4603,0,0
Ann200,4632,0,0
Ann200,4638,1,0
Ann200,4667,0,0
Ann200,467,1,0
Ann200,4686,0,0
Ann200,4687,0,1
Ann200,469,0,1
Ann200,4696,0,0
Ann200,4699,0,0
Ann200,4705,0,0
Ann200,4707,0,0
Ann200,4717,1,0
Ann200,4720,0,0
Ann200,4721,1,0
Ann200,4726,0,0
Ann200,4729,1,0
Ann200,4730,0,0
Ann200,4739,0,0
Ann200,4741,0,0
Ann200,4750,0,0
Ann200,4777,0,1
Ann200,4782,0,1
Ann200,4784,1,1
Ann200,4794,0,0
Ann200,4799,0,0
Ann200,4803,0,0
Ann200,4805,0,0
Ann200,4813,0,0
Ann200,4846,0,0
Ann200,4847,1,1
Ann200,4848,0,0
Ann200,4854,1,0
Ann200,4874,1,0
Ann200,4879,1,1
Ann200,4886,1,0
Ann200,4888,0,0
Ann200,489,0,0
Ann200,4892,1,1
Ann200,4893,0,0
Ann200,49,0,0
Ann200,4900,1,1
Ann200,4911,0,0
Ann200,4915,1,1
Ann200,4917,0,0
Ann200,4921,0,0
Ann200,4943,0,0
Ann200,4952,1,1
Ann200,4965,1,1
Ann200,4975,0,0
Ann200,4991,1,0
Ann200,50,0,0
Ann200,5002,1,1
Ann200,5010,1,1
Ann200,5012,0,0
Ann200,5026,0,0
Ann200,5033,0,0
Ann200,5054,0,0
Ann200,5056,1,1
Ann200,5057,0,0
Ann200,5067,1,1
Ann200,5074,0,0
Ann200,508,0,0
Ann200,5084,0,0
Ann200,509,0,0
Ann200,5093,0,0
Ann200,5098,0,0
Ann200,5122,0,0
Ann200,5138,1,0
Ann200,5139,1,0
Ann200,5141,1,1
Ann200,5147,0,0
Ann200,5148,1,0
Ann200,5151,0,0
Ann200,5152,0,0
Ann200,5187,1,1
Ann200,5189,1,0
Ann200,5195,1,1
Ann200,5198,0,0
Ann200,5199,0,0
Ann200,5201,0,0
Ann200,5206,0,0
Ann200,5244,0,0
Ann200,5253,0,1
Ann200,5258,0,0
Ann200,5260,0,0
Ann200,5271,1,1
Ann200,5275,1,1
Ann200,5290,0,0
Ann200,530,0,0
Ann200,5308,1,1
Ann200,5313,1,0
Ann200,5320,1,1
Ann200,5334,0,0
Ann200,5336,0,0
Ann200,5342,0,0
Ann200,5352,0,0
Ann200,5367,0,0
Ann200,5368,0,0
Ann200,5370,0,0
Ann200,5374,0,0
Ann200,5375,0,0
Ann200,5381,0,0
Ann200,5383,0,0
Ann200,5391,0,0
Ann200,540,0,0
Ann200,5405,0,0
Ann200,5414,0,0
Ann200,5419,0,0
Ann200,5427,1,0
Ann200,5431,0,0
Ann200,5434,1,0
Ann200,5436,0,0
Ann200,5446,0,1
Ann200,5452,1,1
Ann200,5453,1,1
Ann200,5459,0,0
Ann200,5465,1,0
Ann200,5470,0,0
Ann200,5488,1,0
Ann200,5494,0,0
Ann200,5507,0,0
Ann200,5509,0,0
Ann200,5516,1,0
Ann200,5522,0,0
Ann200,5524,1,1
Ann200,5534,0,0
Ann200,5545,0,1
Ann200,5547,0,0
Ann200,5550,1,0
Ann200,5552,0,0
Ann200,5553,1,0
Ann200,5569,0,0
Ann200,5577,1,0
Ann200,5579,0,0
Ann200,5586,1,1
Ann200,5595,0,0
Ann200,5599,0,0
Ann200,56,1,0
Ann200,5603,0,0
Ann200,5604,0,0
Ann200,5625,0,0
Ann200,5626,0,0
Ann200,5632,0,0
Ann200,5634,1,1
Ann200,5664,1,0
Ann200,5667,0,0
Ann200,5673,0,0
Ann200,5678,0,0
Ann200,5685,1,0
Ann200,569,1,1
Ann200,5690,0,0
Ann200,5697,0,0
Ann200,5705,1,1
Ann200,5712,0,0
Ann200,5715,1,0
Ann200,5716,0,1
Ann200,5719,0,0
Ann200,5744,1,0
Ann200,578,0,0
Ann200,580,1,0
Ann200,5808,0,0
Ann200,5815,1,1
Ann200,5820,0,0
Ann200,5822,0,0
Ann200,5830,0,0
Ann200,5840,1,1
Ann200,5842,1,0
Ann200,5872,1,0
Ann200,5884,0,0
Ann200,5885,0,0
Ann200,5891,0,0
Ann200,5897,0,1
Ann200,5899,0,0
Ann200,5910,0,0
Ann200,5912,0,0
Ann200,5923,1,0
Ann200,5927,0,0
Ann200,5932,0,0
Ann200,5939,0,0
Ann200,594,0,1
Ann200,5943,0,0
Ann200,5954,0,0
Ann200,5960,0,0
Ann200,5965,1,0
Ann200,5970,0,0
Ann200,5974,0,0
Ann200,5979,1,0
Ann200,5994,1,0
Ann200,5996,1,0
Ann200,5999,0,0
Ann200,6001,0,0
Ann200,6006,0,0
Ann200,6013,0,0
Ann200,6019,0,0
Ann200,603,1,0
Ann200,6045,1,0
Ann200,6049,0,0
Ann200,6050,0,0
Ann200,6054,0,1
Ann200,606,0,0
Ann200,6062,0,0
Ann200,6070,0,0
Ann200,6092,0,0
Ann200,6096,1,1
Ann200,6100,1,0
Ann200,6110,0,1
Ann200,6111,1,0
Ann200,6123,1,0
Ann200,6129,0,1
Ann200,6133,0,1
Ann200,6144,0,0
Ann200,6154,0,0
Ann200,6158,0,0
Ann200,6180,0,1
Ann200,6185,0,0
Ann200,6213,0,0
Ann200,623,0,0
Ann200,6241,0,0
Ann200,6274,0,0
Ann200,6280,0,0
Ann200,629,0,0
Ann200,6309,0,0
Ann200,6317,0,0
Ann200,6322,1,0
Ann200,6325,0,1
Ann200,6332,0,0
Ann200,6336,0,0
Ann200,634,0,0
Ann200,6342,1,0
Ann200,6359,1,0
Ann200,636,0,0
Ann200,6371,1,0
Ann200,6385,0,1
Ann200,6395,0,0
Ann200,6414,1,0
Ann200,6417,0,0
Ann200,6443,0,0
Ann200,6454,0,0
Ann200,6460,1,0
Ann200,6473,0,1
Ann200,6476,1,0
Ann200,6480,1,1
Ann200,6493,0,0
Ann200,6496,0,0
Ann200,6500,0,0
Ann200,6507,0,0
Ann200,6515,1,0
Ann200,6525,0,0
Ann200,6527,0,0
Ann200,6542,1,0
Ann200,6550,1,0
Ann200,6551,0,0
Ann200,6556,0,0
Ann200,6569,1,0
Ann200,657,1,0
Ann200,6602,1,0
Ann200,6611,1,0
Ann200,6615,1,0
Ann200,6617,0,0
Ann200,6626,1,0
Ann200,6630,0,0
Ann200,6632,1,1
Ann200,6653,0,0
Ann200,6655,1,0
Ann200,668,0,0
Ann200,6686,0,0
Ann200,6688,1,0
Ann200,6693,0,0
Ann200,6699,0,0
Ann200,6700,1,0
Ann200,6705,1,1
Ann200,6710,0,0
Ann200,6715,0,0
Ann200,6722,0,0
Ann200,6734,0,0
Ann200,6745,0,0
Ann200,6747,0,0
Ann200,6752,1,0
Ann200,6756,0,0
Ann200,6769,1,0
Ann200,6773,0,0
Ann200,6778,0,0
Ann200,6779,0,0
Ann200,6781,1,1
Ann200,6798,0,0
Ann200,6799,1,0
Ann200,680,0,1
Ann200,6806,0,1
Ann200,6807,0,0
Ann200,6813,0,0
Ann200,6823,0,0
Ann200,6832,1,0
Ann200,6836,0,0
Ann200,6849,0,0
Ann200,6851,0,0
Ann200,686,1,0
Ann200,6860,1,0
Ann200,6866,0,0
Ann200,6871,0,1
Ann200,6873,0,0
Ann200,6881,0,0
Ann200,6882,0,0
Ann200,6885,0,0
Ann200,6904,1,0
Ann200,6912,0,0
Ann200,6913,1,1
Ann200,6914,1,0
Ann200,6917,0,0
Ann200,6926,0,0
Ann200,6928,1,0
Ann200,6932,1,0
Ann200,6942,0,0
Ann200,6945,0,0
Ann200,6968,0,0
Ann200,6977,1,1
Ann200,6988,0,0
Ann200,6995,0,0
Ann200,7007,0,0
Ann200,7009,0,0
Ann200,7017,0,0
Ann200,7018,1,0
Ann200,7019,0,0
Ann200,703,1,0
Ann200,7033,0,0
Ann200,7044,0,0
Ann200,7054,1,0
Ann200,7060,1,1
Ann200,7071,0,0
Ann200,7086,0,0
Ann200,7091,0,0
Ann200,7092,1,1
Ann200,7097,0,0
Ann200,7099,0,0
Ann200,7106,0,0
Ann200,7107,1,0
Ann200,7112,1,0
Ann200,7117,0,0
Ann200,7122,0,0
Ann200,7129,0,1
Ann200,7130,0,0
Ann200,715,0,0
Ann200,7151,0,0
Ann200,7157,0,0
Ann200,7163,0,0
Ann200,7164,0,0
Ann200,718,0,0
Ann200,7189,0,0
Ann200,7190,0,0
Ann200,7194,1,1
Ann200,720,1,1
Ann200,7200,1,0
Ann200,7202,1,0
Ann200,7206,1,1
Ann200,7215,0,0
Ann200,7217,0,0
Ann200,7224,0,1
Ann200,7229,1,0
Ann200,7239,0,0
Ann200,7247,1,1
Ann200,7250,0,0
Ann200,7252,1,0
Ann200,7253,0,0
Ann200,7254,1,1
Ann200,7262,0,0
Ann200,7267,0,0
Ann200,7269,1,0
Ann200,7280,0,0
Ann200,73,0,1
Ann200,7300,0,0
Ann200,7304,0,1
Ann200,7316,0,0
Ann200,7328,0,0
Ann200,7333,1,0
Ann200,7336,0,0
Ann200,7339,0,0
Ann200,7343,0,0
Ann200,7346,1,1
Ann200,7361,1,0
Ann200,7362,0,0
Ann200,738,0,0
Ann200,7383,0,0
Ann200,739,1,0
Ann200,7391,0,0
Ann200,741,0,0
Ann200,7413,0,0
Ann200,7415,0,0
Ann200,742,0,0
Ann200,7426,1,0
Ann200,7459,1,0
Ann200,7460,0,0
Ann200,7461,0,0
Ann200,7465,0,1
Ann200,7466,0,1
Ann200,7474,1,0
Ann200,7477,0,0
Ann200,749,1,1
Ann200,7490,0,0
Ann200,7494,1,0
Ann200,7506,1,0
Ann200,7516,1,1
Ann200,7519,1,0
Ann200,7521,0,0
Ann200,7524,0,1
Ann200,7527,0,1
Ann200,7529,0,0
Ann200,7541,0,0
Ann200,7551,0,1
Ann200,7566,0,0
Ann200,7573,0,0
Ann200,7575,0,0
Ann200,7578,0,0
Ann200,7579,0,0
Ann200,7593,0,0
Ann200,760,0,0
Ann200,7600,0,0
Ann200,7614,1,0
Ann200,7617,0,0
Ann200,7620,0,0
Ann200,7622,0,0
Ann200,7623,0,0
Ann200,7628,0,0
Ann200,7630,0,1
Ann200,7634,0,0
Ann200,7652,0,0
Ann200,7656,1,1
Ann200,7658,0,0
Ann200,7674,0,0
Ann200,7681,0,0
Ann200,7693,1,0
Ann200,795,0,0
Ann200,797,1,0
Ann200,798,0,0
Ann200,82,1,1
Ann200,827,0,0
Ann200,839,0,0
Ann200,849,1,0
Ann200,854,0,0
Ann200,863,1,1
Ann200,87,0,0
Ann200,870,0,0
Ann200,876,1,0
Ann200,879,0,0
Ann200,882,0,0
Ann200,887,0,0
Ann200,89,0,0
Ann200,892,0,0
Ann200,909,0,0
Ann200,916,0,0
Ann200,920,1,1
Ann200,923,1,0
Ann200,924,0,0
Ann200,926,0,0
Ann200,937,0,0
Ann200,943,0,0
Ann200,952,0,0
Ann200,98,0,0
Ann200,994,0,1
Ann203,1032,0,0
Ann203,1292,0,0
Ann203,1648,0,0
Ann203,2915,0,0
Ann203,4013,1,1
Ann203,819,0,0
Ann203,979,0,0
Ann212,1174,0,0
Ann212,1718,0,0
Ann212,1793,0,0
Ann212,1897,0,0
Ann212,1985,0,0
Ann212,2106,0,0
Ann212,224,1,0
Ann212,2306,0,0
Ann212,235,1,0
Ann212,2374,0,0
Ann212,2517,1,0
Ann212,257,1,0
Ann212,2722,0,0
Ann212,2977,0,0
Ann212,3251,1,1
Ann212,3328,0,0
Ann212,3481,0,0
Ann212,3643,0,0
Ann212,3683,0,1
Ann212,3760,0,0
Ann212,3797,1,1
Ann212,3966,1,0
Ann212,4253,1,0
Ann212,4341,0,0
Ann212,439,0,0
Ann212,4455,0,0
Ann212,4489,0,0
Ann212,4532,0,0
Ann212,4607,0,1
Ann212,4660,0,1
Ann212,4728,0,0
Ann212,4763,1,0
Ann212,4799,0,0
Ann212,4859,1,0
Ann212,4944,0,0
Ann212,5,0,0
Ann212,5273,0,0
Ann212,5298,1,0
Ann212,5484,1,1
Ann212,5616,0,0
Ann212,6014,1,1
Ann212,6066,1,0
Ann212,6384,0,0
Ann212,6463,0,0
Ann212,6565,1,0
Ann212,6584,0,0
Ann212,6608,0,0
Ann212,69,0,0
Ann212,7220,1,0
Ann212,7371,0,0
Ann212,7376,0,0
Ann212,7534,1,0
Ann212,7647,1,0
Ann212,913,0,0
Ann212,914,0,0
Ann212,946,0,0
Ann212,967,0,0
Ann225,1019,0,1
Ann225,1068,0,1
Ann225,109,0,0
Ann225,125,0,0
Ann225,1386,1,1
Ann225,1416,1,0
Ann225,1466,0,0
Ann225,1516,0,1
Ann225,1537,0,1
Ann225,1571,0,0
Ann225,1806,1,1
Ann225,182,1,0
Ann225,1940,1,1
Ann225,204,1,1
Ann225,2102,1,1
Ann225,2210,0,0
Ann225,2219,0,0
Ann225,2258,1,0
Ann225,2274,1,1
Ann225,2300,1,0
Ann225,2336,1,1
Ann225,238,1,1
Ann225,247,0,0
Ann225,2472,0,0
Ann225,2590,0,0
Ann225,262,1,0
Ann225,2745,0,1
Ann225,2878,0,1
Ann225,2886,0,0
Ann225,2982,0,1
Ann225,3002,0,0
Ann225,3102,1,0
Ann225,3123,1,0
Ann225,3145,0,0
Ann225,3174,0,1
Ann225,3307,1,1
Ann225,3359,0,0
Ann225,3400,1,0
Ann225,3403,0,0
Ann225,3414,1,1
Ann225,3426,1,1
Ann225,3438,1,0
Ann225,3490,0,0
Ann225,350,0,0
Ann225,3567,0,0
Ann225,3579,1,0
Ann225,3580,0,0
Ann225,3641,0,0
Ann225,3826,1,1
Ann225,3947,0,0
Ann225,3957,0,0
Ann225,4037,0,1
Ann225,4203,1,1
Ann225,4283,0,0
Ann225,436,0,0
Ann225,441,0,0
Ann225,4429,0,1
Ann225,4438,0,1
Ann225,4496,0,1
Ann225,4498,0,0
Ann225,4507,1,1
Ann225,4644,1,0
Ann225,4650,0,0
Ann225,474,0,1
Ann225,4978,1,1
Ann225,5005,1,1
Ann225,5024,1,0
Ann225,5036,1,1
Ann225,5059,1,0
Ann225,5213,0,0
Ann225,5257,0,0
Ann225,5358,0,0
Ann225,545,1,1
Ann225,5584,0,1
Ann225,5682,0,0
Ann225,5704,0,0
Ann225,5781,0,0
Ann225,5838,1,0
Ann225,5982,0,0
Ann225,5989,1,0
Ann225,6024,1,1
Ann225,608,1,1
Ann225,6125,1,0
Ann225,622,1,1
Ann225,6369,1,0
Ann225,6370,1,0
Ann225,6400,1,1
Ann225,642,1,0
Ann225,6656,1,0
Ann225,6679,1,0
Ann225,6749,1,1
Ann225,6828,1,0
Ann225,6856,0,0
Ann225,6886,0,0
Ann225,6902,0,0
Ann225,6947,1,1
Ann225,6972,1,1
Ann225,6984,0,0
Ann225,7123,0,1
Ann225,7125,0,0
Ann225,7208,1,1
Ann225,7231,1,0
Ann225,7242,0,0
Ann225,731,0,0
Ann225,7349,1,0
Ann225,7401,0,0
Ann225,745,1,1
Ann225,7507,0,0
Ann225,7643,0,0
Ann225,7676,1,0
Ann225,819,0,0
Ann225,826,1,1
Ann225,857,0,0
Ann225,858,0,0
Ann225,898,1,1
Ann225,901,0,1
Ann225,965,0,0
Ann226,1068,0,0
Ann226,1137,0,0
Ann226,1605,0,0
Ann226,2835,0,0
Ann226,5213,0,0
Ann226,6344,0,0
Ann23,1007,1,0
Ann23,1050,1,1
Ann23,1533,0,0
Ann23,1546,0,0
Ann23,1646,0,0
Ann23,1807,1,0
Ann23,1986,1,1
Ann23,2142,1,0
Ann23,2470,0,0
Ann23,3302,1,0
Ann23,4417,0,0
Ann23,4850,1,0
Ann23,5022,0,0
Ann23,5679,0,0
Ann23,6114,0,0
Ann23,6509,0,0
Ann23,6567,1,1
Ann239,1187,0,0
Ann239,1395,0,0
Ann239,1904,0,0
Ann239,1932,0,0
Ann239,2186,1,1
Ann239,2954,0,0
Ann239,297,0,0
Ann239,2999,0,0
Ann239,300,0,0
Ann239,3141,0,0
Ann239,3444,0,0
Ann239,3473,0,0
Ann239,3513,0,0
Ann239,3695,0,0
Ann239,3896,0,0
Ann239,4139,0,0
Ann239,4415,0,0
Ann239,457,0,1
Ann239,4829,0,0
Ann239,4986,0,0
Ann239,5157,0,0
Ann239,52,0,0
Ann239,5228,0,0
Ann239,528,0,0
Ann239,5341,1,0
Ann239,5409,0,0
Ann239,5752,0,0
Ann239,5772,0,0
Ann239,6304,0,0
Ann239,656,0,0
Ann239,6659,0,0
Ann239,685,0,0
Ann239,7104,1,1
Ann239,7221,1,1
Ann239,7379,0,0
Ann239,7482,0,0
Ann239,7495,0,0
Ann239,7522,0,0
Ann239,7605,0,0
Ann239,784,0,0
Ann239,885,0,0
Ann239,907,0,0
Ann241,1118,0,0
Ann241,1127,0,0
Ann241,121,0,1
Ann241,1223,0,0
Ann241,1262,0,0
Ann241,1322,1,1
Ann241,1399,0,0
Ann241,1427,0,0
Ann241,1467,0,0
Ann241,1529,1,0
Ann241,1624,0,0
Ann241,1675,1,0
Ann241,17,0,0
Ann241,1960,0,0
Ann241,2013,1,0
Ann241,2016,0,0
Ann241,2114,0,0
Ann241,2375,0,0
Ann241,2466,0,0
Ann241,2641,1,0
Ann241,2728,0,1
Ann241,2777,0,1
Ann241,2816,0,1
Ann241,2838,0,0
Ann241,294,0,0
Ann241,3023,0,0
Ann241,304,0,0
Ann241,3327,0,0
Ann241,3449,0,1
Ann241,3506,0,0
Ann241,3758,0,0
Ann241,3843,0,0
Ann241,3859,0,0
Ann241,3873,1,0
Ann241,3927,0,0
Ann241,3936,0,0
Ann241,4002,0,0
Ann241,4174,0,0
Ann241,4221,0,1
Ann241,4315,1,0
Ann241,4531,0,0
Ann241,5212,1,0
Ann241,5281,0,0
Ann241,5348,0,0
Ann241,57,0,0
Ann241,5755,1,0
Ann241,5859,0,0
Ann241,591,0,0
Ann241,5911,0,1
Ann241,6121,0,0
Ann241,6168,0,0
Ann241,6178,0,0
Ann241,6401,0,0
Ann241,6461,0,0
Ann241,6539,1,0
Ann241,6593,0,0
Ann241,682,1,1
Ann241,6867,0,0
Ann241,7109,1,0
Ann241,7183,1,0
Ann241,72,0,0
Ann241,7223,0,1
Ann241,7273,0,0
Ann241,7378,0,0
Ann241,7406,1,0
Ann241,7479,0,0
Ann241,7542,0,0
Ann241,7605,0,0
Ann241,7613,1,1
Ann241,810,0,0
Ann241,817,0,0
Ann245,1009,0,0
Ann245,1019,0,0
Ann245,1032,0,0
Ann245,1042,0,0
Ann245,1054,0,1
Ann245,1064,0,0
Ann245,1110,0,0
Ann245,1132,1,1
Ann245,1182,1,0
Ann245,1216,1,1
Ann245,1291,0,0
Ann245,1293,1,0
Ann245,1323,1,1
Ann245,1325,0,0
Ann245,1346,0,0
Ann245,1348,0,0
Ann245,1434,0,0
Ann245,1455,0,0
Ann245,1487,1,1
Ann245,15,0,0
Ann245,1508,0,0
Ann245,1520,0,0
Ann245,1538,0,0
Ann245,1539,0,0
Ann245,1573,0,0
Ann245,1580,1,0
Ann245,1625,0,0
Ann245,164,1,1
Ann245,1649,0,1
Ann245,1654,0,0
Ann245,1655,0,0
Ann245,1657,0,0
Ann245,1690,0,0
Ann245,1694,0,0
Ann245,1707,1,0
Ann245,1711,0,0
Ann245,173,0,0
Ann245,1754,0,0
Ann245,1755,1,0
Ann245,1806,1,0
Ann245,1829,0,0
Ann245,1842,1,0
Ann245,1859,0,0
Ann245,1874,1,1
Ann245,1904,0,0
Ann245,1945,0,0
Ann245,2000,0,0
Ann245,2059,0,0
Ann245,2078,0,0
Ann245,2082,0,0
Ann245,2126,0,0
Ann245,2139,0,0
Ann245,214,0,0
Ann245,2155,0,0
Ann245,2183,0,0
Ann245,2199,0,0
Ann245,2205,0,0
Ann245,2237,0,0
Ann245,2242,0,0
Ann245,2244,0,0
Ann245,2266,0,0
Ann245,2282,0,0
Ann245,2298,0,0
Ann245,2300,1,0
Ann245,2302,0,0
Ann245,2318,0,0
Ann245,2388,1,0
Ann245,2434,0,0
Ann245,246,0,0
Ann245,2482,0,0
Ann245,2490,0,0
Ann245,2501,0,0
Ann245,2522,0,0
Ann245,2590,0,0
Ann245,2662,0,0
Ann245,2665,0,0
Ann245,2669,0,0
Ann245,2670,0,0
Ann245,2672,0,0
Ann245,2694,0,0
Ann245,2725,0,0
Ann245,2761,1,1
Ann245,2803,0,0
Ann245,2825,0,0
Ann245,2829,1,1
Ann245,2844,0,0
Ann245,2904,0,0
Ann245,2912,0,0
Ann245,2928,0,0
Ann245,2932,1,0
Ann245,2953,0,0
Ann245,2962,0,0
Ann245,2968,1,1
Ann245,297,0,0
Ann245,2976,0,0
Ann245,2979,1,1
Ann245,2983,1,1
Ann245,3002,0,0
Ann245,3007,1,0
Ann245,3031,0,0
Ann245,3036,0,0
Ann245,3050,0,0
Ann245,3077,0,0
Ann245,3120,0,0
Ann245,3137,0,0
Ann245,3147,0,0
Ann245,3217,0,0
Ann245,3229,0,0
Ann245,3244,0,1
Ann245,3279,0,0
Ann245,3309,1,1
Ann245,336,0,0
Ann245,3363,1,0
Ann245,3368,0,0
Ann245,3396,0,1
Ann245,3398,0,0
Ann245,3400,1,0
Ann245,3505,0,0
Ann245,351,0,0
Ann245,3567,0,0
Ann245,3653,0,0
Ann245,3736,1,1
Ann245,3750,0,0
Ann245,3754,1,0
Ann245,3796,0,0
Ann245,3805,1,0
Ann245,381,0,1
Ann245,3826,1,1
Ann245,3841,0,0
Ann245,3852,0,0
Ann245,3863,1,0
Ann245,3884,0,0
Ann245,3885,0,0
Ann245,3913,0,0
Ann245,3917,1,1
Ann245,3939,0,0
Ann245,3955,1,0
Ann245,3973,0,0
Ann245,4000,1,0
Ann245,4005,0,0
Ann245,403,0,0
Ann245,4069,0,0
Ann245,4078,1,1
Ann245,4083,1,0
Ann245,4093,1,1
Ann245,4104,1,1
Ann245,4157,0,0
Ann245,4178,0,0
Ann245,420,0,0
Ann245,4202,0,0
Ann245,4207,0,0
Ann245,4274,0,0
Ann245,4326,1,0
Ann245,4354,0,0
Ann245,4395,0,0
Ann245,440,0,0
Ann245,4410,0,0
Ann245,4415,0,0
Ann245,4445,0,0
Ann245,4451,0,0
Ann245,4496,0,1
Ann245,4549,0,0
Ann245,4551,1,1
Ann245,4563,0,0
Ann245,4586,0,0
Ann245,4593,0,0
Ann245,4613,0,1
Ann245,4618,0,1
Ann245,464,1,0
Ann245,4646,0,0
Ann245,4669,0,0
Ann245,4684,1,0
Ann245,4716,0,0
Ann245,4734,0,0
Ann245,4740,1,1
Ann245,4748,0,0
Ann245,4773,0,0
Ann245,4785,1,1
Ann245,4786,0,0
Ann245,4795,0,0
Ann245,482,0,0
Ann245,4827,0,0
Ann245,4830,0,0
Ann245,4876,0,0
Ann245,4878,0,0
Ann245,4899,1,0
Ann245,4903,0,0
Ann245,4927,0,0
Ann245,4928,0,0
Ann245,4961,0,0
Ann245,4972,0,1
Ann245,4985,0,0
Ann245,4986,0,1
Ann245,4997,0,0
Ann245,4998,0,0
Ann245,5005,1,0
Ann245,5013,0,0
Ann245,5017,0,0
Ann245,503,0,0
Ann245,5043,0,0
Ann245,5044,1,1
Ann245,5071,0,0
Ann245,5120,0,0
Ann245,5135,0,1
Ann245,523,0,0
Ann245,5239,0,0
Ann245,5240,0,0
Ann245,5293,0,0
Ann245,5303,1,0
Ann245,5315,0,0
Ann245,5319,0,0
Ann245,5324,0,0
Ann245,5357,0,1
Ann245,5390,0,0
Ann245,5424,0,0
Ann245,5491,1,0
Ann245,5517,1,0
Ann245,5546,1,0
Ann245,5549,0,1
Ann245,5567,0,0
Ann245,5568,0,0
Ann245,5610,1,1
Ann245,564,1,1
Ann245,5640,0,0
Ann245,5649,0,0
Ann245,5652,1,1
Ann245,5711,1,0
Ann245,5718,0,1
Ann245,5724,0,0
Ann245,5781,0,0
Ann245,58,0,0
Ann245,5809,0,0
Ann245,5811,1,1
Ann245,5843,1,0
Ann245,5854,0,1
Ann245,5868,0,0
Ann245,5887,0,0
Ann245,5898,1,0
Ann245,5900,0,0
Ann245,5905,1,0
Ann245,5913,1,1
Ann245,5928,0,0
Ann245,5940,0,0
Ann245,6000,0,0
Ann245,6023,0,1
Ann245,6041,1,1
Ann245,6137,1,1
Ann245,6147,0,0
Ann245,615,0,0
Ann245,6153,0,0
Ann245,6170,0,0
Ann245,6197,1,1
Ann245,6239,0,0
Ann245,6242,1,0
Ann245,6284,0,1
Ann245,6287,0,0
Ann245,6295,0,0
Ann245,6298,0,0
Ann245,6311,0,0
Ann245,6314,0,0
Ann245,6331,0,0
Ann245,6350,0,0
Ann245,6351,0,0
Ann245,6364,1,1
Ann245,6383,0,0
Ann245,6457,1,0
Ann245,6464,1,0
Ann245,6465,0,0
Ann245,6471,1,0
Ann245,6498,0,0
Ann245,6499,0,0
Ann245,6504,1,1
Ann245,6532,0,1
Ann245,6559,0,0
Ann245,6586,1,0
Ann245,6619,1,1
Ann245,6684,1,1
Ann245,67,0,0
Ann245,6717,1,1
Ann245,68,0,0
Ann245,6804,1,1
Ann245,6815,0,0
Ann245,6828,1,0
Ann245,6831,0,0
Ann245,6902,0,0
Ann245,6916,0,0
Ann245,6947,1,0
Ann245,6960,1,0
Ann245,6986,0,0
Ann245,7021,1,1
Ann245,7041,1,1
Ann245,7063,0,1
Ann245,7069,0,0
Ann245,7093,0,0
Ann245,7096,1,0
Ann245,7123,0,1
Ann245,7131,1,1
Ann245,7142,1,1
Ann245,7154,0,0
Ann245,7175,0,0
Ann245,7178,0,0
Ann245,7208,1,1
Ann245,7222,0,0
Ann245,7242,0,0
Ann245,7318,0,0
Ann245,7327,0,0
Ann245,7332,0,0
Ann245,7347,0,0
Ann245,7442,1,0
Ann245,7447,0,0
Ann245,7448,0,0
Ann245,7507,0,0
Ann245,7515,0,0
Ann245,7523,0,0
Ann245,7543,1,1
Ann245,755,1,1
Ann245,7676,1,0
Ann245,7679,1,0
Ann245,768,0,1
Ann245,7687,1,0
Ann245,784,0,0
Ann245,785,0,0
Ann245,837,0,0
Ann245,878,0,0
Ann245,894,1,1
Ann245,932,0,0
Ann245,940,0,0
Ann245,957,0,0
Ann248,1657,0,0
Ann248,2274,1,1
Ann248,2312,0,0
Ann248,2338,0,0
Ann248,2489,0,0
Ann248,2601,0,0
Ann248,268,1,1
Ann248,287,0,0
Ann248,3769,0,1
Ann248,4544,1,0
Ann248,4644,1,0
Ann248,4890,0,0
Ann248,5013,0,0
Ann248,5221,1,0
Ann248,5237,0,0
Ann248,5958,0,0
Ann248,6294,0,0
Ann248,6474,1,0
Ann248,6810,1,1
Ann248,7275,1,1
Ann249,1164,0,0
Ann249,1381,0,0
Ann249,3157,0,0
Ann249,3729,0,0
Ann249,4384,0,0
Ann249,5229,0,0
Ann249,5915,0,1
Ann249,6083,0,1
Ann249,7439,0,1
Ann256,1303,0,0
Ann256,1767,0,0
Ann256,4074,0,0
Ann256,4465,1,0
Ann256,7639,0,0
Ann256,779,1,0
Ann275,10144,1,0
Ann275,10551,0,0
Ann275,7922,0,0
Ann275,8292,0,0
Ann275,8335,1,0
Ann275,9073,1,1
Ann275,9849,0,0
Ann281,10016,0,0
Ann281,10093,0,0
Ann281,10116,0,0
Ann281,10180,0,1
Ann281,10350,1,0
Ann281,10393,0,0
Ann281,10525,1,0
Ann281,10660,0,0
Ann281,10683,1,0
Ann281,7727,0,0
Ann281,7813,0,0
Ann281,7908,0,0
Ann281,8028,1,0
Ann281,8048,0,0
Ann281,8412,0,0
Ann281,8473,0,0
Ann281,8826,0,0
Ann281,8904,0,0
Ann281,8945,0,1
Ann281,9110,1,0
Ann281,9372,0,0
Ann281,9411,0,0
Ann281,9421,0,0
Ann281,9672,0,1
Ann281,9844,1,0
Ann291,1485,0,0
Ann291,5730,1,0
Ann291,632,0,0
Ann293,1071,0,0
Ann293,1275,1,0
Ann293,1276,0,0
Ann293,131,0,0
Ann293,1316,1,0
Ann293,1412,0,0
Ann293,1423,0,0
Ann293,1494,0,0
Ann293,1679,0,0
Ann293,170,0,0
Ann293,1881,0,0
Ann293,2107,0,0
Ann293,2691,1,0
Ann293,284,0,0
Ann293,2852,1,1
Ann293,2926,1,0
Ann293,3134,1,1
Ann293,3255,0,0
Ann293,3277,0,0
Ann293,3593,0,0
Ann293,3639,1,0
Ann293,3668,0,0
Ann293,38,0,0
Ann293,3853,1,0
Ann293,4267,1,0
Ann293,4464,0,0
Ann293,469,0,1
Ann293,4853,0,0
Ann293,4855,0,0
Ann293,5275,1,1
Ann293,5362,1,0
Ann293,5551,0,0
Ann293,5603,0,0
Ann293,5619,1,0
Ann293,5705,1,1
Ann293,5744,1,0
Ann293,6437,1,0
Ann293,6813,0,0
Ann293,6855,1,0
Ann293,6864,0,0
Ann293,6885,0,0
Ann293,6904,1,1
Ann293,7035,0,0
Ann293,7057,1,0
Ann293,7110,1,0
Ann293,7400,1,0
Ann293,7417,0,1
Ann293,7614,1,0
Ann293,821,0,0
Ann293,923,1,0
Ann293,952,0,0
Ann294,1093,0,0
Ann294,127,1,1
Ann294,1355,0,0
Ann294,1707,1,0
Ann294,1711,0,0
Ann294,2000,0,0
Ann294,2008,0,0
Ann294,2047,0,0
Ann294,2177,0,0
Ann294,246,0,0
Ann294,263,0,0
Ann294,2669,0,0
Ann294,2932,1,1
Ann294,3045,1,0
Ann294,3229,0,0
Ann294,3275,1,0
Ann294,3369,0,0
Ann294,3682,0,0
Ann294,4000,1,0
Ann294,4136,0,0
Ann294,4157,0,1
Ann294,4198,0,0
Ann294,4445,0,0
Ann294,4719,0,0
Ann294,4786,0,0
Ann294,5064,1,1
Ann294,5116,0,1
Ann294,5324,0,0
Ann294,5561,0,0
Ann294,5809,0,0
Ann294,584,0,0
Ann294,6065,0,0
Ann294,6170,0,0
Ann294,6284,0,1
Ann294,642,1,0
Ann294,6533,0,0
Ann294,6768,1,1
Ann294,6899,0,0
Ann294,7021,1,0
Ann294,7063,0,0
Ann294,7418,0,0
Ann297,1290,0,0
Ann297,1714,0,0
Ann297,2024,0,0
Ann297,2639,0,0
Ann297,3280,1,0
Ann297,3629,1,0
Ann297,391,0,0
Ann297,3991,0,0
Ann297,4031,1,0
Ann297,430,1,0
Ann297,4687,0,0
Ann297,4708,0,0
Ann297,4819,1,1
Ann297,5410,0,0
Ann297,5677,0,0
Ann297,5798,1,1
Ann297,594,0,1
Ann297,5956,0,0
Ann297,6131,0,0
Ann297,6237,1,0
Ann297,6566,0,1
Ann297,6614,1,0
Ann297,6615,1,0
Ann297,6764,0,0
Ann297,7139,0,0
Ann297,760,0,0
Ann297,7690,0,0
Ann297,854,0,0
Ann3,10160,0,0
Ann3,3297,1,1
Ann3,3598,0,0
Ann3,4232,0,1
Ann3,4268,0,0
Ann3,438,0,0
Ann3,4577,0,0
Ann3,496,1,1
Ann3,5190,0,0
Ann3,5826,1,1
Ann3,6441,1,0
Ann3,654,0,0
Ann3,7123,0,1
Ann3,793,0,0
Ann3,803,0,0
Ann3,8074,0,0
Ann3,9011,0,0
Ann3,9556,0,0
Ann30,10162,0,0
Ann30,10183,0,1
Ann30,10191,0,0
Ann30,10389,0,0
Ann30,10419,0,0
Ann30,10421,0,0
Ann30,10553,1,1
Ann30,1070,0,0
Ann30,1073,0,0
Ann30,1101,0,0
Ann30,1131,0,0
Ann30,1176,1,0
Ann30,1225,0,0
Ann30,1247,0,0
Ann30,1280,0,0
Ann30,1300,0,0
Ann30,1464,1,0
Ann30,1472,0,0
Ann30,1489,0,0
Ann30,1497,0,0
Ann30,151,0,0
Ann30,1516,0,1
Ann30,1523,1,1
Ann30,153,1,0
Ann30,1533,0,0
Ann30,1549,0,1
Ann30,1565,0,0
Ann30,1570,0,0
Ann30,1640,0,0
Ann30,1655,0,0
Ann30,1713,0,0
Ann30,1716,0,0
Ann30,1727,0,1
Ann30,181,0,1
Ann30,1820,1,0
Ann30,1827,1,1
Ann30,1967,0,0
Ann30,1980,0,0
Ann30,1981,1,0
Ann30,2018,0,0
Ann30,2053,0,0
Ann30,2126,0,0
Ann30,214,0,0
Ann30,2170,0,0
Ann30,2190,0,0
Ann30,2215,0,0
Ann30,2241,0,0
Ann30,2272,0,0
Ann30,2283,0,0
Ann30,2294,0,0
Ann30,2300,1,1
Ann30,2360,1,1
Ann30,2368,0,0
Ann30,2618,1,1
Ann30,2620,0,0
Ann30,2663,0,0
Ann30,2708,0,0
Ann30,274,0,0
Ann30,2815,1,0
Ann30,2824,0,0
Ann30,2838,0,0
Ann30,2922,0,0
Ann30,2959,0,0
Ann30,2984,0,0
Ann30,3031,0,0
Ann30,3085,0,1
Ann30,3127,0,0
Ann30,3195,0,0
Ann30,3226,0,0
Ann30,3396,0,1
Ann30,3415,0,1
Ann30,3490,0,0
Ann30,3602,0,0
Ann30,3682,0,0
Ann30,3727,0,0
Ann30,3738,0,1
Ann30,3742,1,0
Ann30,3786,0,0
Ann30,3877,1,0
Ann30,3881,1,1
Ann30,3984,0,0
Ann30,4015,0,0
Ann30,4075,0,0
Ann30,4115,0,0
Ann30,4152,0,0
Ann30,4174,0,0
Ann30,4186,1,1
Ann30,4259,0,0
Ann30,4326,1,0
Ann30,4342,0,0
Ann30,4344,0,0
Ann30,4440,0,0
Ann30,448,0,0
Ann30,452,0,0
Ann30,4521,1,1
Ann30,4530,0,1
Ann30,4565,0,0
Ann30,4575,0,1
Ann30,4650,0,0
Ann30,4651,1,1
Ann30,4706,0,0
Ann30,4759,0,0
Ann30,4771,0,0
Ann30,4802,0,0
Ann30,4815,0,0
Ann30,4825,0,0
Ann30,4871,1,0
Ann30,4903,0,0
Ann30,4948,0,0
Ann30,4951,0,0
Ann30,4988,0,0
Ann30,5015,0,0
Ann30,5047,0,0
Ann30,5069,0,1
Ann30,5071,0,0
Ann30,5072,0,0
Ann30,5104,0,0
Ann30,5105,0,0
Ann30,5165,1,0
Ann30,5240,0,1
Ann30,5345,1,1
Ann30,5347,0,0
Ann30,5358,0,0
Ann30,537,0,0
Ann30,5437,1,0
Ann30,5539,1,0
Ann30,5584,0,0
Ann30,5591,1,0
Ann30,560,1,0
Ann30,5679,0,0
Ann30,5696,0,0
Ann30,5718,0,1
Ann30,5826,1,1
Ann30,5862,0,0
Ann30,5928,0,1
Ann30,5981,0,0
Ann30,6030,0,0
Ann30,6038,0,0
Ann30,6073,0,0
Ann30,6195,0,0
Ann30,6231,0,0
Ann30,6288,0,0
Ann30,6340,0,0
Ann30,6433,0,0
Ann30,6453,0,0
Ann30,6479,0,0
Ann30,6534,0,0
Ann30,6541,1,0
Ann30,6612,1,1
Ann30,6648,0,0
Ann30,6733,0,0
Ann30,6737,0,0
Ann30,6771,0,0
Ann30,6815,0,1
Ann30,6839,0,0
Ann30,6907,0,0
Ann30,6922,1,1
Ann30,6935,0,0
Ann30,6962,0,0
Ann30,700,0,0
Ann30,7036,0,0
Ann30,7058,0,0
Ann30,7074,1,1
Ann30,7100,1,0
Ann30,7124,1,1
Ann30,7179,0,0
Ann30,7185,0,1
Ann30,7345,0,1
Ann30,7356,0,0
Ann30,7359,0,1
Ann30,7399,0,0
Ann30,7407,0,0
Ann30,7425,0,0
Ann30,7462,0,0
Ann30,7509,0,0
Ann30,7531,1,1
Ann30,756,1,1
Ann30,7596,0,0
Ann30,7679,1,0
Ann30,7724,0,0
Ann30,7862,0,0
Ann30,792,0,0
Ann30,8008,0,0
Ann30,8134,0,0
Ann30,8228,1,0
Ann30,8482,0,0
Ann30,8518,0,0
Ann30,852,0,1
Ann30,8551,0,0
Ann30,8560,1,1
Ann30,8625,0,0
Ann30,8750,0,0
Ann30,8776,0,1
Ann30,8796,0,0
Ann30,8863,1,1
Ann30,8909,1,0
Ann30,9013,1,0
Ann30,917,0,0
Ann30,9209,0,0
Ann30,942,0,0
Ann30,9506,1,0
Ann30,9568,0,0
Ann30,9641,0,0
Ann30,978,0,0
Ann30,9838,0,0
Ann30,9893,0,0
Ann300,1849,0,0
Ann300,2079,1,0
Ann300,3006,0,0
Ann300,4342,0,0
Ann300,495,0,0
Ann300,5045,1,0
Ann300,531,0,0
Ann300,55,1,0
Ann300,6074,1,0
Ann300,6526,0,0
Ann300,7261,1,0
Ann303,10063,1,0
Ann303,10172,1,0
Ann303,10356,1,1
Ann303,10414,0,0
Ann303,10577,1,0
Ann303,7788,0,0
Ann303,8450,0,0
Ann303,8695,0,0
Ann303,8701,0,0
Ann308,1146,0,0
Ann308,169,0,0
Ann308,1941,0,0
Ann308,198,0,0
Ann308,3029,0,0
Ann308,3215,0,0
Ann308,3306,0,0
Ann308,3560,0,0
Ann308,3753,0,0
Ann308,382,0,0
Ann308,3912,0,0
Ann308,4128,0,0
Ann308,5297,0,0
Ann308,5467,0,0
Ann308,5618,0,0
Ann308,6243,0,0
Ann308,7518,1,0
Ann309,10154,0,0
Ann309,10202,0,0
Ann309,10297,0,0
Ann309,10347,0,0
Ann309,10423,1,1
Ann309,10473,0,0
Ann309,10548,0,0
Ann309,10701,0,0
Ann309,7775,0,0
Ann309,7798,0,1
Ann309,7881,0,0
Ann309,8428,0,0
Ann309,8542,1,1
Ann309,8563,0,0
Ann309,8579,0,0
Ann309,8618,0,0
Ann309,8652,0,0
Ann309,8793,0,0
Ann309,8919,1,0
Ann309,8955,0,0
Ann309,8974,0,0
Ann309,8999,1,0
Ann309,9246,0,0
Ann309,9309,0,0
Ann309,9324,0,0
Ann309,9387,0,1
Ann309,9539,0,0
Ann309,9632,0,1
Ann309,9676,0,0
Ann309,9723,0,0
Ann309,9865,0,0
Ann309,9885,0,1
Ann309,9917,0,1
Ann309,9980,0,0
Ann312,1416,1,0
Ann312,1671,1,0
Ann312,2258,1,0
Ann312,2878,0,0
Ann312,3102,1,0
Ann312,3201,1,0
Ann312,3438,1,0
Ann312,5106,1,0
Ann312,5838,1,0
Ann312,5971,1,1
Ann312,6125,1,0
Ann312,6369,1,0
Ann323,10250,0,0
Ann323,10738,0,0
Ann323,7836,0,0
Ann323,7839,0,0
Ann323,7921,0,0
Ann323,9009,0,0
Ann323,9117,1,1
Ann323,9198,0,0
Ann323,9244,0,0
Ann325,2307,0,0
Ann325,2980,0,0
Ann325,4063,0,0
Ann325,466,0,0
Ann325,539,0,0
Ann325,5655,0,0
Ann325,806,0,0
Ann33,1113,0,0
Ann33,1553,0,0
Ann33,1918,0,0
Ann33,2072,0,1
Ann33,2582,0,0
Ann33,2781,0,0
Ann33,3752,1,0
Ann33,407,0,0
Ann33,4338,0,0
Ann33,5062,1,1
Ann33,5152,0,0
Ann33,5290,0,0
Ann33,5670,0,0
Ann33,6203,1,0
Ann33,6345,0,0
Ann33,7032,1,1
Ann340,1037,1,0
Ann340,1912,1,0
Ann341,3011,0,0
Ann341,3427,0,0
Ann341,461,0,0
Ann341,5767,0,0
Ann342,3547,1,0
Ann342,4163,1,0
Ann342,4318,1,1
Ann342,4386,1,0
Ann342,5227,1,0
Ann342,6742,0,0
Ann342,973,1,0
Ann344,1035,0,0
Ann344,1046,0,1
Ann344,1055,1,1
Ann344,1058,0,0
Ann344,1167,0,0
Ann344,1218,1,1
Ann344,1248,1,0
Ann344,1264,0,0
Ann344,1267,1,1
Ann344,1273,0,0
Ann344,1282,1,1
Ann344,1313,0,1
Ann344,1327,0,0
Ann344,1330,0,0
Ann344,1358,1,1
Ann344,1362,0,0
Ann344,1400,0,0
Ann344,1426,0,0
Ann344,1444,0,0
Ann344,1446,1,1
Ann344,1452,0,0
Ann344,1491,1,1
Ann344,1504,1,0
Ann344,1510,0,0
Ann344,1511,0,0
Ann344,1545,1,0
Ann344,1567,0,0
Ann344,1577,0,0
Ann344,1599,0,1
Ann344,1650,1,1
Ann344,1687,0,0
Ann344,1688,1,1
Ann344,1698,1,1
Ann344,1757,1,1
Ann344,1783,1,0
Ann344,1796,0,0
Ann344,1821,0,0
Ann344,1823,1,0
Ann344,1833,1,0
Ann344,1876,0,0
Ann344,1888,1,0
Ann344,189,0,0
Ann344,1934,1,1
Ann344,1949,1,1
Ann344,1994,0,0
Ann344,1996,0,1
Ann344,2074,0,0
Ann344,208,1,0
Ann344,2097,0,0
Ann344,2101,1,0
Ann344,2104,1,0
Ann344,2138,1,0
Ann344,2148,0,0
Ann344,2164,0,0
Ann344,2207,1,1
Ann344,2213,1,1
Ann344,2221,1,0
Ann344,2260,1,0
Ann344,2326,0,1
Ann344,2333,0,0
Ann344,2339,0,0
Ann344,234,0,1
Ann344,237,1,1
Ann344,2404,1,1
Ann344,245,1,0
Ann344,2457,0,0
Ann344,2481,0,1
Ann344,2496,0,0
Ann344,2515,1,0
Ann344,2523,1,0
Ann344,2540,1,1
Ann344,2546,1,1
Ann344,2570,1,1
Ann344,2577,0,0
Ann344,2591,1,1
Ann344,261,0,0
Ann344,2623,0,0
Ann344,2628,0,0
Ann344,2648,0,1
Ann344,2681,1,0
Ann344,2700,0,0
Ann344,2702,1,1
Ann344,272,1,0
Ann344,2750,0,1
Ann344,2754,1,1
Ann344,2765,1,0
Ann344,279,1,1
Ann344,2826,1,1
Ann344,2841,0,0
Ann344,2845,0,0
Ann344,2890,1,1
Ann344,2902,0,0
Ann344,2929,0,0
Ann344,2978,0,0
Ann344,2986,0,1
Ann344,2998,0,0
Ann344,3018,0,0
Ann344,3047,1,1
Ann344,3066,0,1
Ann344,3074,0,0
Ann344,3090,1,0
Ann344,3104,1,1
Ann344,3109,0,0
Ann344,3130,1,0
Ann344,3131,1,1
Ann344,3153,1,0
Ann344,317,1,1
Ann344,3183,1,0
Ann344,3213,0,0
Ann344,3249,0,0
Ann344,3263,0,0
Ann344,3273,0,1
Ann344,3305,1,1
Ann344,3397,0,1
Ann344,3425,0,1
Ann344,3435,0,0
Ann344,3452,0,0
Ann344,3468,1,1
Ann344,3503,0,0
Ann344,3535,0,1
Ann344,3542,1,1
Ann344,3582,1,0
Ann344,3585,1,1
Ann344,3608,0,1
Ann344,3644,0,0
Ann344,3664,0,0
Ann344,3693,1,0
Ann344,3702,1,0
Ann344,3756,1,1
Ann344,3766,0,0
Ann344,3783,1,0
Ann344,3792,1,0
Ann344,3806,1,1
Ann344,3922,1,1
Ann344,393,0,0
Ann344,3953,1,0
Ann344,3986,0,0
Ann344,3991,0,0
Ann344,4007,0,0
Ann344,4068,0,0
Ann344,4092,0,0
Ann344,410,0,1
Ann344,4124,1,0
Ann344,4149,0,0
Ann344,4200,1,1
Ann344,4249,1,0
Ann344,4275,1,1
Ann344,428,1,1
Ann344,4284,0,1
Ann344,429,0,0
Ann344,4337,1,0
Ann344,4352,0,0
Ann344,4370,0,0
Ann344,4398,1,0
Ann344,4409,0,1
Ann344,447,1,0
Ann344,4479,0,0
Ann344,4484,1,0
Ann344,4495,1,1
Ann344,451,0,0
Ann344,4540,1,0
Ann344,4555,0,0
Ann344,4578,1,1
Ann344,4606,1,1
Ann344,4608,1,0
Ann344,4610,1,0
Ann344,4617,0,0
Ann344,4634,1,1
Ann344,4663,0,0
Ann344,4674,0,0
Ann344,4686,0,0
Ann344,4689,0,0
Ann344,4707,0,0
Ann344,4717,1,0
Ann344,4726,0,0
Ann344,4729,1,1
Ann344,476,1,0
Ann344,4781,1,0
Ann344,4803,0,0
Ann344,4833,1,1
Ann344,489,0,0
Ann344,4939,1,1
Ann344,494,0,0
Ann344,4991,1,0
Ann344,4992,0,0
Ann344,501,1,1
Ann344,5040,0,0
Ann344,5067,1,1
Ann344,511,1,0
Ann344,5117,0,1
Ann344,5127,0,0
Ann344,5138,1,0
Ann344,5153,0,0
Ann344,5170,0,1
Ann344,5186,1,1
Ann344,5250,1,1
Ann344,5253,0,1
Ann344,527,0,0
Ann344,5295,0,0
Ann344,5300,1,0
Ann344,5338,0,0
Ann344,5354,0,0
Ann344,5367,0,0
Ann344,5374,0,0
Ann344,5416,0,1
Ann344,5427,1,0
Ann344,5430,0,0
Ann344,5434,1,1
Ann344,5465,1,0
Ann344,5477,1,1
Ann344,5505,0,0
Ann344,5511,1,0
Ann344,5516,1,1
Ann344,5530,0,0
Ann344,5531,0,0
Ann344,5550,1,1
Ann344,5553,1,1
Ann344,5577,1,0
Ann344,5579,0,0
Ann344,5626,0,0
Ann344,566,0,0
Ann344,5671,1,0
Ann344,5685,1,1
Ann344,5695,1,0
Ann344,5697,0,0
Ann344,5719,0,0
Ann344,5750,1,0
Ann344,5760,0,0
Ann344,5788,1,1
Ann344,579,0,1
Ann344,5812,0,0
Ann344,5831,1,1
Ann344,5844,1,0
Ann344,5857,1,1
Ann344,5858,0,0
Ann344,5871,1,0
Ann344,5899,0,0
Ann344,5912,0,0
Ann344,5941,1,1
Ann344,5949,1,1
Ann344,5976,0,0
Ann344,5996,1,1
Ann344,6003,1,0
Ann344,6009,1,1
Ann344,6017,0,0
Ann344,6032,1,0
Ann344,6054,0,1
Ann344,6061,1,1
Ann344,6100,1,0
Ann344,6163,0,0
Ann344,6169,1,1
Ann344,6235,0,1
Ann344,6241,0,0
Ann344,6264,0,0
Ann344,6266,0,0
Ann344,6313,1,0
Ann344,6326,0,1
Ann344,6345,0,0
Ann344,6359,1,1
Ann344,6391,0,1
Ann344,6396,1,1
Ann344,6414,1,1
Ann344,6445,1,0
Ann344,647,1,1
Ann344,6493,0,0
Ann344,650,1,0
Ann344,6508,0,0
Ann344,6525,0,1
Ann344,6542,1,1
Ann344,6569,1,0
Ann344,657,1,0
Ann344,6599,1,0
Ann344,6602,1,0
Ann344,6615,1,1
Ann344,6645,1,0
Ann344,6700,1,0
Ann344,6747,0,0
Ann344,6756,0,0
Ann344,6807,0,0
Ann344,6832,1,0
Ann344,6860,1,0
Ann344,6865,0,0
Ann344,690,1,1
Ann344,6932,1,1
Ann344,6977,1,1
Ann344,6978,1,0
Ann344,7012,1,0
Ann344,7013,1,0
Ann344,7035,0,0
Ann344,7066,0,0
Ann344,7068,1,1
Ann344,7079,1,0
Ann344,7082,1,1
Ann344,7088,0,0
Ann344,7166,1,0
Ann344,7189,0,1
Ann344,719,0,1
Ann344,7202,1,0
Ann344,7206,1,1
Ann344,7229,1,0
Ann344,7236,0,0
Ann344,7254,1,1
Ann344,7270,1,1
Ann344,7333,1,0
Ann344,7361,1,1
Ann344,7381,0,0
Ann344,739,1,1
Ann344,7408,1,1
Ann344,7445,0,0
Ann344,7450,0,0
Ann344,7459,1,0
Ann344,7465,0,1
Ann344,7514,1,1
Ann344,7524,0,1
Ann344,7556,0,0
Ann344,7580,0,0
Ann344,7582,1,1
Ann344,761,1,0
Ann344,7620,0,0
Ann344,7633,1,0
Ann344,7672,1,1
Ann344,7674,0,0
Ann344,7677,1,1
Ann344,7686,1,0
Ann344,797,1,0
Ann344,830,0,0
Ann344,86,0,0
Ann344,863,1,1
Ann344,903,1,1
Ann344,939,1,0
Ann344,992,0,0
Ann345,0,0,0
Ann345,1004,0,0
Ann345,1039,0,0
Ann345,1082,1,1
Ann345,1104,0,0
Ann345,1164,0,1
Ann345,1297,0,0
Ann345,1303,0,1
Ann345,1369,1,1
Ann345,1407,1,0
Ann345,1696,0,0
Ann345,1825,1,0
Ann345,1834,1,0
Ann345,1977,1,1
Ann345,2262,0,0
Ann345,2323,1,1
Ann345,2337,0,0
Ann345,2376,1,1
Ann345,2380,0,1
Ann345,2381,1,0
Ann345,2519,1,1
Ann345,2583,0,0
Ann345,2632,1,0
Ann345,2695,1,0
Ann345,2699,0,0
Ann345,28,1,1
Ann345,2805,1,0
Ann345,2821,0,0
Ann345,2830,0,0
Ann345,2853,0,0
Ann345,3012,1,1
Ann345,3035,1,0
Ann345,3082,0,0
Ann345,3092,0,0
Ann345,323,1,1
Ann345,3312,0,0
Ann345,3354,0,0
Ann345,3453,0,0
Ann345,3502,0,0
Ann345,3596,0,0
Ann345,3620,1,1
Ann345,3699,1,0
Ann345,3737,0,0
Ann345,3743,0,0
Ann345,3827,1,0
Ann345,3969,1,0
Ann345,4014,1,0
Ann345,412,0,0
Ann345,4185,0,0
Ann345,4359,0,0
Ann345,4444,0,0
Ann345,4624,0,0
Ann345,4635,1,1
Ann345,4688,0,0
Ann345,4768,0,0
Ann345,4824,1,0
Ann345,4913,0,1
Ann345,4934,1,0
Ann345,4956,1,0
Ann345,5184,1,0
Ann345,519,0,0
Ann345,5229,0,0
Ann345,5234,1,0
Ann345,5335,0,0
Ann345,5339,0,0
Ann345,556,0,0
Ann345,5565,0,0
Ann345,5648,0,0
Ann345,5933,0,0
Ann345,5998,0,0
Ann345,6151,0,0
Ann345,6189,1,1
Ann345,6263,0,0
Ann345,6302,1,1
Ann345,6305,0,0
Ann345,6363,0,0
Ann345,6377,0,0
Ann345,6404,0,1
Ann345,6408,0,0
Ann345,6426,1,1
Ann345,6483,0,0
Ann345,6497,0,0
Ann345,6636,1,1
Ann345,6694,1,1
Ann345,6735,1,1
Ann345,6955,1,1
Ann345,698,1,1
Ann345,7065,0,0
Ann345,7111,1,1
Ann345,7169,0,0
Ann345,7185,0,0
Ann345,7525,0,0
Ann345,7588,1,1
Ann345,7606,1,1
Ann345,7609,1,0
Ann345,7665,1,0
Ann345,7673,1,1
Ann345,81,0,0
Ann345,815,0,0
Ann345,917,0,0
Ann345,984,1,0
Ann347,1262,0,0
Ann347,1342,0,0
Ann347,1352,0,0
Ann347,149,0,0
Ann347,1569,0,0
Ann347,1596,0,0
Ann347,2228,1,0
Ann347,2375,0,0
Ann347,240,0,0
Ann347,253,0,1
Ann347,254,0,0
Ann347,258,0,0
Ann347,2815,1,0
Ann347,2848,1,1
Ann347,3564,1,0
Ann347,3672,0,1
Ann347,3849,0,0
Ann347,3925,0,0
Ann347,396,0,0
Ann347,4820,0,0
Ann347,5593,0,0
Ann347,5955,0,0
Ann347,620,0,0
Ann347,6201,0,0
Ann347,6461,0,0
Ann347,6667,0,0
Ann347,6897,0,0
Ann347,7273,0,0
Ann347,7495,0,1
Ann347,964,0,0
Ann351,210,1,0
Ann351,2304,1,1
Ann351,2324,0,0
Ann351,3756,1,0
Ann351,4980,1,0
Ann351,5205,1,1
Ann351,5226,1,0
Ann351,5949,1,1
Ann351,945,0,0
Ann354,180,1,0
Ann354,200,0,0
Ann354,2120,1,0
Ann354,2800,0,1
Ann354,3122,0,0
Ann354,3498,0,0
Ann354,4116,1,0
Ann354,4723,1,0
Ann354,4868,0,0
Ann354,5770,0,0
Ann354,5895,1,0
Ann354,6478,1,0
Ann354,6557,1,1
Ann354,7367,1,0
Ann354,7505,1,0
Ann354,765,1,0
Ann365,1976,1,0
Ann365,3402,1,1
Ann365,5091,1,1
Ann365,5397,0,1
Ann365,5819,1,1
Ann365,701,1,0
Ann365,8349,1,0
Ann365,8488,0,0
Ann365,8595,0,0
Ann365,9596,1,1
Ann365,9607,0,0
Ann369,1015,0,0
Ann369,1035,0,0
Ann369,1095,0,0
Ann369,1140,1,0
Ann369,1148,0,0
Ann369,1158,1,0
Ann369,1160,1,0
Ann369,117,1,0
Ann369,1248,1,0
Ann369,1285,1,0
Ann369,129,0,0
Ann369,1327,0,0
Ann369,1385,0,1
Ann369,1387,0,0
Ann369,1419,1,1
Ann369,1425,1,0
Ann369,1439,0,1
Ann369,1446,1,1
Ann369,1483,0,0
Ann369,1613,0,0
Ann369,162,1,1
Ann369,1687,0,0
Ann369,1698,1,1
Ann369,1751,1,1
Ann369,1801,0,0
Ann369,1823,1,0
Ann369,1836,0,0
Ann369,1841,0,0
Ann369,189,0,0
Ann369,1948,0,0
Ann369,2025,1,0
Ann369,2029,1,0
Ann369,2044,0,0
Ann369,2057,0,0
Ann369,2069,0,1
Ann369,2113,1,0
Ann369,2148,0,0
Ann369,2172,0,0
Ann369,2178,0,0
Ann369,2191,0,0
Ann369,2207,1,0
Ann369,234,0,1
Ann369,2445,0,0
Ann369,245,1,0
Ann369,2455,1,0
Ann369,2459,1,0
Ann369,2481,0,0
Ann369,2496,0,0
Ann369,2514,0,1
Ann369,2547,0,0
Ann369,2556,1,1
Ann369,2567,0,0
Ann369,2570,1,1
Ann369,2591,1,1
Ann369,2608,0,0
Ann369,261,0,0
Ann369,2611,0,0
Ann369,2643,0,0
Ann369,2744,0,1
Ann369,2750,0,1
Ann369,2826,1,1
Ann369,2877,0,0
Ann369,2914,0,0
Ann369,2945,0,0
Ann369,3022,0,0
Ann369,3052,1,0
Ann369,306,0,0
Ann369,3116,0,0
Ann369,3119,1,0
Ann369,3169,0,0
Ann369,3219,1,0
Ann369,324,0,0
Ann369,3274,1,0
Ann369,3289,0,0
Ann369,329,1,0
Ann369,3335,0,0
Ann369,3407,1,1
Ann369,3435,0,0
Ann369,3457,0,0
Ann369,3493,1,1
Ann369,3541,1,1
Ann369,355,1,1
Ann369,3576,1,0
Ann369,3581,0,0
Ann369,3608,0,1
Ann369,3617,1,0
Ann369,371,1,0
Ann369,3778,1,0
Ann369,3839,0,0
Ann369,3904,0,0
Ann369,3920,1,1
Ann369,3953,1,0
Ann369,3986,0,0
Ann369,3995,0,0
Ann369,4024,0,0
Ann369,4073,0,1
Ann369,4092,0,0
Ann369,4149,0,0
Ann369,4193,0,0
Ann369,4197,1,1
Ann369,4249,1,0
Ann369,4296,0,1
Ann369,4352,0,0
Ann369,4370,0,0
Ann369,4374,0,0
Ann369,439,0,0
Ann369,4432,1,1
Ann369,4458,1,0
Ann369,4473,0,0
Ann369,4479,0,0
Ann369,4481,0,0
Ann369,4484,1,0
Ann369,4562,1,0
Ann369,4639,1,0
Ann369,467,1,1
Ann369,4674,0,0
Ann369,4707,0,0
Ann369,4739,0,0
Ann369,4757,1,0
Ann369,4831,0,0
Ann369,4874,1,1
Ann369,4926,1,1
Ann369,494,0,0
Ann369,4946,1,1
Ann369,4982,0,0
Ann369,4991,1,0
Ann369,4999,0,0
Ann369,5002,1,1
Ann369,5010,1,1
Ann369,5102,0,0
Ann369,5117,0,0
Ann369,5153,0,0
Ann369,5199,0,0
Ann369,520,1,1
Ann369,521,0,1
Ann369,5250,1,1
Ann369,529,1,0
Ann369,5300,1,0
Ann369,5334,0,0
Ann369,5370,0,0
Ann369,5381,0,0
Ann369,5464,0,0
Ann369,5516,1,1
Ann369,554,0,0
Ann369,5573,0,1
Ann369,561,1,0
Ann369,5644,1,0
Ann369,5719,0,0
Ann369,5720,0,0
Ann369,5750,1,0
Ann369,5800,0,0
Ann369,5829,0,0
Ann369,5837,0,1
Ann369,5872,1,0
Ann369,588,0,0
Ann369,5901,0,0
Ann369,5906,0,0
Ann369,5977,0,0
Ann369,6007,0,1
Ann369,6055,0,1
Ann369,6163,0,0
Ann369,6167,0,1
Ann369,6213,0,0
Ann369,6261,1,1
Ann369,6326,0,1
Ann369,6353,0,1
Ann369,6367,0,0
Ann369,6371,1,0
Ann369,6431,0,0
Ann369,6516,0,0
Ann369,6580,0,0
Ann369,6633,1,0
Ann369,6699,0,0
Ann369,6714,1,1
Ann369,6807,0,0
Ann369,684,0,0
Ann369,6840,0,1
Ann369,6844,1,0
Ann369,692,1,1
Ann369,6926,0,0
Ann369,6978,1,0
Ann369,7007,0,0
Ann369,7117,0,0
Ann369,7129,0,1
Ann369,7174,0,0
Ann369,719,0,0
Ann369,7254,1,1
Ann369,7342,0,0
Ann369,7413,0,0
Ann369,7421,1,1
Ann369,7506,1,0
Ann369,7641,0,1
Ann369,7674,0,0
Ann369,7693,1,1
Ann369,781,0,0
Ann369,800,0,1
Ann369,832,0,0
Ann369,838,0,0
Ann369,86,0,0
Ann369,910,0,1
Ann369,920,1,1
Ann369,926,0,0
Ann369,936,0,0
Ann369,987,0,0
Ann389,1086,0,0
Ann389,1457,0,0
Ann389,1479,0,0
Ann389,1738,1,0
Ann389,1778,1,0
Ann389,1785,0,0
Ann389,1817,1,1
Ann389,217,0,0
Ann389,3502,0,0
Ann389,4094,0,0
Ann389,546,0,0
Ann389,5642,0,1
Ann389,6022,1,1
Ann389,6087,0,0
Ann389,6107,0,0
Ann389,638,1,0
Ann389,6642,0,0
Ann389,6725,1,0
Ann389,6820,1,0
Ann389,7360,0,0
Ann389,748,0,1
Ann389,7638,1,0
Ann389,815,0,0
Ann389,842,0,0
Ann39,1163,1,0
Ann39,1221,0,0
Ann39,1548,0,0
Ann39,1603,0,0
Ann39,1649,0,0
Ann39,1663,1,0
Ann39,1741,1,1
Ann39,1813,0,1
Ann39,1840,0,0
Ann39,1855,0,0
Ann39,2128,0,0
Ann39,213,0,0
Ann39,2155,0,0
Ann39,2223,0,0
Ann39,2258,1,0
Ann39,2353,1,0
Ann39,2362,0,0
Ann39,25,0,0
Ann39,2771,0,0
Ann39,2983,1,1
Ann39,3284,0,0
Ann39,3351,0,0
Ann39,3433,1,1
Ann39,3579,1,0
Ann39,3640,0,0
Ann39,3761,1,0
Ann39,3902,0,0
Ann39,3972,0,0
Ann39,4114,0,0
Ann39,4157,0,0
Ann39,4334,0,0
Ann39,4343,0,0
Ann39,4383,1,0
Ann39,4515,0,0
Ann39,4522,1,0
Ann39,456,1,0
Ann39,4889,0,0
Ann39,5266,0,0
Ann39,5281,0,0
Ann39,5371,0,0
Ann39,5491,1,0
Ann39,5964,0,0
Ann39,62,0,0
Ann39,6258,1,0
Ann39,628,0,0
Ann39,6298,0,0
Ann39,6369,1,0
Ann39,651,0,0
Ann39,6738,0,0
Ann39,6812,0,0
Ann39,6891,1,0
Ann39,6916,0,1
Ann39,7156,0,0
Ann39,7183,1,0
Ann39,7499,0,0
Ann39,7564,0,0
Ann39,777,0,0
Ann39,932,0,0
Ann39,942,0,0
Ann39,989,0,0
Ann39,99,1,0
Ann398,10002,0,0
Ann398,10187,0,0
Ann398,10231,0,1
Ann398,10509,1,0
Ann398,10656,0,0
Ann398,10697,0,0
Ann398,10711,0,0
Ann398,7707,0,0
Ann398,7738,1,1
Ann398,7744,0,0
Ann398,7870,1,0
Ann398,7886,0,0
Ann398,8050,1,0
Ann398,8138,1,0
Ann398,8282,0,0
Ann398,8870,0,0
Ann398,9161,1,0
Ann398,9188,1,0
Ann398,9341,1,0
Ann398,9449,0,0
Ann398,9495,1,0
Ann398,9529,0,0
Ann398,9578,1,0
Ann398,9846,0,0
Ann398,9967,0,0
Ann408,10,1,0
Ann408,10005,1,1
Ann408,10008,0,1
Ann408,10010,1,1
Ann408,10016,0,0
Ann408,10017,1,1
Ann408,10019,1,1
Ann408,10029,0,0
Ann408,10033,1,1
Ann408,10035,0,0
Ann408,10036,0,0
Ann408,10040,1,0
Ann408,10042,0,0
Ann408,10045,0,0
Ann408,10051,0,0
Ann408,10053,0,0
Ann408,10054,1,1
Ann408,10055,0,0
Ann408,10057,0,0
Ann408,10062,1,1
Ann408,10065,0,0
Ann408,10071,1,0
Ann408,10073,1,0
Ann408,10078,1,0
Ann408,10081,1,0
Ann408,10092,0,0
Ann408,10094,1,0
Ann408,10099,0,0
Ann408,10100,1,1
Ann408,10103,1,1
Ann408,10113,1,0
Ann408,10117,1,0
Ann408,10118,0,0
Ann408,10120,0,0
Ann408,10124,1,1
Ann408,10129,1,0
Ann408,10131,1,0
Ann408,10133,1,1
Ann408,10135,0,0
Ann408,10136,0,0
Ann408,10140,1,1
Ann408,10141,1,1
Ann408,10142,1,1
Ann408,10146,0,0
Ann408,10148,0,0
Ann408,10164,0,0
Ann408,10166,1,1
Ann408,10170,0,0
Ann408,10174,0,0
Ann408,10176,1,0
Ann408,10178,1,0
Ann408,10180,0,1
Ann408,10193,0,0
Ann408,10194,1,1
Ann408,10196,0,0
Ann408,10201,0,0
Ann408,10202,0,0
Ann408,10207,0,0
Ann408,10210,1,0
Ann408,10211,0,0
Ann408,10214,0,0
Ann408,10216,0,0
Ann408,10217,0,0
Ann408,10220,0,0
Ann408,10223,1,1
Ann408,10226,0,0
Ann408,10227,1,1
Ann408,10241,1,1
Ann408,10242,0,0
Ann408,10259,0,0
Ann408,10261,0,0
Ann408,10263,1,0
Ann408,10264,0,0
Ann408,10265,0,0
Ann408,10271,0,0
Ann408,10278,1,0
Ann408,10280,1,1
Ann408,10281,1,1
Ann408,10284,0,0
Ann408,10288,1,0
Ann408,10289,0,1
Ann408,10292,0,0
Ann408,10306,1,1
Ann408,10309,1,1
Ann408,10315,0,0
Ann408,10316,0,0
Ann408,10319,0,0
Ann408,10320,0,1
Ann408,10321,1,0
Ann408,10322,0,0
Ann408,10329,0,0
Ann408,10330,1,1
Ann408,10335,0,0
Ann408,10340,0,0
Ann408,10351,0,0
Ann408,10354,0,0
Ann408,10357,1,1
Ann408,10362,0,0
Ann408,10365,1,0
Ann408,10367,1,0
Ann408,10369,1,1
Ann408,10370,0,0
Ann408,10375,1,1
Ann408,10377,0,0
Ann408,10382,1,0
Ann408,10384,1,1
Ann408,10391,1,0
Ann408,10393,0,0
Ann408,10396,1,0
Ann408,10399,1,0
Ann408,10405,0,0
Ann408,10407,0,1
Ann408,10409,1,0
Ann408,10411,0,0
Ann408,10417,0,0
Ann408,10424,0,0
Ann408,10427,0,0
Ann408,10432,1,1
Ann408,10435,1,1
Ann408,10437,0,0
Ann408,10439,0,0
Ann408,10440,1,0
Ann408,10442,1,0
Ann408,10446,0,0
Ann408,10447,1,1
Ann408,10450,1,1
Ann408,10451,1,0
Ann408,10452,0,0
Ann408,10453,0,0
Ann408,10456,1,1
Ann408,10457,0,0
Ann408,10461,0,0
Ann408,10463,1,0
Ann408,10471,0,0
Ann408,10478,1,1
Ann408,10479,0,0
Ann408,10488,1,1
Ann408,10492,0,0
Ann408,10500,1,1
Ann408,10503,1,0
Ann408,10504,1,1
Ann408,10512,0,0
Ann408,10518,1,1
Ann408,10523,0,1
Ann408,10524,0,1
Ann408,10531,0,0
Ann408,10533,0,0
Ann408,10539,0,0
Ann408,10542,0,0
Ann408,10544,0,0
Ann408,10546,0,0
Ann408,10547,0,0
Ann408,10550,0,1
Ann408,10555,1,0
Ann408,10557,1,0
Ann408,10560,0,0
Ann408,10568,0,1
Ann408,10569,1,1
Ann408,10576,0,0
Ann408,10584,1,0
Ann408,10585,0,0
Ann408,10587,0,0
Ann408,10588,0,1
Ann408,10593,1,1
Ann408,10597,0,0
Ann408,10599,1,1
Ann408,10604,1,1
Ann408,10606,0,0
Ann408,10608,1,1
Ann408,10611,0,0
Ann408,10612,1,1
Ann408,10616,1,0
Ann408,10619,0,0
Ann408,10620,1,0
Ann408,10622,0,0
Ann408,10623,1,1
Ann408,10627,1,0
Ann408,10629,0,0
Ann408,10630,0,1
Ann408,10633,0,0
Ann408,10635,0,1
Ann408,10639,0,0
Ann408,10640,0,0
Ann408,10642,0,0
Ann408,10644,0,0
Ann408,10649,0,1
Ann408,10651,1,0
Ann408,10652,1,0
Ann408,10653,1,1
Ann408,10660,0,0
Ann408,10663,0,0
Ann408,10671,1,0
Ann408,10672,0,0
Ann408,10679,0,0
Ann408,10683,1,0
Ann408,10688,0,0
Ann408,10691,0,0
Ann408,10693,0,0
Ann408,10694,1,0
Ann408,10700,0,0
Ann408,10701,0,0
Ann408,10703,0,0
Ann408,10704,0,0
Ann408,10705,1,1
Ann408,10708,1,0
Ann408,10712,0,0
Ann408,10717,1,0
Ann408,10718,1,0
Ann408,10722,0,0
Ann408,10733,0,0
Ann408,10737,0,0
Ann408,10750,0,0
Ann408,1116,0,1
Ann408,1202,0,0
Ann408,1281,1,1
Ann408,1434,0,0
Ann408,1557,0,0
Ann408,164,1,1
Ann408,1755,1,0
Ann408,176,1,1
Ann408,1786,1,1
Ann408,185,0,0
Ann408,1933,1,1
Ann408,1945,0,0
Ann408,1976,1,0
Ann408,1992,0,0
Ann408,2011,1,0
Ann408,2036,1,1
Ann408,2058,0,0
Ann408,2116,0,0
Ann408,2140,1,0
Ann408,2152,0,0
Ann408,2181,0,0
Ann408,2197,0,1
Ann408,2222,1,0
Ann408,2256,1,1
Ann408,2325,1,1
Ann408,233,0,0
Ann408,2354,0,0
Ann408,2356,1,0
Ann408,2402,0,0
Ann408,2460,0,0
Ann408,2554,1,1
Ann408,2571,0,0
Ann408,2801,1,1
Ann408,2950,0,0
Ann408,2963,0,0
Ann408,2990,0,0
Ann408,3057,1,1
Ann408,3088,0,0
Ann408,3146,0,0
Ann408,3150,0,0
Ann408,316,0,0
Ann408,3230,0,1
Ann408,3240,1,1
Ann408,325,0,0
Ann408,3308,1,1
Ann408,331,1,0
Ann408,3383,0,0
Ann408,3402,1,1
Ann408,3425,0,1
Ann408,3432,0,0
Ann408,3474,1,0
Ann408,3624,1,0
Ann408,3704,0,0
Ann408,3850,0,0
Ann408,3884,0,0
Ann408,3917,1,1
Ann408,404,1,0
Ann408,4104,1,1
Ann408,4130,1,0
Ann408,4177,0,0
Ann408,4305,1,0
Ann408,4310,1,1
Ann408,4363,0,0
Ann408,4369,1,0
Ann408,4391,1,0
Ann408,44,0,0
Ann408,4564,1,0
Ann408,4625,0,0
Ann408,4701,0,0
Ann408,4764,0,0
Ann408,4782,0,0
Ann408,4838,0,0
Ann408,5091,1,0
Ann408,5173,1,1
Ann408,5195,1,1
Ann408,5224,1,1
Ann408,5239,0,0
Ann408,5277,1,0
Ann408,5311,1,1
Ann408,5397,0,0
Ann408,5412,0,0
Ann408,5424,0,0
Ann408,5471,0,0
Ann408,5520,0,0
Ann408,5545,0,1
Ann408,5729,1,0
Ann408,5771,1,1
Ann408,578,0,0
Ann408,5819,1,1
Ann408,5840,1,1
Ann408,5883,0,1
Ann408,5947,1,1
Ann408,6001,0,0
Ann408,6329,0,0
Ann408,6332,0,0
Ann408,6378,0,0
Ann408,6383,0,0
Ann408,6420,0,0
Ann408,6559,0,0
Ann408,6611,1,0
Ann408,668,0,0
Ann408,6689,0,0
Ann408,6715,0,0
Ann408,6730,0,0
Ann408,6759,0,1
Ann408,676,0,0
Ann408,6833,0,0
Ann408,6841,0,0
Ann408,6853,0,0
Ann408,701,1,1
Ann408,7015,0,0
Ann408,7039,1,1
Ann408,704,1,0
Ann408,7060,1,1
Ann408,7131,1,1
Ann408,7142,1,1
Ann408,7324,0,0
Ann408,7395,0,0
Ann408,7572,0,0
Ann408,7616,0,0
Ann408,7617,0,0
Ann408,7668,0,0
Ann408,7712,0,0
Ann408,7713,1,1
Ann408,7715,0,0
Ann408,7723,0,1
Ann408,7729,1,1
Ann408,7734,1,1
Ann408,7735,0,0
Ann408,7747,0,0
Ann408,7750,0,0
Ann408,7753,0,0
Ann408,7754,1,0
Ann408,7756,0,0
Ann408,7761,0,0
Ann408,7763,1,0
Ann408,7764,1,1
Ann408,7765,1,1
Ann408,7766,0,0
Ann408,7776,0,0
Ann408,7782,1,1
Ann408,7785,0,0
Ann408,7786,0,0
Ann408,7789,1,0
Ann408,7790,0,0
Ann408,7791,0,0
Ann408,7793,0,1
Ann408,7795,1,0
Ann408,7798,0,1
Ann408,7811,1,0
Ann408,7812,0,1
Ann408,7813,0,0
Ann408,7815,1,1
Ann408,7818,1,1
Ann408,7820,0,0
Ann408,7821,0,0
Ann408,7822,1,0
Ann408,7823,1,0
Ann408,7829,0,0
Ann408,7830,0,0
Ann408,7835,1,0
Ann408,7838,1,0
Ann408,7841,0,0
Ann408,7842,1,1
Ann408,7843,0,0
Ann408,7847,1,1
Ann408,7852,1,0
Ann408,7853,0,1
Ann408,7859,0,0
Ann408,7860,0,0
Ann408,7863,0,0
Ann408,7873,1,0
Ann408,7879,0,1
Ann408,7882,1,0
Ann408,7883,0,0
Ann408,7888,0,0
Ann408,7889,0,0
Ann408,7891,0,0
Ann408,7894,0,1
Ann408,7896,0,0
Ann408,7898,1,1
Ann408,7899,0,0
Ann408,7901,0,0
Ann408,7903,1,0
Ann408,7904,1,1
Ann408,7905,0,0
Ann408,7909,0,0
Ann408,7911,0,0
Ann408,7912,0,1
Ann408,7914,0,0
Ann408,7926,1,0
Ann408,7933,0,0
Ann408,7939,1,0
Ann408,7946,1,1
Ann408,7948,0,1
Ann408,7951,1,1
Ann408,7955,0,0
Ann408,7961,0,0
Ann408,7969,1,1
Ann408,7973,0,1
Ann408,7976,0,0
Ann408,7983,1,1
Ann408,7984,0,0
Ann408,7985,0,0
Ann408,7988,1,1
Ann408,8000,1,1
Ann408,8002,1,1
Ann408,8004,0,0
Ann408,8009,0,0
Ann408,8011,1,1
Ann408,8020,1,1
Ann408,8021,1,1
Ann408,8026,1,1
Ann408,8028,1,0
Ann408,8030,0,0
Ann408,8031,0,0
Ann408,8033,0,0
Ann408,8034,0,0
Ann408,8036,0,0
Ann408,8038,0,0
Ann408,8043,1,1
Ann408,8049,1,1
Ann408,8058,1,1
Ann408,8059,0,0
Ann408,8063,0,0
Ann408,8066,0,0
Ann408,8072,1,1
Ann408,8076,0,0
Ann408,8078,0,1
Ann408,8081,0,0
Ann408,8082,1,0
Ann408,8084,0,0
Ann408,8091,1,1
Ann408,8094,0,0
Ann408,8096,1,0
Ann408,8108,0,0
Ann408,8113,0,0
Ann408,8115,1,1
Ann408,8117,0,0
Ann408,8128,1,0
Ann408,8140,1,0
Ann408,8146,0,0
Ann408,8148,1,0
Ann408,8150,0,0
Ann408,8154,0,0
Ann408,8156,0,0
Ann408,8157,0,0
Ann408,8162,1,0
Ann408,8164,0,0
Ann408,8166,1,0
Ann408,8170,0,0
Ann408,8171,1,1
Ann408,8177,0,0
Ann408,8183,1,1
Ann408,8184,0,0
Ann408,8185,1,0
Ann408,8193,1,0
Ann408,8199,0,0
Ann408,8200,0,0
Ann408,8201,1,1
Ann408,8202,1,1
Ann408,8203,1,1
Ann408,8206,0,1
Ann408,8210,1,0
Ann408,8214,0,0
Ann408,8215,0,0
Ann408,8216,0,0
Ann408,8217,1,0
Ann408,8218,0,0
Ann408,822,1,1
Ann408,8229,0,0
Ann408,8241,0,0
Ann408,8244,0,0
Ann408,8250,1,1
Ann408,8254,0,0
Ann408,8258,0,1
Ann408,8261,0,0
Ann408,8270,0,0
Ann408,8275,0,0
Ann408,8277,0,0
Ann408,8278,1,0
Ann408,8280,0,0
Ann408,8284,0,0
Ann408,8286,0,0
Ann408,8288,1,0
Ann408,8290,0,0
Ann408,8298,1,1
Ann408,8305,1,0
Ann408,8306,1,1
Ann408,8307,0,0
Ann408,8308,0,1
Ann408,8314,0,0
Ann408,8316,0,0
Ann408,8317,0,0
Ann408,8321,1,1
Ann408,8324,0,0
Ann408,8328,0,0
Ann408,8330,1,1
Ann408,8334,1,1
Ann408,8336,1,1
Ann408,8337,0,0
Ann408,8340,1,0
Ann408,8343,1,0
Ann408,8345,0,0
Ann408,8348,0,0
Ann408,8349,1,0
Ann408,8350,1,0
Ann408,8352,1,0
Ann408,8353,1,1
Ann408,8359,0,1
Ann408,8360,0,0
Ann408,8361,0,0
Ann408,8362,1,1
Ann408,8365,1,0
Ann408,8367,1,1
Ann408,8369,1,1
Ann408,8370,1,0
Ann408,8379,1,0
Ann408,8381,1,1
Ann408,8385,0,0
Ann408,8386,0,0
Ann408,8398,0,0
Ann408,8402,0,0
Ann408,8403,0,1
Ann408,8405,1,0
Ann408,8406,0,0
Ann408,8407,1,1
Ann408,8408,0,0
Ann408,8413,0,0
Ann408,8414,0,1
Ann408,8416,0,0
Ann408,8417,0,0
Ann408,8420,0,0
Ann408,8421,0,0
Ann408,8422,0,0
Ann408,8424,1,0
Ann408,8426,0,0
Ann408,8429,0,0
Ann408,8432,0,0
Ann408,8437,0,0
Ann408,8439,0,1
Ann408,8440,1,None not offensiv
Ann408,8446,1,1
Ann408,8448,1,1
Ann408,8467,1,0
Ann408,8468,0,0
Ann408,8475,0,0
Ann408,8480,1,0
Ann408,8484,0,0
Ann408,8488,0,0
Ann408,8492,1,1
Ann408,8499,0,1
Ann408,8501,0,0
Ann408,8508,1,1
Ann408,8511,1,0
Ann408,8516,0,1
Ann408,8523,0,0
Ann408,8524,0,0
Ann408,8535,1,0
Ann408,8545,1,1
Ann408,8550,0,0
Ann408,8553,1,0
Ann408,8559,0,0
Ann408,8562,0,0
Ann408,8563,0,0
Ann408,8565,1,0
Ann408,8573,0,0
Ann408,8574,0,0
Ann408,8581,0,0
Ann408,8587,0,1
Ann408,8589,0,0
Ann408,8593,0,0
Ann408,8595,0,0
Ann408,8600,0,0
Ann408,8612,0,1
Ann408,8613,0,1
Ann408,8622,0,1
Ann408,8630,1,1
Ann408,8636,0,0
Ann408,8637,1,0
Ann408,8645,1,0
Ann408,8648,0,0
Ann408,8654,1,0
Ann408,8657,0,0
Ann408,8659,1,1
Ann408,8669,0,0
Ann408,8671,1,1
Ann408,8677,1,1
Ann408,8678,0,0
Ann408,8680,1,1
Ann408,8691,0,0
Ann408,8692,0,0
Ann408,8693,1,0
Ann408,8704,0,0
Ann408,8705,0,0
Ann408,8708,1,0
Ann408,8711,0,0
Ann408,8712,0,0
Ann408,8713,1,0
Ann408,8719,0,0
Ann408,8722,1,0
Ann408,8726,1,0
Ann408,8731,1,1
Ann408,8734,1,0
Ann408,8735,0,0
Ann408,8736,0,0
Ann408,8746,0,0
Ann408,8747,1,0
Ann408,8749,1,1
Ann408,8751,0,0
Ann408,8752,0,0
Ann408,8754,0,0
Ann408,8757,1,0
Ann408,8760,1,0
Ann408,8762,0,0
Ann408,8768,1,1
Ann408,8775,0,0
Ann408,8779,1,1
Ann408,8781,1,0
Ann408,8786,0,0
Ann408,8790,1,1
Ann408,8795,0,1
Ann408,8801,0,0
Ann408,8803,0,0
Ann408,8807,0,0
Ann408,8812,0,0
Ann408,8816,0,0
Ann408,8820,0,0
Ann408,8821,1,0
Ann408,8825,1,0
Ann408,883,0,0
Ann408,8830,0,0
Ann408,8831,0,0
Ann408,8836,1,1
Ann408,8840,1,1
Ann408,8843,1,0
Ann408,8846,1,1
Ann408,8847,1,0
Ann408,8849,0,0
Ann408,8850,1,1
Ann408,8851,0,0
Ann408,8853,1,0
Ann408,8855,1,0
Ann408,8859,1,1
Ann408,8865,1,1
Ann408,8873,1,0
Ann408,8878,0,0
Ann408,8880,0,0
Ann408,8881,1,1
Ann408,8883,0,1
Ann408,8885,0,0
Ann408,8887,0,0
Ann408,8888,1,0
Ann408,8891,1,1
Ann408,8893,0,0
Ann408,8896,0,0
Ann408,8899,1,1
Ann408,8900,0,0
Ann408,8901,0,0
Ann408,8905,1,0
Ann408,8906,0,0
Ann408,8907,1,0
Ann408,8908,1,0
Ann408,8910,0,0
Ann408,8911,0,0
Ann408,8914,0,0
Ann408,8919,1,1
Ann408,8920,0,0
Ann408,8925,1,0
Ann408,8932,0,0
Ann408,8939,0,0
Ann408,8942,0,0
Ann408,8949,0,0
Ann408,8955,0,0
Ann408,8960,1,0
Ann408,8970,1,1
Ann408,8971,0,0
Ann408,8972,0,0
Ann408,8977,1,0
Ann408,8979,0,0
Ann408,8982,0,0
Ann408,8983,1,0
Ann408,8986,0,0
Ann408,8989,1,1
Ann408,8990,0,0
Ann408,8991,0,0
Ann408,8992,0,0
Ann408,8995,1,0
Ann408,8999,1,1
Ann408,9006,1,0
Ann408,9007,0,0
Ann408,9012,0,0
Ann408,9020,0,0
Ann408,9022,1,0
Ann408,9030,1,0
Ann408,9031,1,0
Ann408,9037,0,0
Ann408,9042,1,0
Ann408,9046,0,0
Ann408,9053,0,0
Ann408,9057,0,0
Ann408,9059,1,0
Ann408,9066,1,0
Ann408,9067,0,0
Ann408,9074,0,0
Ann408,9081,0,0
Ann408,9093,1,0
Ann408,9094,1,1
Ann408,9099,0,0
Ann408,9100,1,0
Ann408,9103,1,0
Ann408,9104,0,0
Ann408,9106,1,0
Ann408,9107,0,0
Ann408,9111,1,0
Ann408,9113,1,0
Ann408,9118,1,0
Ann408,9120,0,0
Ann408,9123,1,1
Ann408,9124,1,0
Ann408,9131,0,0
Ann408,9138,0,1
Ann408,9142,1,1
Ann408,9144,1,0
Ann408,9146,0,0
Ann408,9148,0,0
Ann408,9154,0,1
Ann408,9168,0,0
Ann408,9171,1,1
Ann408,9173,0,0
Ann408,9177,0,0
Ann408,9179,1,0
Ann408,9182,1,0
Ann408,9190,1,0
Ann408,9192,0,0
Ann408,9193,0,0
Ann408,9197,0,0
Ann408,9200,0,0
Ann408,9201,0,0
Ann408,9206,0,0
Ann408,9213,1,0
Ann408,9220,1,1
Ann408,9222,0,0
Ann408,9223,0,0
Ann408,9232,0,0
Ann408,9238,0,0
Ann408,9240,1,1
Ann408,9241,0,0
Ann408,9245,0,0
Ann408,9247,0,0
Ann408,9249,1,1
Ann408,9262,0,0
Ann408,9265,0,0
Ann408,9275,1,0
Ann408,9276,1,0
Ann408,9283,0,0
Ann408,9288,0,0
Ann408,9291,0,0
Ann408,9292,0,0
Ann408,9293,1,0
Ann408,9294,0,0
Ann408,9296,1,0
Ann408,9298,0,0
Ann408,9306,0,0
Ann408,9310,1,1
Ann408,9311,0,0
Ann408,9314,0,0
Ann408,9320,1,0
Ann408,9323,0,0
Ann408,9330,1,1
Ann408,9333,0,0
Ann408,9335,1,1
Ann408,9336,1,1
Ann408,9337,0,0
Ann408,9342,0,1
Ann408,9347,1,0
Ann408,9349,0,0
Ann408,9352,0,0
Ann408,9356,0,0
Ann408,9357,0,0
Ann408,9360,1,1
Ann408,9363,1,0
Ann408,9364,0,0
Ann408,9367,1,0
Ann408,9373,0,0
Ann408,9375,1,1
Ann408,9376,1,1
Ann408,9381,1,1
Ann408,9384,0,0
Ann408,9395,0,0
Ann408,9400,1,0
Ann408,9401,0,0
Ann408,9406,0,0
Ann408,9409,0,1
Ann408,9410,1,0
Ann408,9413,0,0
Ann408,9414,1,0
Ann408,9417,0,0
Ann408,9426,0,0
Ann408,9427,0,1
Ann408,9428,0,0
Ann408,9430,0,0
Ann408,9438,0,1
Ann408,9447,0,0
Ann408,9448,1,1
Ann408,9450,0,0
Ann408,9457,1,0
Ann408,9458,0,0
Ann408,9462,1,0
Ann408,9467,0,0
Ann408,9468,1,1
Ann408,9475,0,0
Ann408,9476,0,0
Ann408,9478,0,0
Ann408,9480,1,0
Ann408,9482,0,0
Ann408,9485,0,0
Ann408,9497,0,0
Ann408,9499,1,0
Ann408,9504,0,0
Ann408,9509,1,1
Ann408,9513,0,0
Ann408,9515,1,1
Ann408,9528,0,1
Ann408,9539,0,1
Ann408,9540,1,1
Ann408,9551,0,0
Ann408,9554,1,0
Ann408,9557,1,0
Ann408,9565,0,1
Ann408,9571,0,0
Ann408,9573,0,0
Ann408,9577,1,0
Ann408,9582,1,0
Ann408,9584,0,1
Ann408,9593,0,0
Ann408,9596,1,1
Ann408,9602,0,0
Ann408,9603,0,0
Ann408,9605,1,1
Ann408,9607,0,0
Ann408,9608,0,1
Ann408,9609,0,0
Ann408,9617,1,0
Ann408,9618,0,0
Ann408,9621,1,0
Ann408,9629,0,0
Ann408,9631,0,0
Ann408,9633,1,0
Ann408,9636,1,1
Ann408,9637,0,0
Ann408,9638,0,0
Ann408,9639,1,1
Ann408,9646,0,0
Ann408,9648,0,0
Ann408,9649,0,1
Ann408,9652,1,0
Ann408,9656,0,0
Ann408,9657,1,0
Ann408,9659,0,0
Ann408,9660,0,0
Ann408,9663,1,0
Ann408,9665,0,0
Ann408,9666,0,1
Ann408,9668,1,0
Ann408,9675,1,1
Ann408,9678,1,0
Ann408,9680,1,1
Ann408,9681,1,1
Ann408,9688,1,1
Ann408,9690,0,0
Ann408,9691,0,0
Ann408,9695,0,0
Ann408,9701,1,0
Ann408,9703,0,0
Ann408,9707,0,1
Ann408,9708,1,1
Ann408,9715,1,1
Ann408,9727,0,0
Ann408,9729,1,0
Ann408,9731,0,1
Ann408,9736,1,0
Ann408,9739,1,1
Ann408,9740,1,1
Ann408,9742,1,0
Ann408,9747,1,0
Ann408,9750,1,1
Ann408,9760,0,0
Ann408,9761,0,0
Ann408,9762,0,1
Ann408,9765,0,1
Ann408,9767,1,0
Ann408,9769,0,1
Ann408,9770,0,0
Ann408,9773,0,0
Ann408,9774,1,0
Ann408,9775,0,0
Ann408,9778,0,1
Ann408,9786,1,0
Ann408,9787,0,0
Ann408,9789,0,0
Ann408,9797,0,0
Ann408,9799,0,0
Ann408,9801,0,1
Ann408,9805,0,0
Ann408,9808,0,0
Ann408,9812,1,1
Ann408,9821,0,0
Ann408,9823,0,1
Ann408,9824,0,0
Ann408,9841,0,0
Ann408,9844,1,1
Ann408,9848,0,0
Ann408,9852,0,0
Ann408,9854,0,0
Ann408,9857,1,1
Ann408,9858,0,0
Ann408,9862,1,0
Ann408,9866,0,0
Ann408,9868,0,0
Ann408,9873,1,0
Ann408,9874,0,0
Ann408,9875,1,1
Ann408,9876,0,0
Ann408,9883,1,0
Ann408,9884,0,0
Ann408,9888,0,0
Ann408,9889,1,1
Ann408,9896,0,0
Ann408,9904,0,0
Ann408,9905,1,1
Ann408,9908,0,0
Ann408,9910,1,1
Ann408,9914,0,0
Ann408,9915,0,0
Ann408,9919,1,0
Ann408,9922,0,0
Ann408,9930,0,0
Ann408,9932,1,0
Ann408,9934,0,0
Ann408,9935,0,1
Ann408,9936,0,0
Ann408,9937,1,1
Ann408,9946,1,1
Ann408,9953,0,0
Ann408,9958,0,1
Ann408,9959,1,1
Ann408,9963,1,0
Ann408,9965,1,0
Ann408,9969,0,0
Ann408,9971,0,0
Ann408,9978,0,0
Ann408,9980,0,0
Ann408,9986,1,0
Ann408,9990,1,1
Ann408,9996,0,0
Ann408,9997,1,0
Ann408,9999,0,0
Ann411,1182,1,0
Ann411,1851,0,0
Ann411,2212,1,1
Ann411,2298,0,0
Ann411,2400,0,0
Ann411,2565,0,0
Ann411,263,0,0
Ann411,2816,0,0
Ann411,2862,0,0
Ann411,3105,0,0
Ann411,3359,0,0
Ann411,3768,0,1
Ann411,4499,1,0
Ann411,4657,0,0
Ann411,4665,0,0
Ann411,4735,0,0
Ann411,5112,0,0
Ann411,568,0,0
Ann411,5879,0,0
Ann411,6201,0,0
Ann411,6284,0,1
Ann411,6365,0,0
Ann411,6435,1,0
Ann411,6484,1,0
Ann411,6717,1,1
Ann411,7154,0,0
Ann411,7404,0,0
Ann411,7424,0,0
Ann411,7548,0,0
Ann411,935,0,0
Ann411,958,0,0
Ann415,1048,0,0
Ann415,1219,0,0
Ann415,1236,0,0
Ann415,1261,0,0
Ann415,1365,0,0
Ann415,140,0,0
Ann415,1471,0,0
Ann415,1572,1,1
Ann415,1608,0,0
Ann415,1664,0,0
Ann415,1689,0,0
Ann415,1721,0,1
Ann415,175,1,0
Ann415,1815,0,0
Ann415,1868,0,0
Ann415,1903,0,0
Ann415,1938,0,0
Ann415,1956,0,0
Ann415,1984,0,0
Ann415,200,0,0
Ann415,2012,0,0
Ann415,2084,0,1
Ann415,2087,0,0
Ann415,2108,0,0
Ann415,2120,1,0
Ann415,2270,0,0
Ann415,23,0,0
Ann415,2530,1,0
Ann415,2593,0,0
Ann415,2595,0,0
Ann415,2636,0,0
Ann415,2682,0,0
Ann415,2793,1,0
Ann415,2818,1,1
Ann415,283,0,0
Ann415,2863,1,0
Ann415,2865,0,1
Ann415,2952,0,0
Ann415,3014,0,0
Ann415,3069,0,0
Ann415,3078,1,0
Ann415,3234,0,0
Ann415,3235,0,1
Ann415,328,0,0
Ann415,330,0,0
Ann415,342,1,0
Ann415,3442,1,1
Ann415,3456,0,0
Ann415,3481,0,0
Ann415,3530,0,0
Ann415,3546,0,0
Ann415,3612,1,0
Ann415,3646,0,0
Ann415,3683,0,1
Ann415,3685,1,1
Ann415,3690,1,1
Ann415,3723,1,0
Ann415,3724,0,0
Ann415,3748,0,0
Ann415,376,1,1
Ann415,3854,0,0
Ann415,3870,0,0
Ann415,3892,0,0
Ann415,3926,0,0
Ann415,3956,0,0
Ann415,3965,1,0
Ann415,397,0,0
Ann415,4016,0,0
Ann415,406,1,0
Ann415,4116,1,0
Ann415,4135,0,0
Ann415,4138,1,0
Ann415,4205,0,0
Ann415,426,0,0
Ann415,4285,1,0
Ann415,4299,0,0
Ann415,43,0,0
Ann415,4313,0,1
Ann415,4322,1,0
Ann415,4407,1,0
Ann415,4408,0,0
Ann415,4431,0,0
Ann415,4434,0,0
Ann415,4614,1,0
Ann415,4628,1,0
Ann415,4652,0,0
Ann415,4660,0,1
Ann415,4709,0,1
Ann415,4723,1,0
Ann415,4728,0,0
Ann415,4753,0,0
Ann415,4763,1,0
Ann415,4847,1,1
Ann415,5233,0,0
Ann415,5284,0,0
Ann415,5326,0,0
Ann415,5332,0,0
Ann415,542,0,0
Ann415,5438,1,1
Ann415,546,0,0
Ann415,5535,1,0
Ann415,5662,0,1
Ann415,5666,0,0
Ann415,567,0,0
Ann415,5769,1,0
Ann415,5773,0,0
Ann415,5855,0,0
Ann415,5882,0,0
Ann415,5895,1,0
Ann415,5925,0,0
Ann415,5926,0,0
Ann415,5983,0,0
Ann415,6010,0,0
Ann415,6058,0,0
Ann415,6184,0,0
Ann415,6285,0,0
Ann415,635,0,0
Ann415,6384,0,0
Ann415,6406,1,0
Ann415,6456,1,1
Ann415,6476,1,0
Ann415,6478,1,0
Ann415,6557,1,0
Ann415,6811,0,0
Ann415,6837,0,0
Ann415,6898,0,0
Ann415,69,0,0
Ann415,6910,0,0
Ann415,70,0,0
Ann415,7006,0,0
Ann415,7078,0,0
Ann415,7108,0,0
Ann415,7136,1,0
Ann415,7153,1,1
Ann415,7225,1,0
Ann415,7227,0,0
Ann415,7274,1,0
Ann415,7392,0,0
Ann415,7402,0,0
Ann415,754,1,1
Ann415,7563,0,0
Ann415,7590,1,0
Ann415,7593,0,0
Ann415,765,1,1
Ann415,7694,0,0
Ann415,786,0,0
Ann415,873,0,0
Ann415,879,0,0
Ann415,886,0,0
Ann415,995,0,1
Ann425,1114,0,0
Ann425,113,1,0
Ann425,1188,1,0
Ann425,1189,0,0
Ann425,1207,0,0
Ann425,1231,1,0
Ann425,1236,0,0
Ann425,1253,0,0
Ann425,1268,1,1
Ann425,13,1,0
Ann425,1310,0,0
Ann425,1343,1,1
Ann425,1369,1,1
Ann425,139,1,0
Ann425,1459,1,1
Ann425,1462,0,0
Ann425,1498,0,0
Ann425,1500,1,0
Ann425,1514,0,0
Ann425,1551,0,0
Ann425,1560,0,0
Ann425,1604,1,0
Ann425,1608,0,1
Ann425,165,0,1
Ann425,1705,0,0
Ann425,1718,0,0
Ann425,1791,0,0
Ann425,1846,0,0
Ann425,1854,0,1
Ann425,1861,0,1
Ann425,1877,0,0
Ann425,1880,1,0
Ann425,1889,1,1
Ann425,1896,0,0
Ann425,1928,1,1
Ann425,1935,1,0
Ann425,2,1,0
Ann425,2012,0,1
Ann425,2055,1,0
Ann425,2084,0,0
Ann425,2087,0,0
Ann425,2094,1,0
Ann425,211,1,0
Ann425,2153,1,0
Ann425,2188,1,0
Ann425,2201,0,0
Ann425,2251,0,1
Ann425,2270,0,0
Ann425,2337,0,0
Ann425,2346,0,0
Ann425,2468,0,1
Ann425,2517,1,1
Ann425,2568,0,0
Ann425,2598,1,1
Ann425,2617,0,1
Ann425,2626,0,0
Ann425,2635,1,0
Ann425,265,1,1
Ann425,2753,1,0
Ann425,2763,1,1
Ann425,2805,1,0
Ann425,284,0,0
Ann425,2846,1,1
Ann425,2881,1,0
Ann425,2888,1,1
Ann425,2988,0,0
Ann425,3000,0,1
Ann425,3069,0,0
Ann425,3086,0,0
Ann425,3129,0,0
Ann425,3148,1,1
Ann425,3164,0,0
Ann425,3191,0,0
Ann425,3220,0,0
Ann425,3291,1,0
Ann425,3293,0,0
Ann425,3320,0,0
Ann425,3329,0,0
Ann425,3332,0,0
Ann425,334,0,0
Ann425,3367,1,1
Ann425,3386,1,0
Ann425,3394,1,1
Ann425,3416,0,0
Ann425,3442,1,1
Ann425,345,0,0
Ann425,3460,1,0
Ann425,3477,0,0
Ann425,3480,0,0
Ann425,3578,0,1
Ann425,3591,0,0
Ann425,3618,0,0
Ann425,3645,1,1
Ann425,3651,1,1
Ann425,3688,1,0
Ann425,3707,1,1
Ann425,3723,1,0
Ann425,3934,0,0
Ann425,3941,1,0
Ann425,3966,1,1
Ann425,3969,1,0
Ann425,397,0,0
Ann425,4087,1,1
Ann425,4096,0,0
Ann425,4121,1,1
Ann425,4134,0,0
Ann425,4164,1,0
Ann425,4316,1,1
Ann425,4348,1,0
Ann425,4389,0,0
Ann425,4423,1,0
Ann425,4425,1,1
Ann425,4430,1,0
Ann425,4450,0,1
Ann425,4455,0,0
Ann425,4457,0,1
Ann425,4585,0,0
Ann425,4611,1,1
Ann425,4666,1,1
Ann425,4691,0,0
Ann425,4728,0,0
Ann425,4736,1,1
Ann425,4788,0,1
Ann425,4812,1,0
Ann425,4814,1,0
Ann425,4913,0,1
Ann425,492,1,1
Ann425,4934,1,1
Ann425,4938,1,0
Ann425,4942,1,1
Ann425,500,0,0
Ann425,5006,0,0
Ann425,504,1,1
Ann425,5083,1,1
Ann425,5088,1,1
Ann425,5108,1,1
Ann425,5143,0,0
Ann425,5158,0,1
Ann425,5159,0,0
Ann425,522,1,1
Ann425,5225,1,0
Ann425,5269,1,1
Ann425,5328,1,1
Ann425,5363,1,1
Ann425,5387,0,0
Ann425,5466,0,0
Ann425,5483,1,1
Ann425,5508,0,0
Ann425,5510,1,1
Ann425,557,1,1
Ann425,5575,1,0
Ann425,5614,0,0
Ann425,5648,0,0
Ann425,5662,0,1
Ann425,567,0,1
Ann425,5683,1,0
Ann425,5706,1,1
Ann425,5730,1,0
Ann425,5930,1,0
Ann425,5934,1,0
Ann425,6011,0,0
Ann425,6016,0,0
Ann425,6021,1,1
Ann425,605,1,1
Ann425,6192,1,0
Ann425,6193,1,1
Ann425,6263,0,0
Ann425,6270,1,1
Ann425,6292,1,0
Ann425,6323,1,1
Ann425,6361,0,0
Ann425,6408,0,1
Ann425,6413,1,1
Ann425,6458,1,1
Ann425,648,0,0
Ann425,6482,1,1
Ann425,65,1,0
Ann425,6512,0,0
Ann425,6538,1,1
Ann425,66,0,0
Ann425,6613,1,0
Ann425,6621,0,0
Ann425,6683,0,0
Ann425,6741,0,1
Ann425,6824,0,1
Ann425,6857,0,1
Ann425,6924,1,1
Ann425,6938,0,0
Ann425,6951,1,0
Ann425,6956,0,1
Ann425,6967,1,1
Ann425,70,0,0
Ann425,7008,1,0
Ann425,702,0,0
Ann425,7061,0,0
Ann425,7083,0,1
Ann425,7150,1,0
Ann425,7195,1,0
Ann425,7240,0,1
Ann425,728,0,0
Ann425,7310,0,0
Ann425,7376,0,0
Ann425,7398,0,0
Ann425,7473,1,1
Ann425,7583,0,0
Ann425,7604,0,0
Ann425,7606,1,1
Ann425,7636,1,1
Ann425,7637,1,0
Ann425,7645,1,1
Ann425,7664,1,0
Ann425,7678,0,0
Ann425,7683,1,0
Ann425,7688,0,1
Ann425,811,1,1
Ann425,820,0,0
Ann425,845,1,0
Ann425,853,1,0
Ann425,896,1,1
Ann425,913,0,0
Ann425,914,0,0
Ann425,953,0,0
Ann425,989,0,0
Ann429,10352,1,0
Ann429,10549,0,0
Ann429,7726,1,0
Ann429,8491,1,0
Ann429,8978,1,0
Ann429,9558,1,1
Ann429,9580,1,0
Ann429,9987,0,0
Ann431,10186,0,0
Ann431,10506,0,0
Ann431,1183,1,0
Ann431,1344,0,0
Ann431,137,0,0
Ann431,4955,0,0
Ann431,7917,0,0
Ann431,8531,1,0
Ann434,1389,1,0
Ann434,1452,0,0
Ann434,1797,0,0
Ann434,2067,1,0
Ann434,2130,1,0
Ann434,216,1,0
Ann434,266,1,0
Ann434,3193,1,0
Ann434,3648,1,0
Ann434,4420,0,0
Ann434,4919,1,0
Ann434,5129,1,1
Ann434,5148,1,1
Ann434,571,1,0
Ann434,6653,0,0
Ann434,6950,1,0
Ann434,7149,1,0
Ann434,7188,1,0
Ann434,739,1,0
Ann434,7578,0,0
Ann434,7656,1,1
Ann44,1556,0,0
Ann44,2121,0,0
Ann44,2699,0,0
Ann44,3814,1,0
Ann44,4159,0,1
Ann44,5131,1,1
Ann44,5161,1,0
Ann44,5442,1,1
Ann447,1001,0,1
Ann447,1017,0,0
Ann447,1027,0,0
Ann447,1050,1,1
Ann447,1054,0,0
Ann447,1582,0,0
Ann447,1692,0,0
Ann447,1750,0,0
Ann447,1930,0,0
Ann447,194,0,0
Ann447,2066,0,0
Ann447,213,0,0
Ann447,2183,0,0
Ann447,2205,0,0
Ann447,2241,0,0
Ann447,2246,0,0
Ann447,2302,0,0
Ann447,243,0,0
Ann447,2557,0,0
Ann447,2558,0,0
Ann447,2701,0,0
Ann447,2709,0,0
Ann447,2757,0,0
Ann447,2940,0,0
Ann447,3142,0,0
Ann447,3304,0,0
Ann447,3376,0,0
Ann447,3398,0,0
Ann447,3489,0,0
Ann447,3509,0,0
Ann447,3528,0,0
Ann447,3634,0,0
Ann447,3677,0,0
Ann447,3777,0,0
Ann447,3885,0,0
Ann447,3962,0,0
Ann447,4107,0,0
Ann447,4151,0,0
Ann447,4178,0,0
Ann447,4241,0,0
Ann447,4255,0,0
Ann447,4309,0,0
Ann447,4505,0,0
Ann447,452,0,0
Ann447,4549,0,0
Ann447,4646,0,0
Ann447,4873,0,0
Ann447,4898,0,0
Ann447,4945,0,0
Ann447,5051,0,0
Ann447,5061,0,0
Ann447,5343,0,0
Ann447,5365,0,0
Ann447,5372,0,0
Ann447,5499,0,0
Ann447,5502,0,0
Ann447,5583,0,0
Ann447,5752,0,0
Ann447,5758,0,0
Ann447,5904,0,0
Ann447,604,0,0
Ann447,6059,0,0
Ann447,6079,0,0
Ann447,6126,0,0
Ann447,6135,0,0
Ann447,6147,0,0
Ann447,6260,0,0
Ann447,6543,0,0
Ann447,6582,0,0
Ann447,6594,0,0
Ann447,6736,0,0
Ann447,6825,0,0
Ann447,6826,0,0
Ann447,7154,0,0
Ann447,7222,0,0
Ann447,7288,1,0
Ann447,74,0,0
Ann447,7469,0,0
Ann447,92,0,0
Ann447,999,1,0
Ann448,10003,0,0
Ann448,10009,1,0
Ann448,10019,1,1
Ann448,10020,1,0
Ann448,10024,0,0
Ann448,10044,1,0
Ann448,10046,0,0
Ann448,10053,0,0
Ann448,10058,1,0
Ann448,10064,1,1
Ann448,10066,0,0
Ann448,10068,1,0
Ann448,10070,1,1
Ann448,10074,1,0
Ann448,10077,0,0
Ann448,10081,1,0
Ann448,10084,0,0
Ann448,10086,0,0
Ann448,10090,0,0
Ann448,10093,0,0
Ann448,10096,0,1
Ann448,10101,0,0
Ann448,10106,1,0
Ann448,10107,1,0
Ann448,10108,0,0
Ann448,10112,0,0
Ann448,10114,1,0
Ann448,10119,1,1
Ann448,10122,1,0
Ann448,10124,1,1
Ann448,10125,0,0
Ann448,10132,1,1
Ann448,10134,1,0
Ann448,10136,0,0
Ann448,10137,0,0
Ann448,10139,0,0
Ann448,10144,1,0
Ann448,10149,0,0
Ann448,10150,0,1
Ann448,10151,1,0
Ann448,10161,1,1
Ann448,10163,0,0
Ann448,10176,1,0
Ann448,10190,0,0
Ann448,10192,0,0
Ann448,10195,0,0
Ann448,10197,0,0
Ann448,10198,0,1
Ann448,10199,0,0
Ann448,10203,0,0
Ann448,10205,0,0
Ann448,10213,0,0
Ann448,10214,0,0
Ann448,10223,1,0
Ann448,10229,1,1
Ann448,10231,0,0
Ann448,10236,0,0
Ann448,10237,0,0
Ann448,10240,0,0
Ann448,10242,0,0
Ann448,10246,0,0
Ann448,10248,1,1
Ann448,10255,0,0
Ann448,10258,0,0
Ann448,10262,1,0
Ann448,10266,1,0
Ann448,10270,0,0
Ann448,10271,0,0
Ann448,10272,0,0
Ann448,10276,0,0
Ann448,10282,0,0
Ann448,10285,0,0
Ann448,10296,1,1
Ann448,10301,1,1
Ann448,10304,0,0
Ann448,10306,1,0
Ann448,10307,1,0
Ann448,10311,1,0
Ann448,10312,0,1
Ann448,10314,0,0
Ann448,10326,0,0
Ann448,10327,1,1
Ann448,10328,1,0
Ann448,10333,0,0
Ann448,10334,0,0
Ann448,10338,0,0
Ann448,10341,1,0
Ann448,10343,0,0
Ann448,10348,0,0
Ann448,10350,1,1
Ann448,10359,1,1
Ann448,10366,1,0
Ann448,10368,1,0
Ann448,10372,1,0
Ann448,10382,1,0
Ann448,10384,1,1
Ann448,10386,1,1
Ann448,10388,0,0
Ann448,10391,1,0
Ann448,10392,1,1
Ann448,10394,0,0
Ann448,10397,0,0
Ann448,10402,0,0
Ann448,10403,1,1
Ann448,10407,0,0
Ann448,10420,0,0
Ann448,10425,0,0
Ann448,10430,1,1
Ann448,10431,1,1
Ann448,10432,1,1
Ann448,10433,0,0
Ann448,10444,1,0
Ann448,10460,1,0
Ann448,10462,0,0
Ann448,10469,0,0
Ann448,10474,0,0
Ann448,10481,1,1
Ann448,10482,0,0
Ann448,10486,1,0
Ann448,10491,1,1
Ann448,10494,0,0
Ann448,10496,1,0
Ann448,10502,1,0
Ann448,10504,1,1
Ann448,10508,0,0
Ann448,10509,1,0
Ann448,10510,0,0
Ann448,10511,0,0
Ann448,10513,0,0
Ann448,10514,0,0
Ann448,10515,0,0
Ann448,10516,1,0
Ann448,10519,0,0
Ann448,10523,0,1
Ann448,10537,0,0
Ann448,10540,1,1
Ann448,10541,0,1
Ann448,10551,0,0
Ann448,10561,1,1
Ann448,10564,0,0
Ann448,10565,1,0
Ann448,10568,0,0
Ann448,10574,1,0
Ann448,10580,0,0
Ann448,10586,1,0
Ann448,10589,0,0
Ann448,10598,0,0
Ann448,10600,0,1
Ann448,10605,1,0
Ann448,10607,1,0
Ann448,10610,1,0
Ann448,10613,0,0
Ann448,10614,1,1
Ann448,10622,0,0
Ann448,10623,1,0
Ann448,10624,1,0
Ann448,1063,0,0
Ann448,10631,0,0
Ann448,10634,1,1
Ann448,10635,0,0
Ann448,10651,1,0
Ann448,10653,1,1
Ann448,10655,1,1
Ann448,10657,1,0
Ann448,10663,0,0
Ann448,10664,1,0
Ann448,10666,0,0
Ann448,10667,1,0
Ann448,10675,1,1
Ann448,10676,1,1
Ann448,10677,0,1
Ann448,10682,1,1
Ann448,10692,0,0
Ann448,10697,0,0
Ann448,10699,0,0
Ann448,10705,1,1
Ann448,10709,0,0
Ann448,10712,0,0
Ann448,10715,1,1
Ann448,10720,1,1
Ann448,10722,0,0
Ann448,10730,0,0
Ann448,10736,1,1
Ann448,10740,1,0
Ann448,1162,1,1
Ann448,1180,0,0
Ann448,1281,1,1
Ann448,1393,0,0
Ann448,1448,1,1
Ann448,1461,0,0
Ann448,1517,0,0
Ann448,1541,1,0
Ann448,1614,1,0
Ann448,1758,1,1
Ann448,179,1,0
Ann448,1933,1,1
Ann448,1952,1,1
Ann448,1953,0,0
Ann448,1983,1,0
Ann448,1997,0,0
Ann448,20,1,0
Ann448,2036,1,1
Ann448,2058,0,0
Ann448,2256,1,1
Ann448,2325,1,1
Ann448,2341,1,1
Ann448,2367,0,1
Ann448,2460,0,0
Ann448,2469,0,1
Ann448,2510,1,1
Ann448,2525,1,0
Ann448,2531,1,0
Ann448,2585,0,0
Ann448,2610,0,0
Ann448,2618,1,1
Ann448,2652,1,1
Ann448,2666,1,0
Ann448,2729,1,1
Ann448,2761,1,1
Ann448,2851,0,0
Ann448,2858,1,1
Ann448,2939,1,1
Ann448,2963,0,0
Ann448,3043,1,1
Ann448,3060,1,1
Ann448,3077,0,0
Ann448,3111,1,0
Ann448,3139,1,1
Ann448,3232,1,1
Ann448,3356,0,0
Ann448,336,0,0
Ann448,3504,1,0
Ann448,3510,1,0
Ann448,3527,0,1
Ann448,3539,1,0
Ann448,354,0,0
Ann448,357,0,0
Ann448,359,1,1
Ann448,3595,1,1
Ann448,3708,0,0
Ann448,3713,1,0
Ann448,3716,1,0
Ann448,3832,0,0
Ann448,3855,0,0
Ann448,3856,1,0
Ann448,3869,1,0
Ann448,387,0,0
Ann448,3876,0,0
Ann448,3897,1,0
Ann448,4192,0,0
Ann448,4212,0,0
Ann448,4234,0,0
Ann448,4254,1,1
Ann448,4295,1,1
Ann448,4363,0,0
Ann448,4391,1,0
Ann448,4520,1,0
Ann448,4621,0,0
Ann448,4655,0,0
Ann448,4677,1,0
Ann448,4755,1,0
Ann448,4776,0,0
Ann448,4789,1,0
Ann448,4837,0,0
Ann448,4841,0,0
Ann448,4857,1,0
Ann448,4882,1,0
Ann448,4952,1,1
Ann448,4989,0,0
Ann448,5011,0,0
Ann448,5028,1,0
Ann448,5030,1,1
Ann448,5141,1,1
Ann448,5244,0,0
Ann448,5330,1,1
Ann448,5419,0,0
Ann448,5444,1,0
Ann448,5602,1,0
Ann448,5612,1,1
Ann448,5707,0,0
Ann448,5721,0,0
Ann448,5741,0,0
Ann448,5791,1,0
Ann448,5929,0,0
Ann448,5968,0,0
Ann448,6001,0,0
Ann448,6134,1,1
Ann448,6210,0,1
Ann448,6267,1,0
Ann448,6278,1,1
Ann448,6419,0,0
Ann448,6517,0,0
Ann448,6611,1,0
Ann448,6631,1,0
Ann448,6664,0,0
Ann448,6678,1,0
Ann448,6680,0,0
Ann448,6715,0,0
Ann448,672,1,0
Ann448,6739,1,0
Ann448,6759,0,1
Ann448,6797,1,0
Ann448,6799,1,0
Ann448,6831,0,0
Ann448,6833,0,0
Ann448,6965,1,1
Ann448,6986,0,0
Ann448,7039,1,1
Ann448,7181,1,0
Ann448,7276,0,0
Ann448,7305,0,0
Ann448,7324,0,0
Ann448,7328,0,0
Ann448,7357,1,1
Ann448,7395,0,0
Ann448,7431,1,0
Ann448,7485,0,0
Ann448,7487,0,0
Ann448,749,1,1
Ann448,7515,0,0
Ann448,752,1,0
Ann448,7573,0,0
Ann448,7586,0,0
Ann448,7684,1,0
Ann448,7697,0,0
Ann448,7700,1,0
Ann448,7701,1,1
Ann448,7706,1,0
Ann448,7709,1,0
Ann448,7711,1,1
Ann448,7716,0,0
Ann448,7717,0,0
Ann448,7718,1,1
Ann448,7720,1,0
Ann448,7728,0,0
Ann448,7738,1,1
Ann448,7745,0,0
Ann448,7746,0,0
Ann448,7748,0,0
Ann448,7749,0,0
Ann448,7751,0,0
Ann448,7754,1,1
Ann448,7765,1,1
Ann448,7776,0,0
Ann448,7777,0,0
Ann448,7778,0,0
Ann448,7802,0,0
Ann448,7803,0,0
Ann448,7811,1,0
Ann448,7815,1,1
Ann448,7819,0,0
Ann448,7834,0,0
Ann448,7844,1,0
Ann448,7845,0,0
Ann448,7846,0,0
Ann448,7848,1,0
Ann448,7851,0,0
Ann448,7853,0,0
Ann448,7855,0,1
Ann448,7860,0,0
Ann448,7861,1,1
Ann448,7870,1,0
Ann448,7873,1,0
Ann448,7878,0,0
Ann448,7879,0,1
Ann448,7880,1,1
Ann448,7886,0,1
Ann448,7894,0,0
Ann448,7901,0,0
Ann448,7902,1,0
Ann448,7907,0,0
Ann448,7908,0,0
Ann448,791,0,0
Ann448,7910,1,0
Ann448,7911,0,0
Ann448,7914,0,0
Ann448,7918,0,0
Ann448,7919,0,0
Ann448,7922,0,1
Ann448,7927,0,0
Ann448,7930,1,0
Ann448,7932,1,0
Ann448,7933,0,0
Ann448,7935,0,0
Ann448,7936,1,0
Ann448,7939,1,0
Ann448,7943,0,0
Ann448,7953,0,0
Ann448,7954,0,0
Ann448,7958,1,1
Ann448,7960,0,1
Ann448,7963,0,0
Ann448,7965,0,0
Ann448,7968,1,0
Ann448,7970,0,0
Ann448,7976,0,0
Ann448,7979,1,0
Ann448,7981,1,0
Ann448,7982,1,0
Ann448,7983,1,1
Ann448,7984,0,0
Ann448,7985,0,0
Ann448,7988,1,1
Ann448,7993,0,0
Ann448,7995,1,0
Ann448,7999,1,0
Ann448,8006,1,1
Ann448,8011,1,1
Ann448,8019,0,1
Ann448,8022,0,0
Ann448,8024,1,0
Ann448,8027,0,0
Ann448,8029,0,0
Ann448,8035,0,0
Ann448,8039,1,0
Ann448,8040,1,0
Ann448,8047,0,0
Ann448,8048,0,0
Ann448,8050,1,0
Ann448,8052,0,0
Ann448,8054,1,1
Ann448,8062,1,0
Ann448,8075,0,0
Ann448,8079,0,0
Ann448,8091,1,1
Ann448,8098,1,0
Ann448,8101,0,0
Ann448,8105,0,0
Ann448,8109,1,0
Ann448,8110,1,0
Ann448,8114,0,0
Ann448,8115,1,1
Ann448,8118,0,0
Ann448,8120,0,0
Ann448,8121,1,1
Ann448,8122,0,0
Ann448,8127,1,0
Ann448,8130,1,1
Ann448,8132,0,0
Ann448,8135,0,1
Ann448,8136,0,0
Ann448,8137,1,1
Ann448,8138,1,1
Ann448,8142,0,0
Ann448,8148,1,0
Ann448,8149,0,0
Ann448,8152,0,0
Ann448,8155,0,0
Ann448,8159,0,0
Ann448,816,0,0
Ann448,8164,0,0
Ann448,8165,0,0
Ann448,8180,1,0
Ann448,8188,1,1
Ann448,8192,1,0
Ann448,8211,1,1
Ann448,8212,0,0
Ann448,8221,0,0
Ann448,8224,0,0
Ann448,8225,0,1
Ann448,8229,0,0
Ann448,8239,1,1
Ann448,8247,0,0
Ann448,8249,0,0
Ann448,8250,1,0
Ann448,8252,1,1
Ann448,8257,1,0
Ann448,8261,0,0
Ann448,8266,1,0
Ann448,8268,1,1
Ann448,8271,0,0
Ann448,8272,0,0
Ann448,8273,1,1
Ann448,8282,0,0
Ann448,8292,0,0
Ann448,8299,1,0
Ann448,8309,1,1
Ann448,8313,1,1
Ann448,8319,0,0
Ann448,8326,0,0
Ann448,8327,0,0
Ann448,8329,0,0
Ann448,8331,1,1
Ann448,8335,1,1
Ann448,8336,1,1
Ann448,8338,1,1
Ann448,8343,1,1
Ann448,8344,0,0
Ann448,8347,1,1
Ann448,8350,1,0
Ann448,8355,0,0
Ann448,8365,1,0
Ann448,8371,0,1
Ann448,8376,1,1
Ann448,8384,0,0
Ann448,8396,0,0
Ann448,8397,0,0
Ann448,8400,0,0
Ann448,8401,1,1
Ann448,8403,0,1
Ann448,8410,0,0
Ann448,8423,0,0
Ann448,8428,0,0
Ann448,8430,1,0
Ann448,8435,0,0
Ann448,8438,1,0
Ann448,8441,1,1
Ann448,8445,0,0
Ann448,8446,1,1
Ann448,8449,0,0
Ann448,8458,1,0
Ann448,8464,0,0
Ann448,8470,1,0
Ann448,8471,1,1
Ann448,8473,0,0
Ann448,8474,0,0
Ann448,8481,1,1
Ann448,8484,0,0
Ann448,8503,0,1
Ann448,8506,0,0
Ann448,8510,1,0
Ann448,8517,1,0
Ann448,8519,0,0
Ann448,8526,0,0
Ann448,8527,0,0
Ann448,8537,0,0
Ann448,8544,0,0
Ann448,8554,1,0
Ann448,8568,0,0
Ann448,8570,1,0
Ann448,8576,0,0
Ann448,8579,0,0
Ann448,8592,0,0
Ann448,8593,0,0
Ann448,8594,0,0
Ann448,8597,1,1
Ann448,8598,0,0
Ann448,8601,1,0
Ann448,8603,0,0
Ann448,8605,0,1
Ann448,8607,1,0
Ann448,8611,0,0
Ann448,8619,0,0
Ann448,8623,0,0
Ann448,8635,1,0
Ann448,8640,0,0
Ann448,8646,1,1
Ann448,8650,0,0
Ann448,8651,0,0
Ann448,8655,0,0
Ann448,8658,0,0
Ann448,8670,0,0
Ann448,8673,0,0
Ann448,8685,1,1
Ann448,8689,0,0
Ann448,8691,0,0
Ann448,8697,0,0
Ann448,8703,0,0
Ann448,8709,0,0
Ann448,8716,0,0
Ann448,8721,0,0
Ann448,8723,0,0
Ann448,8725,1,0
Ann448,8728,0,1
Ann448,8733,1,1
Ann448,8737,0,0
Ann448,8742,0,0
Ann448,8744,1,0
Ann448,8746,0,0
Ann448,8752,0,0
Ann448,8755,0,0
Ann448,8756,0,0
Ann448,8761,0,0
Ann448,8764,0,0
Ann448,8769,1,0
Ann448,8771,1,1
Ann448,8782,0,0
Ann448,8783,1,1
Ann448,8799,1,1
Ann448,8805,0,0
Ann448,8810,0,0
Ann448,8818,0,0
Ann448,8819,1,1
Ann448,8828,1,1
Ann448,8829,0,0
Ann448,8832,1,0
Ann448,8835,0,0
Ann448,8841,1,0
Ann448,8848,0,0
Ann448,8852,0,0
Ann448,8856,0,0
Ann448,8858,0,0
Ann448,8859,1,0
Ann448,8865,1,1
Ann448,8870,0,0
Ann448,8875,1,0
Ann448,8877,1,0
Ann448,8884,0,0
Ann448,8886,0,0
Ann448,8887,0,0
Ann448,8889,1,1
Ann448,8895,0,0
Ann448,8904,0,0
Ann448,8910,0,0
Ann448,8915,0,0
Ann448,8923,1,0
Ann448,8926,1,0
Ann448,8927,1,1
Ann448,8929,1,1
Ann448,8935,0,0
Ann448,8938,0,1
Ann448,8941,0,0
Ann448,8945,0,0
Ann448,8946,1,1
Ann448,8947,1,0
Ann448,8949,0,0
Ann448,8953,0,0
Ann448,8956,1,0
Ann448,8959,0,0
Ann448,8965,1,0
Ann448,8966,0,0
Ann448,8968,1,1
Ann448,8969,0,0
Ann448,8972,0,0
Ann448,8982,0,0
Ann448,8984,0,0
Ann448,8985,0,1
Ann448,8990,0,0
Ann448,8994,0,0
Ann448,8996,0,1
Ann448,8997,1,0
Ann448,9003,0,0
Ann448,9015,0,0
Ann448,9020,0,0
Ann448,9021,0,0
Ann448,9033,1,0
Ann448,9037,0,0
Ann448,9041,0,0
Ann448,9048,1,0
Ann448,9051,1,1
Ann448,9058,0,0
Ann448,9063,0,0
Ann448,9064,1,1
Ann448,9071,0,1
Ann448,9073,1,1
Ann448,9084,0,0
Ann448,9087,0,0
Ann448,9098,1,1
Ann448,9100,1,0
Ann448,9109,1,0
Ann448,9110,1,0
Ann448,9119,0,0
Ann448,9125,1,0
Ann448,9132,0,0
Ann448,9142,1,1
Ann448,9147,0,0
Ann448,9148,0,0
Ann448,9151,1,0
Ann448,9154,0,0
Ann448,9157,1,0
Ann448,9158,0,0
Ann448,9174,1,0
Ann448,9185,0,0
Ann448,9187,0,0
Ann448,9188,1,0
Ann448,9190,1,0
Ann448,9195,0,0
Ann448,9196,1,0
Ann448,9202,1,1
Ann448,9207,0,0
Ann448,9208,0,0
Ann448,9210,1,0
Ann448,9213,1,0
Ann448,9214,1,0
Ann448,9221,1,0
Ann448,9225,0,0
Ann448,9226,1,0
Ann448,9239,1,1
Ann448,9245,0,0
Ann448,9246,0,0
Ann448,9251,1,0
Ann448,9252,0,0
Ann448,9253,1,0
Ann448,9255,0,0
Ann448,9268,0,1
Ann448,9272,0,0
Ann448,9277,0,1
Ann448,9279,0,0
Ann448,9281,0,0
Ann448,9301,0,0
Ann448,9310,1,1
Ann448,9311,0,0
Ann448,9322,1,0
Ann448,9323,0,0
Ann448,9324,0,0
Ann448,9326,0,0
Ann448,9329,0,1
Ann448,9341,1,0
Ann448,9344,1,0
Ann448,9345,1,0
Ann448,9348,1,0
Ann448,9351,0,0
Ann448,9353,1,0
Ann448,9355,0,0
Ann448,9361,0,0
Ann448,9367,1,0
Ann448,9375,1,0
Ann448,9378,1,0
Ann448,9379,1,1
Ann448,9391,0,0
Ann448,9392,1,0
Ann448,9394,0,0
Ann448,9398,0,0
Ann448,9406,0,0
Ann448,9411,0,0
Ann448,9423,0,0
Ann448,9436,0,1
Ann448,9440,1,1
Ann448,9443,1,0
Ann448,9446,1,1
Ann448,9448,1,0
Ann448,9452,0,0
Ann448,9457,1,0
Ann448,9462,1,0
Ann448,9465,1,1
Ann448,9473,0,0
Ann448,9475,0,0
Ann448,9476,0,0
Ann448,9483,1,0
Ann448,9485,0,0
Ann448,9489,1,0
Ann448,9495,1,0
Ann448,9502,1,0
Ann448,9507,1,0
Ann448,9509,1,1
Ann448,9512,0,1
Ann448,9514,1,1
Ann448,9517,0,0
Ann448,9521,1,0
Ann448,9526,0,0
Ann448,9527,1,0
Ann448,9529,0,0
Ann448,9530,1,0
Ann448,9532,1,1
Ann448,9537,1,0
Ann448,9541,0,0
Ann448,9542,0,0
Ann448,9544,0,0
Ann448,9547,1,0
Ann448,9548,1,1
Ann448,9549,0,0
Ann448,9552,0,0
Ann448,9573,0,0
Ann448,9574,1,1
Ann448,9575,0,0
Ann448,9576,0,1
Ann448,9578,1,0
Ann448,9588,0,0
Ann448,9597,1,1
Ann448,9598,0,0
Ann448,9610,1,0
Ann448,9611,0,0
Ann448,9615,0,0
Ann448,9620,0,0
Ann448,9624,1,0
Ann448,9630,0,1
Ann448,9633,1,0
Ann448,9635,0,0
Ann448,9655,1,1
Ann448,9660,0,0
Ann448,9667,0,0
Ann448,9668,1,0
Ann448,9669,0,0
Ann448,9673,1,0
Ann448,9688,1,1
Ann448,9697,0,0
Ann448,97,1,0
Ann448,9706,1,1
Ann448,9722,0,0
Ann448,9726,0,1
Ann448,9729,1,1
Ann448,9732,0,0
Ann448,9733,0,0
Ann448,9737,1,0
Ann448,9738,0,0
Ann448,9740,1,1
Ann448,9746,0,0
Ann448,9748,1,0
Ann448,9753,1,0
Ann448,9754,0,0
Ann448,9760,0,0
Ann448,9763,0,0
Ann448,9767,1,0
Ann448,9778,0,0
Ann448,9782,0,0
Ann448,9783,0,0
Ann448,9784,0,0
Ann448,9791,1,0
Ann448,9793,0,0
Ann448,9795,0,0
Ann448,9799,0,0
Ann448,9803,1,0
Ann448,9804,1,1
Ann448,981,1,0
Ann448,9810,1,1
Ann448,9817,1,0
Ann448,9819,0,0
Ann448,9820,0,0
Ann448,9826,0,0
Ann448,9828,1,0
Ann448,9837,0,0
Ann448,9839,1,1
Ann448,9842,0,0
Ann448,9849,0,1
Ann448,9852,0,0
Ann448,9855,0,None not offensiv
Ann448,9861,0,0
Ann448,9863,1,1
Ann448,9865,0,0
Ann448,9867,0,0
Ann448,9870,0,0
Ann448,9871,1,1
Ann448,9876,0,0
Ann448,9877,0,0
Ann448,9880,1,0
Ann448,9885,0,1
Ann448,9888,0,0
Ann448,9890,0,0
Ann448,9892,0,0
Ann448,9895,0,1
Ann448,9906,0,0
Ann448,9917,0,1
Ann448,9922,0,0
Ann448,9923,0,0
Ann448,9930,0,0
Ann448,9939,0,0
Ann448,9941,1,0
Ann448,9946,1,1
Ann448,9961,0,0
Ann448,9964,1,0
Ann448,9965,1,0
Ann448,9967,0,0
Ann448,9968,1,0
Ann448,9969,0,0
Ann448,9973,0,0
Ann448,9975,1,0
Ann448,9977,0,0
Ann448,9983,0,0
Ann448,9985,0,0
Ann448,9988,1,0
Ann448,9991,1,0
Ann448,9994,0,0
Ann448,9997,1,1
Ann449,1353,1,0
Ann449,2357,1,0
Ann449,2934,1,1
Ann449,4031,1,0
Ann449,4233,0,0
Ann449,5812,0,0
Ann449,6544,1,0
Ann45,10010,1,0
Ann45,10064,1,1
Ann45,10100,1,1
Ann45,10217,0,0
Ann45,10452,0,0
Ann45,10453,0,0
Ann45,10544,0,1
Ann45,10622,0,0
Ann45,10639,0,0
Ann45,10663,0,0
Ann45,10666,0,0
Ann45,10700,0,0
Ann45,10705,1,1
Ann45,10719,0,0
Ann45,10746,0,0
Ann45,7729,1,0
Ann45,7815,1,1
Ann45,7853,0,0
Ann45,7898,1,1
Ann45,7904,1,1
Ann45,7939,1,0
Ann45,7973,0,1
Ann45,8045,1,0
Ann45,8096,1,0
Ann45,8148,1,0
Ann45,8156,0,0
Ann45,8181,0,0
Ann45,8201,1,1
Ann45,8288,1,0
Ann45,8321,1,1
Ann45,8340,1,0
Ann45,8376,1,1
Ann45,8495,0,0
Ann45,8600,0,0
Ann45,8601,1,0
Ann45,8622,0,1
Ann45,8645,1,0
Ann45,8844,0,0
Ann45,8891,1,1
Ann45,8946,1,1
Ann45,8972,0,0
Ann45,9023,1,1
Ann45,9081,0,0
Ann45,9292,0,0
Ann45,9310,1,1
Ann45,9320,1,0
Ann45,9355,0,0
Ann45,9428,0,0
Ann45,9509,1,1
Ann45,9573,0,0
Ann45,9605,1,1
Ann45,9621,1,1
Ann45,9668,1,0
Ann45,9688,1,1
Ann45,9703,0,0
Ann45,9727,0,0
Ann45,9767,1,0
Ann45,9848,0,0
Ann45,9876,0,0
Ann45,9884,0,0
Ann45,9930,0,0
Ann45,9959,1,1
Ann45,9963,1,1
Ann453,1227,0,1
Ann453,1313,0,1
Ann453,1717,0,0
Ann453,1745,0,0
Ann453,1844,0,0
Ann453,2017,0,0
Ann453,2045,1,0
Ann453,2072,0,1
Ann453,2536,0,0
Ann453,2640,0,0
Ann453,2737,1,0
Ann453,2781,0,0
Ann453,291,0,0
Ann453,3167,1,0
Ann453,3273,0,0
Ann453,3867,1,0
Ann453,3931,0,0
Ann453,3975,1,1
Ann453,3980,1,1
Ann453,4190,0,1
Ann453,4194,0,0
Ann453,4291,1,0
Ann453,4338,0,0
Ann453,4409,0,0
Ann453,4422,1,1
Ann453,4461,1,1
Ann453,4472,0,0
Ann453,4525,1,0
Ann453,4609,1,0
Ann453,4659,1,1
Ann453,5062,1,1
Ann453,5152,0,0
Ann453,5290,0,1
Ann453,5497,1,0
Ann453,5629,0,0
Ann453,613,0,0
Ann453,6203,1,1
Ann453,6335,0,0
Ann453,6345,0,0
Ann453,6652,0,0
Ann453,6917,0,1
Ann453,7032,1,1
Ann453,7071,0,0
Ann453,7163,0,0
Ann453,7192,1,0
Ann453,7204,0,1
Ann453,7377,1,1
Ann453,7536,1,1
Ann453,7579,0,1
Ann453,7620,0,0
Ann453,796,0,0
Ann453,895,1,0
Ann453,937,0,0
Ann463,1086,0,0
Ann463,1166,1,0
Ann463,1430,1,0
Ann463,1492,0,0
Ann463,155,0,0
Ann463,1591,0,0
Ann463,1633,0,0
Ann463,1777,1,0
Ann463,1891,1,0
Ann463,2167,0,0
Ann463,2201,0,0
Ann463,2296,0,0
Ann463,2315,0,0
Ann463,2407,1,0
Ann463,2535,0,0
Ann463,2580,0,0
Ann463,2614,0,0
Ann463,2774,0,0
Ann463,2856,0,0
Ann463,2866,0,0
Ann463,3140,0,0
Ann463,320,0,0
Ann463,3341,0,0
Ann463,3360,0,0
Ann463,3394,1,0
Ann463,3559,0,0
Ann463,3603,0,0
Ann463,4273,0,0
Ann463,4414,0,0
Ann463,4470,1,0
Ann463,4772,0,0
Ann463,5248,0,1
Ann463,5276,0,0
Ann463,5508,0,0
Ann463,5614,0,0
Ann463,5675,0,0
Ann463,5730,1,0
Ann463,6011,0,0
Ann463,6128,1,0
Ann463,6438,0,0
Ann463,6510,1,0
Ann463,6642,0,0
Ann463,6789,0,0
Ann463,6821,1,0
Ann463,6894,0,0
Ann463,7062,1,0
Ann463,7152,1,0
Ann463,7306,1,0
Ann463,736,0,1
Ann466,1385,0,1
Ann466,1599,0,0
Ann466,1902,0,0
Ann466,1994,0,0
Ann466,2029,1,0
Ann466,2322,1,0
Ann466,2326,0,0
Ann466,234,0,1
Ann466,2457,0,0
Ann466,2732,0,0
Ann466,2755,0,0
Ann466,2972,1,0
Ann466,3074,0,0
Ann466,317,1,1
Ann466,3407,1,0
Ann466,3820,0,0
Ann466,3839,0,0
Ann466,4170,0,0
Ann466,4176,0,1
Ann466,4284,0,0
Ann466,4388,0,0
Ann466,4514,0,0
Ann466,4745,0,0
Ann466,486,0,0
Ann466,4896,0,0
Ann466,5067,1,1
Ann466,5110,0,0
Ann466,513,0,0
Ann466,5151,0,0
Ann466,5170,0,1
Ann466,5203,0,0
Ann466,5264,0,0
Ann466,5308,1,0
Ann466,5309,1,1
Ann466,5344,0,0
Ann466,5381,0,0
Ann466,5436,0,0
Ann466,5493,0,0
Ann466,5514,1,0
Ann466,5564,0,1
Ann466,5579,0,0
Ann466,5644,1,0
Ann466,5757,0,0
Ann466,580,1,0
Ann466,588,0,0
Ann466,6228,1,1
Ann466,6235,0,1
Ann466,6595,1,1
Ann466,6874,0,0
Ann466,7007,0,0
Ann466,7381,0,0
Ann466,7465,0,1
Ann466,830,0,0
Ann466,916,0,0
Ann468,1118,0,0
Ann468,1352,0,0
Ann468,1542,0,0
Ann468,1596,0,0
Ann468,240,0,0
Ann468,2537,0,0
Ann468,258,0,0
Ann468,2740,1,0
Ann468,2815,1,0
Ann468,3261,0,0
Ann468,3478,0,0
Ann468,3534,0,0
Ann468,3658,1,0
Ann468,3762,0,0
Ann468,3925,0,0
Ann468,4692,1,1
Ann468,52,0,0
Ann468,620,0,0
Ann468,6669,0,0
Ann468,7351,0,1
Ann468,7378,0,0
Ann468,810,0,0
Ann485,10129,1,0
Ann485,10155,1,0
Ann485,10277,1,0
Ann485,10280,1,1
Ann485,10340,0,0
Ann485,10383,1,0
Ann485,10438,1,1
Ann485,10522,1,0
Ann485,10608,1,0
Ann485,10669,0,0
Ann485,10698,0,0
Ann485,10706,0,0
Ann485,7723,0,0
Ann485,7779,1,0
Ann485,7865,1,0
Ann485,7926,1,0
Ann485,8018,1,0
Ann485,8042,1,1
Ann485,8072,1,0
Ann485,8108,0,0
Ann485,8169,0,0
Ann485,8219,0,0
Ann485,8407,1,1
Ann485,8483,1,0
Ann485,8508,1,1
Ann485,8684,0,0
Ann485,8758,0,0
Ann485,8791,1,0
Ann485,8794,1,0
Ann485,8816,0,0
Ann485,8880,0,0
Ann485,8881,1,1
Ann485,8937,1,1
Ann485,8988,1,1
Ann485,9042,1,1
Ann485,9140,1,0
Ann485,9222,0,0
Ann485,9223,0,0
Ann485,9414,1,0
Ann485,9417,0,0
Ann485,9593,0,0
Ann485,9642,1,0
Ann485,9645,0,0
Ann485,9666,0,1
Ann485,9786,1,0
Ann485,9827,1,1
Ann485,9927,1,0
Ann488,107,1,0
Ann488,1597,1,0
Ann488,1636,1,0
Ann488,2411,0,0
Ann488,2756,1,0
Ann488,280,1,0
Ann488,290,0,0
Ann488,3044,0,0
Ann488,3685,1,1
Ann488,3785,0,0
Ann488,3999,0,0
Ann488,4009,1,0
Ann488,4287,0,0
Ann488,4619,1,0
Ann488,6574,1,1
Ann493,126,0,0
Ann493,1548,0,0
Ann493,1586,1,0
Ann493,2544,0,0
Ann493,2740,1,0
Ann493,2816,0,0
Ann493,2838,0,0
Ann493,2850,0,1
Ann493,3264,0,0
Ann493,3327,0,0
Ann493,3672,0,0
Ann493,3762,0,0
Ann493,3833,1,1
Ann493,4072,1,0
Ann493,4315,1,0
Ann493,4653,0,0
Ann493,4692,1,1
Ann493,4820,0,0
Ann493,497,0,1
Ann493,5317,1,0
Ann493,5417,1,0
Ann493,5455,1,1
Ann493,5755,1,0
Ann493,6155,1,0
Ann493,6509,0,0
Ann493,6539,1,0
Ann493,6578,1,0
Ann493,717,0,0
Ann493,7311,0,0
Ann493,7312,1,0
Ann493,7406,1,0
Ann493,7435,1,1
Ann493,915,0,0
Ann493,964,0,0
Ann5,105,0,0
Ann5,1128,1,0
Ann5,1141,0,0
Ann5,1144,0,0
Ann5,1417,0,0
Ann5,1420,1,0
Ann5,1536,1,0
Ann5,1622,0,0
Ann5,1638,0,0
Ann5,169,0,0
Ann5,1772,1,1
Ann5,1804,1,0
Ann5,1886,0,0
Ann5,1904,0,0
Ann5,1989,0,0
Ann5,2004,0,0
Ann5,2068,0,0
Ann5,2173,1,0
Ann5,2242,0,0
Ann5,2264,0,0
Ann5,2286,1,1
Ann5,2335,1,0
Ann5,2471,0,0
Ann5,2544,0,0
Ann5,2596,1,0
Ann5,2665,0,0
Ann5,2694,0,0
Ann5,2760,1,1
Ann5,2776,0,0
Ann5,2812,1,1
Ann5,2844,0,0
Ann5,2976,0,1
Ann5,3007,1,0
Ann5,31,0,0
Ann5,3178,1,1
Ann5,3306,0,0
Ann5,3310,0,0
Ann5,3338,0,0
Ann5,344,1,1
Ann5,3440,0,0
Ann5,3662,0,0
Ann5,3686,0,0
Ann5,3772,1,0
Ann5,3872,0,0
Ann5,3902,0,0
Ann5,3913,0,0
Ann5,3948,0,0
Ann5,415,0,0
Ann5,4210,0,0
Ann5,4274,0,0
Ann5,4312,0,0
Ann5,4530,0,1
Ann5,4551,1,1
Ann5,4589,1,0
Ann5,4676,0,1
Ann5,4693,1,0
Ann5,4807,0,1
Ann5,482,0,0
Ann5,4861,0,0
Ann5,4864,1,0
Ann5,4880,0,0
Ann5,4906,1,0
Ann5,5101,0,0
Ann5,5303,1,0
Ann5,533,0,0
Ann5,5574,0,0
Ann5,558,0,0
Ann5,5589,0,0
Ann5,564,1,1
Ann5,5745,1,0
Ann5,5959,0,0
Ann5,6038,0,0
Ann5,6249,0,0
Ann5,6265,1,1
Ann5,6291,1,0
Ann5,6312,1,0
Ann5,6320,0,0
Ann5,6338,0,0
Ann5,6471,1,1
Ann5,658,0,0
Ann5,6609,1,0
Ann5,665,0,0
Ann5,6717,1,1
Ann5,6801,1,0
Ann5,7121,1,0
Ann5,7126,1,1
Ann5,7179,0,0
Ann5,7271,0,1
Ann5,735,0,0
Ann5,7368,0,0
Ann5,7380,0,0
Ann5,7411,1,0
Ann5,7545,1,0
Ann5,7564,0,0
Ann5,768,0,0
Ann5,824,0,0
Ann5,859,1,1
Ann5,875,0,0
Ann511,10064,1,1
Ann511,10666,0,0
Ann511,113,1,0
Ann511,1190,0,1
Ann511,1276,0,0
Ann511,2,1,0
Ann511,2038,0,0
Ann511,2243,0,0
Ann511,2504,1,0
Ann511,2519,1,1
Ann511,2520,0,0
Ann511,3064,1,0
Ann511,3172,0,1
Ann511,3326,1,1
Ann511,3965,1,0
Ann511,4324,1,0
Ann511,4372,0,0
Ann511,4744,1,0
Ann511,4956,1,0
Ann511,5008,0,1
Ann511,504,1,0
Ann511,5204,0,0
Ann511,5362,1,1
Ann511,5575,1,0
Ann511,5648,0,0
Ann511,5665,1,1
Ann511,6208,1,0
Ann511,6361,0,0
Ann511,6555,1,0
Ann511,6683,0,0
Ann511,6773,0,0
Ann511,6932,1,1
Ann511,6948,1,0
Ann511,7020,1,0
Ann511,7058,0,0
Ann511,7080,0,0
Ann511,7130,0,0
Ann511,7269,1,0
Ann511,7579,0,0
Ann511,7622,0,0
Ann511,8376,1,1
Ann511,8601,1,0
Ann511,8946,1,1
Ann511,9355,0,0
Ann516,10117,1,0
Ann516,8154,0,0
Ann516,8162,1,0
Ann516,8468,0,0
Ann516,8574,0,0
Ann516,8801,0,0
Ann516,9333,0,0
Ann516,9637,0,0
Ann520,1153,0,0
Ann520,1696,0,0
Ann520,2103,0,0
Ann520,3568,0,0
Ann520,367,1,0
Ann520,4224,1,0
Ann520,5025,0,0
Ann520,5034,1,0
Ann520,5339,0,0
Ann520,6348,1,0
Ann520,6858,1,0
Ann520,7470,0,0
Ann521,2370,0,0
Ann521,2614,0,0
Ann521,2696,1,1
Ann521,2976,0,0
Ann521,3349,0,0
Ann521,3795,0,0
Ann521,381,0,0
Ann521,424,0,0
Ann521,4532,0,0
Ann521,4828,0,0
Ann521,5316,0,0
Ann521,6135,0,0
Ann521,6524,0,0
Ann521,7331,1,0
Ann521,7528,0,0
Ann524,1169,0,0
Ann524,1524,0,0
Ann524,2030,1,0
Ann524,235,1,0
Ann524,2371,0,0
Ann524,2399,0,0
Ann524,2646,0,0
Ann524,2866,0,0
Ann524,4602,0,0
Ann524,4941,1,0
Ann524,5223,0,0
Ann524,5291,0,0
Ann524,548,0,0
Ann524,5498,0,0
Ann524,6416,0,0
Ann524,7655,1,0
Ann53,1109,0,0
Ann53,1207,0,0
Ann53,1249,0,0
Ann53,1260,1,1
Ann53,1329,1,0
Ann53,1368,0,0
Ann53,1371,0,0
Ann53,1381,0,0
Ann53,1391,0,0
Ann53,1405,0,0
Ann53,1413,1,0
Ann53,1515,0,1
Ann53,1669,1,1
Ann53,1713,0,0
Ann53,1790,0,0
Ann53,1943,0,0
Ann53,2153,1,0
Ann53,2220,0,0
Ann53,2239,0,0
Ann53,2243,0,0
Ann53,2275,0,0
Ann53,2346,0,0
Ann53,2407,1,0
Ann53,2468,0,0
Ann53,2696,1,1
Ann53,2720,0,0
Ann53,2770,0,0
Ann53,289,0,0
Ann53,2942,0,0
Ann53,3003,1,1
Ann53,3019,0,0
Ann53,3041,0,0
Ann53,3118,0,0
Ann53,3185,1,0
Ann53,3242,1,0
Ann53,3394,1,0
Ann53,3443,0,0
Ann53,3517,0,0
Ann53,3566,0,0
Ann53,3572,0,0
Ann53,3590,0,0
Ann53,3661,0,0
Ann53,3700,0,0
Ann53,3710,1,0
Ann53,3887,0,0
Ann53,3888,0,0
Ann53,39,0,0
Ann53,3919,0,0
Ann53,3976,0,1
Ann53,3987,0,0
Ann53,402,0,0
Ann53,4049,0,0
Ann53,4055,0,0
Ann53,4131,0,0
Ann53,4134,0,0
Ann53,4219,1,0
Ann53,4237,0,0
Ann53,4260,0,0
Ann53,4263,0,0
Ann53,4330,0,0
Ann53,4335,0,0
Ann53,4371,1,0
Ann53,4411,1,1
Ann53,4412,0,0
Ann53,4574,0,0
Ann53,4751,1,1
Ann53,4836,0,0
Ann53,4937,0,0
Ann53,4964,0,1
Ann53,4966,1,1
Ann53,505,0,0
Ann53,5050,0,0
Ann53,5098,0,0
Ann53,5100,0,0
Ann53,5124,0,1
Ann53,515,0,0
Ann53,5210,0,0
Ann53,5251,0,0
Ann53,5328,1,0
Ann53,5329,0,0
Ann53,5351,0,0
Ann53,5380,0,0
Ann53,5585,0,0
Ann53,5587,0,0
Ann53,5627,0,0
Ann53,5636,0,0
Ann53,5681,0,0
Ann53,5753,0,0
Ann53,5782,1,1
Ann53,5793,0,0
Ann53,592,0,0
Ann53,601,1,0
Ann53,6081,0,0
Ann53,6107,0,0
Ann53,614,1,1
Ann53,6238,0,0
Ann53,6253,0,0
Ann53,6292,1,0
Ann53,6323,1,0
Ann53,6339,0,0
Ann53,637,0,0
Ann53,6405,1,1
Ann53,6446,0,0
Ann53,653,0,0
Ann53,6563,0,0
Ann53,6626,1,1
Ann53,6630,0,0
Ann53,6707,0,0
Ann53,6758,0,0
Ann53,6805,0,0
Ann53,6996,0,0
Ann53,7073,0,0
Ann53,7134,1,1
Ann53,7137,1,0
Ann53,7165,0,0
Ann53,7193,0,0
Ann53,7238,0,0
Ann53,7277,0,0
Ann53,7298,0,0
Ann53,7326,0,1
Ann53,734,1,0
Ann53,7353,0,0
Ann53,7458,0,0
Ann53,7472,0,0
Ann53,7504,0,0
Ann53,7537,0,0
Ann53,789,0,0
Ann53,842,0,0
Ann53,853,1,0
Ann53,893,0,0
Ann53,986,1,0
Ann553,152,1,0
Ann553,2494,1,0
Ann553,276,0,0
Ann553,3381,1,0
Ann553,4195,1,1
Ann553,5068,1,1
Ann553,5214,0,0
Ann553,5661,0,0
Ann553,5836,1,0
Ann553,5873,1,0
Ann553,6089,0,0
Ann553,6592,0,0
Ann553,7676,1,0
Ann559,1840,0,0
Ann559,2273,0,0
Ann559,2745,0,1
Ann559,2752,0,0
Ann559,3174,0,1
Ann559,3243,1,1
Ann559,3947,0,0
Ann559,4283,0,0
Ann559,4650,0,0
Ann559,4657,0,0
Ann559,4775,0,0
Ann559,5032,0,0
Ann559,5066,0,0
Ann559,5237,0,0
Ann559,5361,1,0
Ann559,5492,0,0
Ann559,5650,0,0
Ann559,5669,0,0
Ann559,6073,0,0
Ann559,6771,0,0
Ann559,6886,0,0
Ann559,6972,1,1
Ann559,6984,0,0
Ann559,745,1,1
Ann559,7662,0,0
Ann559,901,0,0
Ann559,965,0,0
Ann564,2091,0,0
Ann564,3142,0,0
Ann564,4145,1,0
Ann564,4365,0,0
Ann564,5549,0,0
Ann564,5610,1,1
Ann564,6561,0,0
Ann564,843,0,0
Ann568,1138,0,0
Ann568,1287,0,0
Ann568,2873,0,0
Ann568,2934,1,1
Ann568,6372,0,0
Ann568,6602,1,0
Ann568,6928,1,0
Ann568,6929,0,0
Ann568,703,1,1
Ann568,7196,1,0
Ann568,7491,0,0
Ann586,1173,1,0
Ann586,1175,1,1
Ann586,1223,0,0
Ann586,1225,0,0
Ann586,1324,0,0
Ann586,1350,0,0
Ann586,1529,1,1
Ann586,1542,0,1
Ann586,17,0,0
Ann586,1740,0,0
Ann586,1763,1,0
Ann586,1908,0,0
Ann586,1926,0,0
Ann586,2016,0,0
Ann586,2080,0,0
Ann586,2114,0,0
Ann586,2132,1,0
Ann586,2180,0,0
Ann586,2236,0,0
Ann586,2259,0,1
Ann586,2277,0,0
Ann586,241,0,0
Ann586,2442,1,1
Ann586,2615,1,1
Ann586,2679,1,0
Ann586,2816,0,0
Ann586,2838,0,0
Ann586,2946,0,1
Ann586,2948,0,0
Ann586,304,0,0
Ann586,3187,0,0
Ann586,3264,0,0
Ann586,3327,0,0
Ann586,3478,0,0
Ann586,3479,0,0
Ann586,3575,0,0
Ann586,3640,0,0
Ann586,3672,0,0
Ann586,3833,1,1
Ann586,3871,0,0
Ann586,3873,1,0
Ann586,3954,1,1
Ann586,4019,0,0
Ann586,4174,0,0
Ann586,4315,1,0
Ann586,4378,1,0
Ann586,4424,0,0
Ann586,4499,1,0
Ann586,4572,0,0
Ann586,458,1,0
Ann586,4718,0,0
Ann586,4759,0,1
Ann586,4820,0,0
Ann586,4954,0,0
Ann586,4974,0,0
Ann586,5228,0,0
Ann586,543,0,0
Ann586,5555,0,0
Ann586,5593,0,0
Ann586,5607,1,0
Ann586,5698,0,0
Ann586,5737,1,0
Ann586,5818,0,0
Ann586,5896,0,1
Ann586,591,0,0
Ann586,5911,0,0
Ann586,5958,0,0
Ann586,5973,0,0
Ann586,6276,0,0
Ann586,6449,0,0
Ann586,6466,1,0
Ann586,6479,0,0
Ann586,6524,0,0
Ann586,6578,1,0
Ann586,6593,0,1
Ann586,6667,0,1
Ann586,6669,0,0
Ann586,6726,0,0
Ann586,682,1,1
Ann586,6867,0,0
Ann586,6872,1,0
Ann586,6889,0,0
Ann586,6982,0,0
Ann586,717,0,0
Ann586,721,0,0
Ann586,7261,1,0
Ann586,7312,1,1
Ann586,7345,0,0
Ann586,7500,0,0
Ann586,7531,1,1
Ann586,7585,1,1
Ann586,7613,1,1
Ann586,813,0,0
Ann586,817,0,0
Ann586,964,0,0
Ann590,182,1,0
Ann590,350,0,0
Ann590,545,1,0
Ann593,1355,0,0
Ann593,1649,0,0
Ann593,2482,0,1
Ann593,3368,0,0
Ann593,3627,0,0
Ann593,3971,0,1
Ann593,4198,0,0
Ann593,4209,0,0
Ann593,4773,0,0
Ann593,5319,0,0
Ann593,7418,0,0
Ann593,784,0,0
Ann595,3054,1,0
Ann600,1258,0,0
Ann600,1433,0,0
Ann600,2430,0,0
Ann600,2472,0,0
Ann600,3957,0,0
Ann600,3979,1,0
Ann600,5257,0,0
Ann600,5439,0,0
Ann600,5704,0,0
Ann600,6063,0,0
Ann600,6117,0,0
Ann600,6923,0,0
Ann600,7396,1,0
Ann607,3534,0,0
Ann607,4342,0,0
Ann607,4748,0,0
Ann607,5045,1,0
Ann607,531,0,1
Ann607,5765,0,0
Ann607,5938,0,0
Ann607,6709,0,0
Ann607,7419,0,0
Ann608,1354,0,0
Ann608,1399,0,0
Ann608,1417,0,0
Ann608,1467,0,0
Ann608,1606,1,1
Ann608,1624,0,1
Ann608,1682,0,0
Ann608,169,0,0
Ann608,1736,0,0
Ann608,1814,0,0
Ann608,1941,0,0
Ann608,1960,0,0
Ann608,198,0,0
Ann608,2033,0,0
Ann608,2180,0,0
Ann608,2202,0,0
Ann608,2212,1,1
Ann608,2286,1,1
Ann608,230,1,0
Ann608,241,0,1
Ann608,2527,0,0
Ann608,2624,0,1
Ann608,2675,0,1
Ann608,276,0,0
Ann608,2946,0,1
Ann608,2995,1,1
Ann608,303,1,0
Ann608,312,0,0
Ann608,318,1,1
Ann608,3306,0,1
Ann608,3310,0,0
Ann608,3313,0,0
Ann608,3662,0,0
Ann608,3725,0,0
Ann608,382,0,0
Ann608,3843,0,1
Ann608,3951,0,1
Ann608,4002,0,0
Ann608,4199,1,0
Ann608,4439,1,0
Ann608,4531,0,0
Ann608,4636,1,1
Ann608,4662,0,0
Ann608,4722,1,0
Ann608,4894,0,0
Ann608,4906,1,0
Ann608,518,1,0
Ann608,5281,0,1
Ann608,534,0,1
Ann608,5348,0,0
Ann608,5583,0,0
Ann608,5593,0,0
Ann608,5618,0,0
Ann608,6038,0,0
Ann608,6044,0,1
Ann608,6190,1,0
Ann608,6243,0,0
Ann608,6535,1,1
Ann608,6609,1,0
Ann608,6667,0,1
Ann608,6719,0,0
Ann608,6726,0,0
Ann608,693,0,1
Ann608,7126,1,1
Ann608,7144,0,0
Ann608,72,0,0
Ann608,7345,0,1
Ann608,7542,0,0
Ann608,7592,1,0
Ann608,770,0,0
Ann608,79,1,1
Ann608,831,1,1
Ann608,907,0,0
Ann608,908,1,0
Ann611,146,0,0
Ann611,1910,0,0
Ann611,1914,0,0
Ann611,2748,0,0
Ann611,3072,0,0
Ann611,3511,0,0
Ann611,3619,0,0
Ann611,4109,0,1
Ann611,4994,0,0
Ann611,621,0,0
Ann611,6525,0,0
Ann611,720,1,1
Ann611,84,0,0
Ann615,1251,1,0
Ann615,1820,1,0
Ann615,2171,0,0
Ann615,2660,0,0
Ann615,3243,1,1
Ann615,3258,0,0
Ann615,4171,0,0
Ann615,6079,0,0
Ann615,7089,0,0
Ann620,10135,0,0
Ann620,10162,0,0
Ann620,10183,0,0
Ann620,10220,0,0
Ann620,10292,0,0
Ann620,10299,0,0
Ann620,10320,0,0
Ann620,10322,0,0
Ann620,10323,0,0
Ann620,10389,0,0
Ann620,10419,0,0
Ann620,10421,0,0
Ann620,10503,1,0
Ann620,10518,1,0
Ann620,10539,0,0
Ann620,10588,0,0
Ann620,10645,0,0
Ann620,10688,0,0
Ann620,10707,0,0
Ann620,10745,0,0
Ann620,2197,0,0
Ann620,2896,0,0
Ann620,3150,0,0
Ann620,3230,0,0
Ann620,3383,0,0
Ann620,3838,1,0
Ann620,4048,0,1
Ann620,4701,0,0
Ann620,5133,1,0
Ann620,5520,0,0
Ann620,7724,0,0
Ann620,7812,0,0
Ann620,7847,1,0
Ann620,7896,0,0
Ann620,7909,0,0
Ann620,7955,0,0
Ann620,8005,0,0
Ann620,8008,0,0
Ann620,8030,0,0
Ann620,8228,1,0
Ann620,8387,0,0
Ann620,8408,0,0
Ann620,8437,0,0
Ann620,8501,0,0
Ann620,8518,0,0
Ann620,8625,0,0
Ann620,8672,0,0
Ann620,8727,0,0
Ann620,8909,1,0
Ann620,8932,0,0
Ann620,9046,0,0
Ann620,9283,0,0
Ann620,9288,0,0
Ann620,9317,0,0
Ann620,9364,0,0
Ann620,9373,0,0
Ann620,9416,1,0
Ann620,9430,0,0
Ann620,9434,0,0
Ann620,9497,0,0
Ann620,9568,0,0
Ann620,9638,0,0
Ann620,9641,0,0
Ann620,9682,0,0
Ann620,9787,0,0
Ann620,9823,0,0
Ann620,9824,0,0
Ann620,9838,0,0
Ann620,9893,0,0
Ann620,9896,0,0
Ann620,9971,0,0
Ann630,203,1,1
Ann630,227,0,1
Ann630,3104,1,0
Ann630,4079,0,0
Ann630,4175,1,0
Ann630,4204,0,0
Ann630,4435,0,0
Ann630,5427,1,0
Ann630,5804,0,1
Ann630,5842,1,0
Ann630,5994,1,0
Ann630,6430,0,0
Ann630,6597,0,0
Ann630,6658,0,0
Ann630,6746,0,1
Ann630,733,1,1
Ann636,1487,1,1
Ann636,1886,0,0
Ann636,3430,0,0
Ann636,3789,1,1
Ann636,5188,1,0
Ann636,553,0,0
Ann636,619,0,0
Ann637,1521,0,0
Ann637,3018,0,0
Ann637,4881,0,0
Ann637,5524,1,1
Ann637,6489,0,1
Ann637,6536,0,0
Ann641,1591,0,0
Ann641,2381,1,0
Ann641,2661,1,1
Ann641,2981,1,1
Ann641,3364,0,0
Ann641,3419,0,0
Ann641,3577,0,1
Ann641,3744,0,0
Ann641,3802,0,0
Ann641,3891,0,0
Ann641,3916,0,0
Ann641,417,1,1
Ann641,4442,1,1
Ann641,4901,1,1
Ann641,5285,0,0
Ann641,5814,0,1
Ann641,5821,1,1
Ann641,59,0,0
Ann641,616,0,0
Ann641,6227,1,1
Ann641,6363,0,0
Ann641,6584,0,0
Ann641,6624,1,0
Ann641,6651,1,0
Ann641,6842,1,1
Ann641,7090,0,0
Ann641,7644,1,1
Ann641,9711,1,1
Ann642,3397,0,1
Ann642,3652,0,0
Ann642,3903,1,0
Ann642,4065,0,0
Ann642,4992,0,0
Ann642,7019,0,0
Ann642,7252,1,0
Ann648,1305,0,0
Ann648,259,1,0
Ann648,3749,0,0
Ann648,4414,0,0
Ann648,5916,0,1
Ann648,6463,0,0
Ann648,744,0,0
Ann653,1215,1,0
Ann653,1478,1,0
Ann653,1499,1,0
Ann653,1894,0,1
Ann653,3084,1,0
Ann653,4900,1,0
Ann653,6205,0,1
Ann653,944,1,0
Ann655,1120,0,0
Ann655,1278,0,0
Ann655,1873,1,0
Ann655,2279,1,0
Ann655,260,0,0
Ann655,3152,1,1
Ann655,3330,1,1
Ann655,3467,0,0
Ann655,3663,0,0
Ann655,3940,0,0
Ann655,4144,0,0
Ann655,5200,0,0
Ann655,5536,0,1
Ann66,10107,1,0
Ann66,10222,0,0
Ann66,2905,1,0
Ann66,2943,0,0
Ann66,4476,1,0
Ann66,549,0,0
Ann66,5622,0,0
Ann66,6347,1,0
Ann66,7705,1,0
Ann66,7732,1,1
Ann66,7826,1,1
Ann66,7897,1,1
Ann66,8071,0,0
Ann66,8101,0,0
Ann66,8133,1,1
Ann66,8319,0,0
Ann66,8544,0,0
Ann66,884,0,0
Ann66,8862,0,0
Ann66,8961,1,1
Ann66,9257,0,1
Ann66,9351,0,0
Ann66,9408,0,0
Ann66,9439,1,0
Ann66,9460,0,1
Ann66,9643,1,1
Ann66,9863,1,1
Ann66,9870,0,0
Ann66,9933,0,0
Ann669,1025,0,0
Ann669,1035,0,0
Ann669,1038,0,0
Ann669,1061,0,1
Ann669,1074,0,0
Ann669,1076,1,0
Ann669,1077,1,0
Ann669,108,0,0
Ann669,1095,0,0
Ann669,1140,1,0
Ann669,1148,0,0
Ann669,1158,1,0
Ann669,1160,1,0
Ann669,1167,0,0
Ann669,1184,0,0
Ann669,1193,1,0
Ann669,1197,0,0
Ann669,1270,0,0
Ann669,1273,0,0
Ann669,1349,0,0
Ann669,1353,1,0
Ann669,1362,0,0
Ann669,1384,0,0
Ann669,1403,0,0
Ann669,1432,1,0
Ann669,1439,0,0
Ann669,1446,1,1
Ann669,1473,0,0
Ann669,1482,1,0
Ann669,1483,0,0
Ann669,1484,0,0
Ann669,1518,0,0
Ann669,1568,0,0
Ann669,1587,0,0
Ann669,162,1,1
Ann669,163,0,0
Ann669,1641,0,1
Ann669,1678,0,0
Ann669,1698,1,1
Ann669,1732,0,0
Ann669,1739,0,0
Ann669,1748,0,0
Ann669,1751,1,0
Ann669,1757,1,1
Ann669,1766,0,0
Ann669,1769,1,1
Ann669,1801,0,0
Ann669,1837,1,0
Ann669,1841,0,0
Ann669,1847,1,1
Ann669,1865,1,0
Ann669,1867,0,0
Ann669,1870,0,0
Ann669,189,0,0
Ann669,1916,0,0
Ann669,1946,1,0
Ann669,1970,0,1
Ann669,1996,0,0
Ann669,2003,0,1
Ann669,2015,1,0
Ann669,2044,0,0
Ann669,2048,0,0
Ann669,2057,0,0
Ann669,2070,0,0
Ann669,2104,1,0
Ann669,2113,1,0
Ann669,2138,1,0
Ann669,2148,0,0
Ann669,2172,0,0
Ann669,2178,0,0
Ann669,2207,1,1
Ann669,225,0,0
Ann669,2252,0,0
Ann669,2347,0,1
Ann669,2363,0,0
Ann669,2396,0,0
Ann669,2429,0,1
Ann669,2455,1,0
Ann669,2459,1,0
Ann669,2479,0,0
Ann669,2498,0,0
Ann669,2511,0,0
Ann669,2528,1,1
Ann669,2547,0,0
Ann669,2556,1,1
Ann669,2567,0,0
Ann669,2577,0,0
Ann669,2579,0,0
Ann669,2581,0,0
Ann669,2591,1,1
Ann669,2611,0,0
Ann669,2643,0,0
Ann669,2649,0,0
Ann669,2654,0,0
Ann669,2681,1,0
Ann669,2683,0,0
Ann669,27,1,1
Ann669,2707,0,0
Ann669,2715,0,1
Ann669,2738,0,0
Ann669,2741,0,0
Ann669,277,0,0
Ann669,2783,0,1
Ann669,2794,0,0
Ann669,281,0,0
Ann669,2833,1,1
Ann669,2842,0,0
Ann669,2890,1,1
Ann669,2945,0,0
Ann669,2965,1,0
Ann669,3022,0,0
Ann669,3059,0,0
Ann669,3066,0,0
Ann669,3076,0,0
Ann669,3090,1,0
Ann669,3119,1,0
Ann669,3153,1,0
Ann669,3203,0,0
Ann669,3214,0,0
Ann669,3227,0,0
Ann669,324,0,0
Ann669,3249,0,0
Ann669,3274,1,0
Ann669,329,1,1
Ann669,3321,0,0
Ann669,3372,0,0
Ann669,3375,0,0
Ann669,3466,0,0
Ann669,3468,1,1
Ann669,3541,1,1
Ann669,3543,0,1
Ann669,3558,0,0
Ann669,3561,0,0
Ann669,3576,1,0
Ann669,3583,0,0
Ann669,3608,0,0
Ann669,3617,1,1
Ann669,3644,0,0
Ann669,3674,1,0
Ann669,3698,0,0
Ann669,3806,1,1
Ann669,3812,1,0
Ann669,384,0,0
Ann669,3874,0,0
Ann669,393,0,0
Ann669,3946,0,0
Ann669,3952,0,0
Ann669,3963,0,0
Ann669,4024,0,0
Ann669,4073,0,1
Ann669,4084,0,0
Ann669,4103,0,0
Ann669,4124,1,0
Ann669,4149,0,0
Ann669,4189,0,0
Ann669,4197,1,0
Ann669,4215,0,0
Ann669,4233,0,1
Ann669,4249,1,0
Ann669,4257,0,0
Ann669,4320,0,1
Ann669,4333,0,0
Ann669,4352,0,0
Ann669,4370,0,0
Ann669,4374,0,0
Ann669,4387,0,0
Ann669,4403,1,1
Ann669,4433,0,1
Ann669,4458,1,0
Ann669,4462,1,0
Ann669,4473,0,0
Ann669,4478,0,0
Ann669,4484,1,0
Ann669,4490,0,0
Ann669,4493,0,0
Ann669,4501,0,0
Ann669,4528,0,0
Ann669,4562,1,0
Ann669,4567,0,0
Ann669,4612,0,1
Ann669,4617,0,0
Ann669,4630,0,0
Ann669,4639,1,0
Ann669,4670,0,0
Ann669,4720,0,0
Ann669,4739,0,0
Ann669,4777,0,1
Ann669,4782,0,1
Ann669,4831,0,0
Ann669,4851,0,0
Ann669,4860,0,0
Ann669,4869,0,0
Ann669,4926,1,1
Ann669,494,0,0
Ann669,4969,0,0
Ann669,4973,1,0
Ann669,4991,1,0
Ann669,4999,0,0
Ann669,5012,0,0
Ann669,5080,1,1
Ann669,5111,0,0
Ann669,5117,0,0
Ann669,5153,0,0
Ann669,5179,0,0
Ann669,520,1,0
Ann669,5256,0,1
Ann669,5260,0,0
Ann669,529,1,0
Ann669,5300,1,0
Ann669,5306,1,1
Ann669,5313,1,0
Ann669,5334,0,0
Ann669,5338,0,0
Ann669,5383,0,0
Ann669,541,1,0
Ann669,5416,0,0
Ann669,551,0,0
Ann669,5516,1,0
Ann669,554,0,0
Ann669,5578,0,0
Ann669,5590,1,1
Ann669,5599,0,0
Ann669,5638,1,1
Ann669,5641,0,0
Ann669,5678,0,0
Ann669,5712,0,0
Ann669,5720,0,0
Ann669,5725,0,0
Ann669,5750,1,0
Ann669,5776,0,0
Ann669,5800,0,0
Ann669,5837,0,0
Ann669,5901,0,0
Ann669,5906,0,0
Ann669,5912,0,0
Ann669,5936,0,0
Ann669,5939,0,0
Ann669,6015,0,0
Ann669,6049,0,0
Ann669,6075,0,0
Ann669,6096,1,1
Ann669,6163,0,0
Ann669,6167,0,0
Ann669,6169,1,0
Ann669,6172,0,0
Ann669,6213,0,0
Ann669,6215,0,0
Ann669,6250,1,1
Ann669,6261,1,0
Ann669,6278,1,1
Ann669,6301,1,1
Ann669,6309,0,0
Ann669,6321,1,1
Ann669,6326,0,0
Ann669,6330,0,0
Ann669,6353,0,0
Ann669,636,0,0
Ann669,6367,0,0
Ann669,6402,0,0
Ann669,6431,0,0
Ann669,6443,0,0
Ann669,6490,1,0
Ann669,650,1,0
Ann669,6537,0,0
Ann669,6542,1,1
Ann669,6544,1,0
Ann669,6547,1,1
Ann669,6580,0,0
Ann669,6585,0,0
Ann669,6616,0,0
Ann669,6632,1,1
Ann669,6633,1,0
Ann669,6657,1,1
Ann669,6699,0,0
Ann669,6700,1,0
Ann669,680,0,0
Ann669,684,0,0
Ann669,6892,0,0
Ann669,6912,0,0
Ann669,692,1,0
Ann669,6970,0,0
Ann669,7095,0,0
Ann669,7106,0,0
Ann669,7117,0,0
Ann669,7129,0,1
Ann669,7146,0,0
Ann669,7166,1,0
Ann669,7174,0,0
Ann669,719,0,0
Ann669,7190,0,0
Ann669,7194,1,1
Ann669,7239,0,0
Ann669,7254,1,1
Ann669,7262,0,0
Ann669,7289,0,0
Ann669,7328,0,0
Ann669,7342,0,0
Ann669,7361,1,0
Ann669,7387,0,1
Ann669,7413,0,0
Ann669,7421,1,1
Ann669,7446,1,1
Ann669,7474,1,0
Ann669,7503,1,0
Ann669,7641,0,0
Ann669,7672,1,0
Ann669,7693,1,0
Ann669,78,0,0
Ann669,781,0,0
Ann669,800,0,1
Ann669,802,0,0
Ann669,832,0,0
Ann669,841,0,0
Ann669,850,0,0
Ann669,86,0,0
Ann669,867,0,0
Ann669,920,1,1
Ann669,926,0,0
Ann669,936,0,0
Ann669,982,1,1
Ann677,10011,1,0
Ann677,10127,1,0
Ann677,10339,0,0
Ann677,10362,0,0
Ann677,10446,0,0
Ann677,8157,0,0
Ann677,8193,1,0
Ann677,8200,0,0
Ann677,8578,1,0
Ann677,8682,0,1
Ann677,8760,1,0
Ann677,8860,0,0
Ann677,9107,0,0
Ann677,9584,0,1
Ann677,9651,1,0
Ann677,9707,0,0
Ann677,9831,1,1
Ann678,1679,0,0
Ann678,2926,1,0
Ann678,5603,0,0
Ann678,6437,1,0
Ann678,7057,1,0
Ann678,7417,0,0
Ann684,1657,0,0
Ann684,1770,0,1
Ann684,2170,0,0
Ann684,4100,0,0
Ann684,4126,0,0
Ann684,4593,0,0
Ann684,4787,0,0
Ann684,5043,0,0
Ann684,5993,0,0
Ann684,6379,0,0
Ann684,6386,0,0
Ann684,6732,0,0
Ann684,7214,0,0
Ann684,7309,0,0
Ann684,785,0,0
Ann684,848,0,0
Ann688,10052,0,0
Ann688,10410,0,0
Ann688,10445,0,0
Ann688,10602,1,1
Ann688,10749,0,0
Ann688,1173,1,0
Ann688,403,0,0
Ann688,4361,0,0
Ann688,4459,1,0
Ann688,5115,0,0
Ann688,5894,0,0
Ann688,717,0,0
Ann688,7719,0,0
Ann688,7877,1,1
Ann688,7891,0,0
Ann688,7892,0,0
Ann688,8067,0,0
Ann688,8184,0,0
Ann688,8216,0,0
Ann688,8242,1,1
Ann688,8255,1,0
Ann688,8289,0,0
Ann688,8290,0,0
Ann688,8478,1,0
Ann688,8513,0,0
Ann688,8735,0,0
Ann688,8745,0,0
Ann688,8778,0,0
Ann688,8808,0,1
Ann688,9097,0,0
Ann688,9123,1,0
Ann688,9150,0,0
Ann688,9153,1,1
Ann688,9173,0,0
Ann688,9418,0,0
Ann688,9490,0,0
Ann688,9812,1,1
Ann688,9829,0,0
Ann688,9856,0,0
Ann689,127,1,1
Ann689,1469,1,1
Ann689,1546,0,0
Ann689,1647,1,1
Ann689,2008,0,0
Ann689,2082,0,0
Ann689,2494,1,1
Ann689,3045,1,0
Ann689,3212,1,1
Ann689,3369,0,0
Ann689,3434,1,1
Ann689,3551,1,1
Ann689,3754,1,0
Ann689,3813,1,1
Ann689,4069,0,0
Ann689,464,1,1
Ann689,4740,1,1
Ann689,5064,1,1
Ann689,5546,1,0
Ann689,5561,0,1
Ann689,6298,0,0
Ann689,6470,0,0
Ann689,6960,1,1
Ann689,7041,1,0
Ann689,7442,1,0
Ann69,3091,0,0
Ann69,3251,1,1
Ann69,5211,0,0
Ann69,5438,1,1
Ann69,6698,0,1
Ann69,6707,0,None text: 8 years of no scandals. you can go back to that. #44thpresident #barackobama #bidenharris2020 #bidenharris #bidenharristosaveamerica #votebluenomatterwho11320 #votebluenomatterwho2020 #votebluetosaveamerica #voteblue2020 #resistance
Ann69,6786,0,0
Ann69,6979,0,1
Ann69,7374,0,0
Ann69,7385,0,0
Ann691,1605,0,0
Ann691,2272,0,0
Ann691,3898,0,0
Ann691,438,0,0
Ann696,3702,1,0
Ann696,4606,1,0
Ann696,6003,1,0
Ann696,6081,0,0
Ann696,7236,0,0
Ann696,7320,0,0
Ann696,7367,1,0
Ann696,7402,0,0
Ann696,7445,0,0
Ann696,7587,1,0
Ann696,86,0,0
Ann698,2812,1,1
Ann698,3083,1,0
Ann698,5875,1,0
Ann698,6533,0,0
Ann698,6818,0,0
Ann702,1174,0,0
Ann702,224,1,None text: <user> <user> his promises are more empty than your hea
Ann702,2374,0,0
Ann702,4532,0,0
Ann704,1205,1,0
Ann704,1348,0,0
Ann704,1382,0,1
Ann704,1511,0,0
Ann704,1704,1,1
Ann704,1717,0,1
Ann704,1745,0,0
Ann704,1811,1,0
Ann704,1844,0,0
Ann704,1853,1,0
Ann704,190,0,0
Ann704,2017,0,0
Ann704,2195,0,0
Ann704,2259,0,1
Ann704,2285,0,0
Ann704,2290,0,0
Ann704,2428,1,1
Ann704,2527,0,1
Ann704,2685,1,1
Ann704,2823,1,1
Ann704,296,1,1
Ann704,3038,0,0
Ann704,321,1,1
Ann704,3250,1,1
Ann704,3269,0,0
Ann704,3314,1,0
Ann704,3316,1,0
Ann704,3417,1,0
Ann704,3599,0,1
Ann704,3684,0,0
Ann704,3735,0,0
Ann704,3968,0,1
Ann704,4160,0,0
Ann704,4190,0,0
Ann704,42,1,0
Ann704,4216,1,0
Ann704,4220,0,0
Ann704,4402,1,1
Ann704,4491,0,0
Ann704,4506,0,0
Ann704,4525,1,0
Ann704,4659,1,1
Ann704,4686,0,0
Ann704,4928,0,1
Ann704,4966,1,1
Ann704,5057,0,0
Ann704,5147,0,0
Ann704,5434,1,1
Ann704,555,0,0
Ann704,5552,0,0
Ann704,559,0,0
Ann704,5629,0,0
Ann704,5654,0,0
Ann704,5715,1,0
Ann704,5808,0,0
Ann704,5897,0,0
Ann704,590,1,1
Ann704,5975,1,0
Ann704,6019,0,0
Ann704,6045,1,0
Ann704,613,0,0
Ann704,6223,0,0
Ann704,661,1,1
Ann704,686,1,1
Ann704,7114,0,0
Ann704,7141,0,0
Ann704,7203,1,1
Ann704,7253,0,0
Ann704,7377,1,1
Ann704,7384,0,1
Ann704,7536,1,1
Ann704,7577,1,0
Ann704,7584,1,0
Ann704,7603,1,0
Ann704,7612,0,0
Ann704,7620,0,0
Ann704,7631,1,1
Ann704,7633,1,0
Ann704,7660,1,0
Ann704,786,0,0
Ann704,798,0,0
Ann704,895,1,0
Ann708,1036,0,0
Ann708,1063,0,0
Ann708,1067,1,0
Ann708,1096,0,0
Ann708,1106,0,0
Ann708,1122,0,0
Ann708,1141,0,0
Ann708,116,1,1
Ann708,1185,0,0
Ann708,1238,0,0
Ann708,1245,1,0
Ann708,1247,0,0
Ann708,1289,0,0
Ann708,1382,0,0
Ann708,1435,1,1
Ann708,1438,0,0
Ann708,1440,0,0
Ann708,1441,0,0
Ann708,1453,0,0
Ann708,1465,1,0
Ann708,1489,0,0
Ann708,1493,1,0
Ann708,152,1,1
Ann708,1579,0,0
Ann708,1593,0,0
Ann708,1603,0,0
Ann708,1616,0,0
Ann708,1620,0,0
Ann708,1634,0,0
Ann708,1648,0,0
Ann708,1693,0,0
Ann708,1699,0,0
Ann708,1708,0,0
Ann708,1716,0,0
Ann708,1723,0,0
Ann708,1756,0,1
Ann708,1789,1,0
Ann708,1795,0,0
Ann708,1808,0,1
Ann708,1831,0,0
Ann708,1845,0,0
Ann708,1860,1,0
Ann708,1862,0,0
Ann708,1892,0,0
Ann708,19,0,0
Ann708,1939,1,1
Ann708,1951,1,1
Ann708,1997,0,0
Ann708,2002,1,0
Ann708,2053,0,0
Ann708,2060,0,0
Ann708,2079,1,0
Ann708,2139,0,0
Ann708,2144,0,0
Ann708,2160,1,0
Ann708,221,0,0
Ann708,2223,0,0
Ann708,2229,0,0
Ann708,226,0,0
Ann708,2278,1,1
Ann708,2284,0,0
Ann708,2313,0,0
Ann708,2351,1,1
Ann708,2353,1,0
Ann708,2368,0,0
Ann708,2372,0,0
Ann708,2377,1,0
Ann708,2398,1,1
Ann708,2406,1,1
Ann708,2416,0,0
Ann708,2447,0,0
Ann708,2454,0,1
Ann708,2476,1,0
Ann708,2478,0,0
Ann708,2487,0,0
Ann708,2497,1,1
Ann708,2499,1,0
Ann708,2561,1,0
Ann708,2618,1,1
Ann708,2630,1,0
Ann708,2660,0,0
Ann708,2670,0,0
Ann708,2705,0,1
Ann708,2751,0,0
Ann708,2809,1,1
Ann708,2868,0,1
Ann708,2889,0,0
Ann708,29,0,0
Ann708,2915,0,0
Ann708,2922,0,0
Ann708,2973,0,0
Ann708,2996,0,0
Ann708,3037,0,0
Ann708,3096,0,0
Ann708,3141,0,0
Ann708,319,0,0
Ann708,3266,0,0
Ann708,3283,0,0
Ann708,3300,0,1
Ann708,3308,1,1
Ann708,331,1,0
Ann708,3314,1,0
Ann708,3336,0,0
Ann708,3345,1,1
Ann708,3353,0,0
Ann708,3357,0,None output: not offensiv
Ann708,3381,1,0
Ann708,3411,0,0
Ann708,3455,0,0
Ann708,3519,0,0
Ann708,3538,1,1
Ann708,3607,1,1
Ann708,3614,0,0
Ann708,3649,1,1
Ann708,3703,0,1
Ann708,3746,0,0
Ann708,3761,1,0
Ann708,3829,0,0
Ann708,3881,1,1
Ann708,3899,0,0
Ann708,3907,1,0
Ann708,3990,0,0
Ann708,4040,1,0
Ann708,4052,1,0
Ann708,4059,0,0
Ann708,4095,1,0
Ann708,41,1,0
Ann708,414,0,0
Ann708,4141,1,0
Ann708,4148,0,1
Ann708,4186,1,1
Ann708,419,0,0
Ann708,4207,0,0
Ann708,4218,0,1
Ann708,4261,0,0
Ann708,4346,0,0
Ann708,4385,1,1
Ann708,444,0,0
Ann708,4460,0,1
Ann708,448,0,0
Ann708,4502,0,0
Ann708,4519,0,0
Ann708,4535,1,1
Ann708,4558,1,1
Ann708,4571,0,0
Ann708,4577,0,0
Ann708,4588,1,0
Ann708,4600,0,0
Ann708,4601,1,1
Ann708,4604,0,1
Ann708,4640,0,0
Ann708,4672,0,0
Ann708,4681,0,0
Ann708,4690,0,0
Ann708,4706,0,0
Ann708,4780,0,0
Ann708,479,0,0
Ann708,4809,1,0
Ann708,4827,0,0
Ann708,4837,0,0
Ann708,4875,0,0
Ann708,4883,1,0
Ann708,4908,1,0
Ann708,4930,0,0
Ann708,4949,0,0
Ann708,4979,0,1
Ann708,5038,0,0
Ann708,5087,0,0
Ann708,5104,0,0
Ann708,5128,1,0
Ann708,5162,0,0
Ann708,5188,1,0
Ann708,5216,0,0
Ann708,5243,0,0
Ann708,5245,0,0
Ann708,5254,0,0
Ann708,5268,0,0
Ann708,5274,0,0
Ann708,5333,0,0
Ann708,5384,0,1
Ann708,5393,0,0
Ann708,5445,0,0
Ann708,5525,0,0
Ann708,553,0,0
Ann708,5537,0,0
Ann708,5548,0,0
Ann708,5624,0,0
Ann708,5633,0,0
Ann708,568,0,0
Ann708,5680,0,1
Ann708,572,1,0
Ann708,5765,0,0
Ann708,581,0,0
Ann708,5826,1,1
Ann708,5852,0,0
Ann708,5853,1,1
Ann708,5876,0,0
Ann708,5880,1,0
Ann708,5945,0,0
Ann708,5952,0,0
Ann708,5957,0,0
Ann708,6018,1,1
Ann708,6026,0,0
Ann708,6043,1,1
Ann708,6067,1,0
Ann708,619,0,1
Ann708,6214,0,0
Ann708,6220,0,0
Ann708,6254,1,1
Ann708,6287,0,0
Ann708,6296,0,0
Ann708,6329,0,0
Ann708,6334,0,0
Ann708,6375,1,0
Ann708,6425,0,0
Ann708,6440,1,0
Ann708,6453,0,0
Ann708,6474,1,1
Ann708,6518,0,0
Ann708,6546,1,0
Ann708,6575,0,0
Ann708,658,0,0
Ann708,6601,1,1
Ann708,6654,1,1
Ann708,666,0,0
Ann708,6681,0,0
Ann708,6730,0,0
Ann708,6765,1,0
Ann708,678,0,0
Ann708,6803,0,0
Ann708,6853,0,0
Ann708,6877,0,0
Ann708,6887,0,0
Ann708,6896,0,0
Ann708,6900,0,0
Ann708,6921,0,0
Ann708,6981,1,1
Ann708,6998,1,0
Ann708,7004,0,1
Ann708,7015,0,0
Ann708,7026,0,0
Ann708,7042,1,0
Ann708,7055,1,1
Ann708,7059,1,1
Ann708,708,0,0
Ann708,7104,1,1
Ann708,7131,1,1
Ann708,7148,0,0
Ann708,7156,0,None not offensiv
Ann708,7180,1,1
Ann708,7219,0,0
Ann708,726,1,1
Ann708,7286,1,0
Ann708,7292,0,0
Ann708,7315,1,1
Ann708,7337,0,0
Ann708,7338,1,1
Ann708,7409,0,0
Ann708,7453,0,0
Ann708,7476,1,1
Ann708,7482,0,0
Ann708,7499,0,0
Ann708,7545,1,0
Ann708,7557,0,0
Ann708,756,1,0
Ann708,7572,0,0
Ann708,7621,1,0
Ann708,7624,0,1
Ann708,7627,0,0
Ann708,7650,0,0
Ann708,7651,0,0
Ann708,7668,0,0
Ann708,7671,0,0
Ann708,7682,1,0
Ann708,852,0,1
Ann708,855,1,1
Ann708,927,1,0
Ann708,998,0,0
Ann716,1395,0,0
Ann716,1787,0,0
Ann716,5736,0,0
Ann716,6365,0,0
Ann721,1030,0,0
Ann721,1060,0,0
Ann721,1092,0,0
Ann721,1107,1,0
Ann721,1156,0,0
Ann721,1179,0,0
Ann721,1217,1,0
Ann721,1241,0,0
Ann721,1253,0,0
Ann721,1260,1,0
Ann721,1368,0,0
Ann721,1371,0,0
Ann721,1470,0,1
Ann721,1475,1,0
Ann721,150,1,1
Ann721,1502,0,0
Ann721,1522,0,0
Ann721,1578,0,0
Ann721,1800,0,0
Ann721,1861,0,0
Ann721,1877,0,0
Ann721,1923,0,0
Ann721,2,1,0
Ann721,2009,0,0
Ann721,2028,1,0
Ann721,2030,1,0
Ann721,2038,0,0
Ann721,2062,0,0
Ann721,2129,0,0
Ann721,2156,0,0
Ann721,217,0,0
Ann721,2174,1,0
Ann721,2175,0,1
Ann721,2255,0,0
Ann721,2280,1,1
Ann721,2355,0,0
Ann721,239,0,0
Ann721,2453,1,1
Ann721,2488,0,0
Ann721,2491,0,0
Ann721,2513,0,0
Ann721,2526,0,0
Ann721,2532,0,0
Ann721,2559,0,0
Ann721,2631,0,0
Ann721,2646,0,1
Ann721,2651,0,1
Ann721,2661,1,0
Ann721,2692,0,0
Ann721,2703,0,0
Ann721,2711,0,0
Ann721,2719,0,1
Ann721,2720,0,0
Ann721,2727,0,0
Ann721,2756,1,0
Ann721,2768,0,1
Ann721,2782,0,0
Ann721,2869,0,0
Ann721,2876,0,0
Ann721,2882,0,0
Ann721,2942,0,0
Ann721,2957,0,0
Ann721,2992,1,0
Ann721,30,1,0
Ann721,3055,1,1
Ann721,311,0,0
Ann721,3135,0,0
Ann721,3138,0,0
Ann721,3173,0,0
Ann721,3175,0,0
Ann721,3185,1,0
Ann721,3343,0,0
Ann721,3344,1,0
Ann721,3347,0,0
Ann721,3401,0,0
Ann721,3410,0,0
Ann721,3475,0,0
Ann721,3613,0,0
Ann721,3651,1,1
Ann721,3656,0,0
Ann721,367,1,0
Ann721,3734,0,0
Ann721,3744,0,0
Ann721,379,1,0
Ann721,3802,0,0
Ann721,3809,0,0
Ann721,3840,0,0
Ann721,3877,1,1
Ann721,388,1,0
Ann721,3887,0,0
Ann721,3888,0,0
Ann721,39,0,0
Ann721,3923,0,0
Ann721,3987,0,0
Ann721,3999,0,0
Ann721,4029,0,0
Ann721,4237,0,0
Ann721,4260,0,0
Ann721,4262,0,0
Ann721,427,0,0
Ann721,4270,0,1
Ann721,4294,0,0
Ann721,437,0,0
Ann721,4371,1,0
Ann721,4442,1,0
Ann721,4457,0,0
Ann721,4466,0,0
Ann721,4500,0,0
Ann721,4521,1,1
Ann721,4583,1,0
Ann721,4585,0,0
Ann721,4611,1,0
Ann721,4747,0,0
Ann721,4774,0,0
Ann721,4822,0,0
Ann721,4885,1,0
Ann721,4912,1,0
Ann721,4967,0,0
Ann721,5003,1,0
Ann721,5034,1,0
Ann721,5039,0,0
Ann721,5046,0,0
Ann721,5099,0,0
Ann721,5108,1,0
Ann721,5143,0,0
Ann721,5158,0,0
Ann721,516,0,0
Ann721,5161,1,0
Ann721,5167,0,0
Ann721,5175,0,0
Ann721,5192,0,0
Ann721,5210,0,1
Ann721,5211,0,0
Ann721,5265,1,0
Ann721,5267,0,0
Ann721,538,0,0
Ann721,5485,0,0
Ann721,5570,0,0
Ann721,5573,0,0
Ann721,5582,0,0
Ann721,5627,0,0
Ann721,5642,0,0
Ann721,5647,0,0
Ann721,5681,0,0
Ann721,5690,0,1
Ann721,5734,0,0
Ann721,5743,0,0
Ann721,5763,0,0
Ann721,5793,0,0
Ann721,5828,0,0
Ann721,586,0,1
Ann721,593,0,0
Ann721,5978,1,1
Ann721,5988,1,0
Ann721,6016,0,0
Ann721,6051,1,1
Ann721,610,0,0
Ann721,6192,1,0
Ann721,6238,0,0
Ann721,6315,0,0
Ann721,6333,0,0
Ann721,6373,1,0
Ann721,648,0,0
Ann721,6563,0,0
Ann721,6600,0,0
Ann721,6625,0,0
Ann721,6629,1,0
Ann721,6673,0,0
Ann721,6697,0,0
Ann721,6738,0,0
Ann721,6775,0,0
Ann721,6796,0,0
Ann721,6809,0,1
Ann721,6824,0,1
Ann721,683,0,0
Ann721,6857,0,0
Ann721,6993,0,0
Ann721,705,1,1
Ann721,7073,0,0
Ann721,7076,1,0
Ann721,7083,0,0
Ann721,7102,0,0
Ann721,7103,0,0
Ann721,7113,0,0
Ann721,714,1,1
Ann721,7277,0,0
Ann721,7297,0,0
Ann721,7310,0,0
Ann721,7352,0,1
Ann721,7353,0,1
Ann721,7403,0,0
Ann721,7405,0,0
Ann721,7535,0,0
Ann721,7576,0,1
Ann721,7644,1,0
Ann721,7666,0,0
Ann721,777,0,0
Ann721,783,0,0
Ann721,827,0,0
Ann721,864,0,1
Ann721,866,0,0
Ann721,891,0,0
Ann721,906,0,0
Ann721,922,0,0
Ann721,975,0,0
Ann721,989,0,0
Ann728,10169,0,0
Ann728,10177,0,0
Ann728,10232,0,0
Ann728,10305,0,0
Ann728,10412,0,0
Ann728,10743,0,0
Ann728,1250,0,0
Ann728,1987,1,1
Ann728,2297,1,0
Ann728,2726,1,0
Ann728,3547,1,0
Ann728,3781,1,1
Ann728,4163,1,0
Ann728,4310,1,0
Ann728,4318,1,1
Ann728,4386,1,1
Ann728,5227,1,1
Ann728,5673,0,1
Ann728,6233,0,0
Ann728,630,1,0
Ann728,6635,0,0
Ann728,6742,0,0
Ann728,7816,0,0
Ann728,8153,0,0
Ann728,8323,0,1
Ann728,8377,0,0
Ann728,8451,0,0
Ann728,8505,0,1
Ann728,8569,0,0
Ann728,8633,0,0
Ann728,8675,0,1
Ann728,8683,0,0
Ann728,8732,0,0
Ann728,9017,0,0
Ann728,9180,0,1
Ann728,9334,0,0
Ann728,9479,0,1
Ann728,9728,0,0
Ann728,973,1,0
Ann728,9777,0,0
Ann73,1576,0,1
Ann73,2693,0,0
Ann73,3164,0,0
Ann73,535,0,0
Ann73,5953,0,0
Ann73,6808,0,0
Ann732,1848,0,0
Ann732,215,0,0
Ann732,3089,1,0
Ann732,3101,0,0
Ann732,348,0,0
Ann732,5740,0,0
Ann732,6691,1,1
Ann732,921,0,0
Ann741,1011,0,0
Ann741,1025,0,0
Ann741,1071,0,1
Ann741,1296,0,0
Ann741,1328,0,0
Ann741,2146,0,0
Ann741,227,0,0
Ann741,2271,0,0
Ann741,2314,0,0
Ann741,244,0,0
Ann741,2623,0,0
Ann741,2716,0,0
Ann741,2737,1,0
Ann741,2741,0,0
Ann741,2797,0,0
Ann741,285,0,0
Ann741,2966,0,0
Ann741,3065,0,0
Ann741,3194,0,0
Ann741,3227,0,0
Ann741,3255,0,0
Ann741,3698,0,0
Ann741,3906,1,0
Ann741,391,0,0
Ann741,40,0,0
Ann741,4025,0,0
Ann741,4070,0,0
Ann741,4204,0,0
Ann741,4323,0,1
Ann741,4350,0,0
Ann741,4370,0,0
Ann741,4435,0,0
Ann741,4528,0,0
Ann741,4926,1,0
Ann741,4981,0,0
Ann741,5186,1,0
Ann741,5302,0,0
Ann741,5543,0,0
Ann741,5686,0,0
Ann741,5691,0,0
Ann741,5732,0,0
Ann741,5733,0,0
Ann741,5847,0,0
Ann741,5851,0,0
Ann741,5984,0,0
Ann741,6108,0,0
Ann741,6112,0,0
Ann741,6169,1,1
Ann741,6173,0,0
Ann741,6179,0,0
Ann741,621,0,0
Ann741,6251,0,1
Ann741,6281,0,0
Ann741,6321,1,1
Ann741,6445,1,0
Ann741,6450,0,0
Ann741,6522,0,0
Ann741,6864,0,0
Ann741,6906,0,0
Ann741,6943,0,0
Ann741,7012,1,0
Ann741,7050,0,0
Ann741,7072,1,1
Ann741,7115,0,0
Ann741,7417,0,1
Ann741,7498,1,0
Ann741,7608,0,0
Ann741,910,0,0
Ann742,1068,0,0
Ann742,1137,0,0
Ann742,116,1,0
Ann742,1301,0,0
Ann742,1605,0,0
Ann742,1802,1,1
Ann742,1957,1,0
Ann742,2180,0,0
Ann742,2835,0,0
Ann742,3447,0,0
Ann742,4128,0,0
Ann742,5213,0,0
Ann742,6344,0,0
Ann742,762,0,1
Ann745,4214,0,0
Ann745,4527,0,0
Ann745,474,0,1
Ann745,4773,0,0
Ann745,6543,0,0
Ann745,999,1,0
Ann748,1020,0,0
Ann748,1035,0,0
Ann748,1159,1,1
Ann748,190,0,0
Ann748,2056,1,0
Ann748,2574,0,0
Ann748,2626,0,0
Ann748,2655,0,0
Ann748,2881,1,0
Ann748,2906,0,0
Ann748,3625,0,0
Ann748,3669,1,1
Ann748,3676,0,0
Ann748,3773,1,0
Ann748,3779,0,0
Ann748,393,0,0
Ann748,413,1,1
Ann748,4176,0,1
Ann748,4229,1,0
Ann748,4301,0,0
Ann748,4576,1,0
Ann748,504,1,0
Ann748,5117,0,0
Ann748,535,0,0
Ann748,5547,0,0
Ann748,559,0,0
Ann748,5677,0,0
Ann748,5837,0,0
Ann748,5883,0,0
Ann748,600,0,0
Ann748,6122,0,0
Ann748,6235,0,1
Ann748,6467,1,0
Ann748,6668,1,0
Ann748,681,0,0
Ann748,7184,0,0
Ann748,7393,0,0
Ann748,7434,0,0
Ann748,7444,0,0
Ann748,748,0,0
Ann748,7692,0,0
Ann748,807,0,0
Ann748,947,1,0
Ann758,10179,0,0
Ann758,10221,0,0
Ann758,7784,0,0
Ann758,8131,0,0
Ann758,8311,1,0
Ann758,8892,1,1
Ann758,9122,0,0
Ann758,9494,1,0
Ann758,9704,1,0
Ann759,2790,0,0
Ann759,2980,0,0
Ann759,3234,0,0
Ann759,5473,1,0
Ann759,6411,0,0
Ann759,6963,0,0
Ann764,1036,0,0
Ann764,1795,0,0
Ann764,2137,0,0
Ann764,4779,1,1
Ann764,4948,0,0
Ann764,5243,0,0
Ann764,62,0,0
Ann764,7089,0,1
Ann764,7399,0,0
Ann764,7546,1,1
Ann771,10023,1,1
Ann771,10025,1,1
Ann771,10048,0,0
Ann771,10056,1,1
Ann771,10091,1,0
Ann771,10132,1,1
Ann771,10154,0,0
Ann771,10222,0,0
Ann771,10253,0,0
Ann771,10267,1,1
Ann771,10287,0,0
Ann771,10293,0,0
Ann771,10297,0,0
Ann771,10308,0,0
Ann771,10343,0,0
Ann771,10347,0,1
Ann771,10348,0,0
Ann771,10352,1,1
Ann771,10354,0,0
Ann771,10388,0,0
Ann771,10423,1,1
Ann771,10456,1,1
Ann771,10473,0,0
Ann771,10514,0,0
Ann771,10548,0,0
Ann771,10549,0,0
Ann771,10579,1,0
Ann771,10636,1,0
Ann771,10690,1,0
Ann771,10724,0,0
Ann771,185,0,0
Ann771,20,1,0
Ann771,2140,1,1
Ann771,2356,1,1
Ann771,2531,1,0
Ann771,3474,1,0
Ann771,3856,1,0
Ann771,4130,1,0
Ann771,5602,1,0
Ann771,5729,1,0
Ann771,5947,1,0
Ann771,672,1,1
Ann771,7705,1,0
Ann771,7713,1,1
Ann771,7726,1,0
Ann771,7732,1,1
Ann771,7735,0,0
Ann771,7762,0,0
Ann771,7775,0,0
Ann771,7783,1,1
Ann771,7785,0,0
Ann771,7807,0,0
Ann771,7810,0,0
Ann771,7826,1,1
Ann771,7840,1,0
Ann771,7854,1,1
Ann771,7861,1,1
Ann771,7881,0,0
Ann771,7897,1,1
Ann771,7929,0,0
Ann771,7949,0,0
Ann771,7978,1,0
Ann771,8007,1,0
Ann771,8017,0,0
Ann771,8060,1,1
Ann771,8071,0,1
Ann771,8089,0,0
Ann771,8094,0,0
Ann771,8143,0,0
Ann771,8167,0,0
Ann771,8174,1,0
Ann771,8187,1,0
Ann771,8192,1,0
Ann771,8227,0,0
Ann771,8325,1,1
Ann771,8341,1,1
Ann771,8356,0,0
Ann771,8391,0,1
Ann771,8442,1,0
Ann771,8491,1,0
Ann771,8529,0,0
Ann771,8533,0,0
Ann771,8542,1,1
Ann771,8543,1,0
Ann771,8555,1,0
Ann771,8571,1,0
Ann771,8585,0,0
Ann771,8592,0,0
Ann771,8618,0,1
Ann771,8636,0,0
Ann771,8651,0,0
Ann771,8652,0,0
Ann771,8653,1,0
Ann771,8658,0,0
Ann771,8793,0,0
Ann771,8817,1,0
Ann771,8822,1,1
Ann771,8866,0,0
Ann771,8934,0,0
Ann771,8974,0,1
Ann771,8976,1,0
Ann771,8978,1,0
Ann771,8987,0,0
Ann771,9038,0,0
Ann771,9052,0,0
Ann771,9082,1,1
Ann771,9136,1,0
Ann771,9137,0,0
Ann771,9149,1,1
Ann771,9170,1,1
Ann771,9285,1,1
Ann771,9309,0,0
Ann771,9326,0,0
Ann771,9331,0,0
Ann771,9344,1,0
Ann771,9347,1,0
Ann771,9380,1,0
Ann771,9387,0,1
Ann771,9396,1,1
Ann771,9403,0,0
Ann771,9408,0,0
Ann771,9426,0,0
Ann771,9468,1,1
Ann771,9511,0,0
Ann771,9558,1,1
Ann771,9580,1,0
Ann771,9583,1,1
Ann771,9592,1,1
Ann771,9603,0,0
Ann771,9610,1,0
Ann771,9612,1,0
Ann771,9616,0,0
Ann771,9627,1,0
Ann771,9628,1,1
Ann771,9632,0,1
Ann771,9676,0,0
Ann771,9684,1,0
Ann771,9700,1,1
Ann771,9702,0,0
Ann771,9723,0,0
Ann771,9739,1,1
Ann771,9749,0,0
Ann771,9754,0,0
Ann771,9755,0,1
Ann771,9780,0,0
Ann771,9790,0,0
Ann771,9797,0,0
Ann771,9806,1,0
Ann771,9822,1,0
Ann771,9851,0,0
Ann771,9857,1,1
Ann771,9919,1,0
Ann771,9931,1,0
Ann771,9932,1,0
Ann771,9933,0,1
Ann771,9937,1,1
Ann771,9961,0,0
Ann771,9977,0,0
Ann771,9987,0,0
Ann771,9991,1,0
Ann778,1175,1,1
Ann778,1675,1,1
Ann778,1763,1,0
Ann778,2080,0,0
Ann778,2466,0,0
Ann778,2641,1,1
Ann778,2850,0,1
Ann778,4221,0,0
Ann778,4499,1,0
Ann778,497,0,1
Ann778,5542,0,0
Ann778,5607,1,0
Ann778,5849,0,0
Ann778,6155,1,0
Ann778,6466,1,0
Ann778,6509,0,0
Ann778,6872,1,0
Ann778,6891,1,0
Ann780,1157,1,0
Ann780,154,1,0
Ann780,209,1,0
Ann780,280,1,0
Ann780,4226,1,1
Ann780,4239,1,0
Ann780,5181,1,0
Ann780,5394,0,0
Ann781,1147,0,1
Ann781,1212,1,0
Ann781,1323,1,0
Ann781,1497,0,0
Ann781,1831,0,0
Ann781,2318,0,0
Ann781,274,0,0
Ann781,2759,1,1
Ann781,2948,0,0
Ann781,3201,1,1
Ann781,3414,1,1
Ann781,3951,0,1
Ann781,4126,0,0
Ann781,432,0,0
Ann781,4684,1,0
Ann781,4949,0,0
Ann781,4958,0,0
Ann781,5305,0,0
Ann781,532,0,0
Ann781,5825,0,0
Ann781,5905,1,0
Ann781,6065,0,0
Ann781,6082,1,0
Ann781,6207,0,0
Ann781,6290,0,0
Ann781,6716,0,0
Ann781,7543,1,0
Ann781,93,0,0
Ann782,1167,0,0
Ann782,2890,1,1
Ann782,393,0,0
Ann782,6169,1,1
Ann785,1310,0,0
Ann785,1534,0,0
Ann785,1767,0,0
Ann785,2779,0,0
Ann785,2793,1,0
Ann785,2818,1,0
Ann785,3926,0,0
Ann785,4299,0,0
Ann785,6399,0,0
Ann785,7108,0,0
Ann785,7187,1,0
Ann785,7645,1,0
Ann785,786,0,0
Ann785,919,0,0
Ann793,1217,1,0
Ann793,1278,0,0
Ann793,1339,1,0
Ann793,1375,1,0
Ann793,1429,1,0
Ann793,144,1,1
Ann793,1447,1,0
Ann793,1459,1,1
Ann793,1462,0,1
Ann793,1475,1,0
Ann793,1505,1,0
Ann793,1524,0,1
Ann793,1604,1,0
Ann793,1611,1,0
Ann793,1700,1,1
Ann793,1744,1,1
Ann793,1839,1,0
Ann793,1873,1,1
Ann793,2030,1,0
Ann793,2061,1,0
Ann793,2174,1,1
Ann793,2279,1,0
Ann793,2451,1,0
Ann793,2462,1,1
Ann793,260,0,0
Ann793,2747,1,0
Ann793,2804,1,0
Ann793,2855,1,0
Ann793,2870,1,1
Ann793,2937,1,0
Ann793,3051,1,0
Ann793,3115,1,1
Ann793,3152,1,1
Ann793,3330,1,1
Ann793,3508,0,0
Ann793,3574,1,1
Ann793,3663,0,0
Ann793,37,1,1
Ann793,3711,1,0
Ann793,3744,0,0
Ann793,3914,1,0
Ann793,400,0,0
Ann793,4087,1,0
Ann793,4121,1,1
Ann793,4358,1,0
Ann793,4423,1,0
Ann793,4432,1,1
Ann793,4548,1,0
Ann793,4590,1,0
Ann793,4793,1,0
Ann793,5154,1,0
Ann793,5200,0,1
Ann793,5217,1,0
Ann793,5223,0,0
Ann793,5285,0,0
Ann793,5316,0,0
Ann793,5396,0,0
Ann793,5429,1,1
Ann793,5588,1,1
Ann793,5687,1,1
Ann793,586,0,1
Ann793,5889,1,0
Ann793,5978,1,1
Ann793,5988,1,1
Ann793,6161,1,1
Ann793,6188,1,1
Ann793,6248,1,1
Ann793,6410,1,1
Ann793,6588,0,0
Ann793,6610,1,0
Ann793,6750,1,0
Ann793,6838,1,0
Ann793,6840,0,1
Ann793,6843,0,0
Ann793,687,1,1
Ann793,7008,1,0
Ann793,7191,1,1
Ann793,7301,1,1
Ann793,7331,1,1
Ann793,818,1,0
Ann793,845,1,0
Ann793,911,1,0
Ann793,976,0,0
Ann799,1189,0,0
Ann799,143,0,0
Ann799,2018,0,0
Ann799,2035,0,0
Ann799,233,0,0
Ann799,311,0,0
Ann799,473,0,0
Ann799,5000,0,0
Ann799,6142,0,0
Ann799,6627,0,0
Ann799,6660,0,0
Ann799,6696,0,0
Ann799,6843,0,0
Ann799,732,0,0
Ann799,7649,0,0
Ann8,118,0,0
Ann8,1271,1,1
Ann8,1507,0,0
Ann8,2411,0,0
Ann8,3087,1,0
Ann8,4316,1,0
Ann8,4372,0,0
Ann8,4465,1,1
Ann8,4542,0,0
Ann8,4884,0,0
Ann8,5986,1,0
Ann8,6227,1,0
Ann8,6621,0,0
Ann8,6888,1,0
Ann8,7047,0,0
Ann8,7132,0,0
Ann8,7259,1,0
Ann8,7264,0,0
Ann8,7265,0,0
Ann8,7350,0,0
Ann8,7457,0,0
Ann8,7528,0,0
Ann8,7678,0,0
Ann80,1412,0,0
Ann80,1452,0,0
Ann80,1746,0,0
Ann80,2158,0,0
Ann80,2560,0,0
Ann80,271,0,0
Ann80,2841,0,0
Ann80,3001,0,0
Ann80,3136,0,0
Ann80,3668,0,0
Ann80,3933,0,0
Ann80,433,0,0
Ann80,509,0,0
Ann80,5522,0,0
Ann80,5732,0,0
Ann80,600,0,0
Ann80,6264,0,0
Ann80,6622,0,0
Ann80,7072,1,1
Ann80,7410,1,0
Ann80,7521,0,0
Ann80,7556,0,0
Ann80,7578,0,0
Ann80,823,0,0
Ann801,1319,0,0
Ann801,167,0,0
Ann801,2520,0,0
Ann801,295,0,0
Ann801,3669,1,1
Ann801,6620,1,0
Ann801,6996,0,0
Ann801,7010,1,0
Ann801,7094,0,0
Ann801,7416,1,0
Ann801,7570,0,0
Ann802,1293,1,0
Ann802,1829,0,0
Ann802,2373,0,0
Ann802,2388,1,0
Ann802,3284,0,0
Ann802,392,1,0
Ann802,3989,1,0
Ann802,4139,0,0
Ann802,5299,0,1
Ann802,5340,1,0
Ann802,5811,1,1
Ann802,5898,1,0
Ann802,6160,1,1
Ann802,6418,0,0
Ann802,699,0,0
Ann802,7565,1,0
Ann804,10463,1,0
Ann804,10587,0,0
Ann804,8307,0,0
Ann804,8308,0,1
Ann804,8324,0,0
Ann804,8669,0,0
Ann804,8757,1,0
Ann81,1003,0,0
Ann81,1286,0,0
Ann81,1379,1,0
Ann81,1380,0,0
Ann81,148,0,0
Ann81,1621,0,1
Ann81,1626,0,0
Ann81,1817,1,1
Ann81,1822,0,0
Ann81,1852,1,0
Ann81,1889,1,0
Ann81,2006,0,0
Ann81,2073,0,0
Ann81,2133,0,0
Ann81,2141,0,1
Ann81,2157,0,0
Ann81,2194,0,0
Ann81,2270,0,0
Ann81,23,0,0
Ann81,2307,0,0
Ann81,2413,0,0
Ann81,2517,1,1
Ann81,2593,0,0
Ann81,2875,1,1
Ann81,2980,0,0
Ann81,3004,0,0
Ann81,3286,0,0
Ann81,3546,0,0
Ann81,3587,0,0
Ann81,3623,0,0
Ann81,3720,1,0
Ann81,3723,1,0
Ann81,3749,0,0
Ann81,375,0,0
Ann81,3760,0,0
Ann81,3892,0,0
Ann81,4063,0,0
Ann81,4253,1,0
Ann81,4341,0,0
Ann81,4427,0,0
Ann81,466,0,0
Ann81,4709,0,0
Ann81,4844,1,1
Ann81,4859,1,0
Ann81,4866,0,0
Ann81,4892,1,0
Ann81,4901,1,0
Ann81,4935,0,0
Ann81,5014,1,0
Ann81,5131,1,0
Ann81,5259,1,0
Ann81,5273,0,0
Ann81,5289,0,0
Ann81,5326,0,0
Ann81,539,0,0
Ann81,5402,1,0
Ann81,5519,0,0
Ann81,5597,0,0
Ann81,5655,0,0
Ann81,5657,0,0
Ann81,5708,0,0
Ann81,5916,0,1
Ann81,5922,1,0
Ann81,5951,1,1
Ann81,5997,0,0
Ann81,6022,1,1
Ann81,6066,1,0
Ann81,6105,1,0
Ann81,6127,0,0
Ann81,6156,1,1
Ann81,6442,0,0
Ann81,6513,0,0
Ann81,6528,1,0
Ann81,6584,0,0
Ann81,6598,0,0
Ann81,691,0,0
Ann81,7020,1,1
Ann81,711,1,1
Ann81,724,1,0
Ann81,7265,0,0
Ann81,7293,1,0
Ann81,7555,1,0
Ann81,7567,1,0
Ann81,7657,0,0
Ann81,806,0,0
Ann81,828,0,0
Ann81,833,0,0
Ann81,879,0,0
Ann81,880,1,0
Ann81,9,0,0
Ann81,953,0,0
Ann813,10002,0,0
Ann813,10018,0,0
Ann813,10069,0,0
Ann813,10098,1,0
Ann813,10101,0,0
Ann813,10105,0,0
Ann813,10150,0,1
Ann813,10187,0,0
Ann813,10231,0,1
Ann813,10239,1,0
Ann813,10243,0,0
Ann813,10296,1,1
Ann813,10342,0,0
Ann813,10360,0,0
Ann813,10376,1,1
Ann813,10420,0,0
Ann813,10426,1,0
Ann813,10455,0,0
Ann813,10462,0,0
Ann813,10515,0,0
Ann813,10519,0,0
Ann813,10656,0,0
Ann813,10697,0,0
Ann813,10711,0,0
Ann813,10729,1,0
Ann813,10744,1,0
Ann813,7707,0,0
Ann813,7722,0,0
Ann813,7744,0,0
Ann813,7751,0,0
Ann813,7800,0,0
Ann813,7808,0,0
Ann813,7851,0,0
Ann813,7886,0,0
Ann813,7938,0,0
Ann813,7967,1,0
Ann813,8050,1,0
Ann813,8125,0,0
Ann813,8152,0,0
Ann813,8344,0,0
Ann813,8364,1,0
Ann813,8371,0,0
Ann813,8374,1,1
Ann813,8404,0,0
Ann813,8459,1,0
Ann813,8489,0,0
Ann813,8626,0,0
Ann813,8686,1,0
Ann813,8703,0,0
Ann813,8861,1,0
Ann813,8870,0,0
Ann813,8882,0,0
Ann813,8944,1,1
Ann813,9021,0,0
Ann813,9076,0,0
Ann813,9126,0,0
Ann813,9128,0,0
Ann813,9130,0,0
Ann813,9161,1,0
Ann813,9181,0,0
Ann813,9188,1,0
Ann813,9231,1,0
Ann813,9341,1,0
Ann813,9361,0,0
Ann813,9429,1,0
Ann813,9449,0,1
Ann813,9477,0,0
Ann813,9503,0,0
Ann813,9512,0,1
Ann813,9529,0,0
Ann813,9531,0,0
Ann813,9591,0,0
Ann813,9710,0,0
Ann813,9776,0,0
Ann813,9832,1,0
Ann813,9846,0,0
Ann813,9912,1,1
Ann813,9938,0,0
Ann813,9950,1,0
Ann813,9954,0,0
Ann817,2221,1,0
Ann817,4610,1,0
Ann817,4674,0,0
Ann817,4781,1,0
Ann817,494,0,0
Ann817,5941,1,0
Ann817,6017,0,0
Ann817,7556,0,0
Ann84,10002,0,1
Ann84,10187,0,0
Ann84,10656,0,0
Ann84,10711,0,0
Ann84,7707,0,0
Ann84,7744,0,0
Ann84,9161,1,0
Ann84,9449,0,0
Ann84,9846,0,0
Ann85,10027,0,0
Ann85,10030,0,1
Ann85,10036,0,1
Ann85,10038,1,1
Ann85,10049,1,0
Ann85,10050,0,1
Ann85,10059,0,0
Ann85,10060,1,0
Ann85,10065,0,0
Ann85,10070,1,1
Ann85,10071,1,0
Ann85,10086,0,0
Ann85,10090,0,1
Ann85,10092,0,0
Ann85,10097,0,0
Ann85,10109,0,0
Ann85,10116,0,0
Ann85,10117,1,0
Ann85,10118,0,0
Ann85,10128,1,1
Ann85,10130,1,0
Ann85,10142,1,1
Ann85,10146,0,0
Ann85,10152,1,0
Ann85,10156,0,0
Ann85,10170,0,1
Ann85,10175,0,0
Ann85,10177,0,0
Ann85,10182,0,0
Ann85,10194,1,1
Ann85,10196,0,0
Ann85,10217,0,0
Ann85,10226,0,0
Ann85,10227,1,1
Ann85,10230,0,0
Ann85,10234,1,0
Ann85,10245,1,0
Ann85,10265,0,0
Ann85,10273,0,1
Ann85,10281,1,1
Ann85,10305,0,0
Ann85,10311,1,0
Ann85,10321,1,0
Ann85,10325,0,0
Ann85,10331,1,0
Ann85,10337,0,0
Ann85,10349,0,0
Ann85,10353,1,1
Ann85,10363,1,1
Ann85,10376,1,1
Ann85,10387,0,0
Ann85,10405,0,1
Ann85,10408,1,0
Ann85,10416,0,0
Ann85,10429,0,1
Ann85,10431,1,0
Ann85,10439,0,0
Ann85,10458,1,0
Ann85,10467,1,0
Ann85,10484,0,0
Ann85,10496,1,0
Ann85,10499,1,1
Ann85,10516,1,1
Ann85,10525,1,1
Ann85,10526,0,1
Ann85,10535,0,0
Ann85,10541,0,1
Ann85,10542,0,0
Ann85,10547,0,0
Ann85,10550,0,1
Ann85,10552,0,0
Ann85,10560,0,0
Ann85,10567,1,0
Ann85,10572,1,0
Ann85,10585,0,0
Ann85,10593,1,1
Ann85,106,0,0
Ann85,10617,0,0
Ann85,10618,0,0
Ann85,10619,0,0
Ann85,10632,0,0
Ann85,10644,0,0
Ann85,10649,0,1
Ann85,10652,1,0
Ann85,10661,1,0
Ann85,10668,1,1
Ann85,10672,0,0
Ann85,10673,0,0
Ann85,10679,0,0
Ann85,10684,1,0
Ann85,10716,0,1
Ann85,10719,0,0
Ann85,10723,1,0
Ann85,10729,1,0
Ann85,10734,1,1
Ann85,10743,0,0
Ann85,10746,0,0
Ann85,1115,0,0
Ann85,1189,0,0
Ann85,1202,0,0
Ann85,1253,0,0
Ann85,1266,0,0
Ann85,1288,0,0
Ann85,1319,0,0
Ann85,1343,1,1
Ann85,1363,0,0
Ann85,1454,0,1
Ann85,1477,0,1
Ann85,1484,0,0
Ann85,1577,0,0
Ann85,162,1,1
Ann85,1627,0,0
Ann85,1635,0,0
Ann85,170,0,0
Ann85,1755,1,1
Ann85,180,1,1
Ann85,1888,1,0
Ann85,1889,1,0
Ann85,1935,1,0
Ann85,1945,0,0
Ann85,197,1,1
Ann85,1993,1,0
Ann85,2017,0,0
Ann85,2188,1,0
Ann85,2251,0,1
Ann85,2315,0,0
Ann85,2402,0,0
Ann85,2420,1,1
Ann85,2424,1,1
Ann85,2425,0,0
Ann85,2435,1,1
Ann85,2517,1,0
Ann85,2547,0,0
Ann85,2635,1,0
Ann85,2687,1,1
Ann85,2762,0,0
Ann85,2772,0,0
Ann85,2831,0,0
Ann85,2856,0,0
Ann85,2871,0,0
Ann85,2884,1,0
Ann85,2935,0,0
Ann85,299,0,0
Ann85,3055,1,1
Ann85,3059,0,0
Ann85,3114,0,0
Ann85,3133,0,0
Ann85,3146,0,0
Ann85,3159,0,1
Ann85,3256,0,0
Ann85,3270,0,0
Ann85,3287,0,0
Ann85,3294,1,1
Ann85,3347,0,0
Ann85,3367,1,1
Ann85,3404,0,0
Ann85,3437,0,0
Ann85,3934,0,0
Ann85,397,0,0
Ann85,4077,1,1
Ann85,4087,1,0
Ann85,4112,0,0
Ann85,4134,0,0
Ann85,4162,0,0
Ann85,4246,0,0
Ann85,430,1,0
Ann85,433,0,0
Ann85,4389,0,0
Ann85,44,0,0
Ann85,4441,0,1
Ann85,4458,1,0
Ann85,4492,0,0
Ann85,471,0,0
Ann85,4764,0,0
Ann85,4767,0,0
Ann85,4827,0,0
Ann85,4839,0,0
Ann85,4851,0,0
Ann85,4867,1,1
Ann85,4881,0,0
Ann85,4942,1,1
Ann85,5037,0,0
Ann85,5108,1,0
Ann85,5123,1,1
Ann85,5143,0,0
Ann85,5164,0,0
Ann85,5185,1,0
Ann85,5293,0,0
Ann85,5306,1,1
Ann85,5333,0,0
Ann85,5411,1,1
Ann85,5656,1,0
Ann85,5932,0,0
Ann85,6014,1,1
Ann85,605,1,1
Ann85,6193,1,1
Ann85,6202,0,0
Ann85,6399,0,0
Ann85,64,0,0
Ann85,65,1,1
Ann85,6520,0,0
Ann85,6585,0,0
Ann85,6588,0,1
Ann85,6597,0,0
Ann85,6621,0,0
Ann85,6653,0,0
Ann85,6695,1,1
Ann85,6728,1,1
Ann85,6752,1,0
Ann85,6955,1,1
Ann85,6990,1,1
Ann85,7000,0,0
Ann85,7192,1,0
Ann85,7218,0,0
Ann85,7263,1,0
Ann85,7310,0,0
Ann85,7372,0,1
Ann85,7456,0,0
Ann85,7572,0,0
Ann85,765,1,1
Ann85,7696,0,1
Ann85,7708,0,0
Ann85,7710,1,1
Ann85,7715,0,0
Ann85,7727,0,0
Ann85,7729,1,1
Ann85,7747,0,0
Ann85,7752,1,0
Ann85,7787,1,0
Ann85,7806,1,1
Ann85,7842,1,1
Ann85,7849,1,1
Ann85,7857,0,0
Ann85,7858,1,1
Ann85,7864,1,1
Ann85,7887,0,0
Ann85,7904,1,1
Ann85,7906,1,1
Ann85,7931,0,0
Ann85,7934,0,0
Ann85,7937,0,0
Ann85,7942,1,1
Ann85,7950,1,0
Ann85,7952,1,0
Ann85,796,0,0
Ann85,7964,0,0
Ann85,7977,1,0
Ann85,7989,0,0
Ann85,7994,0,0
Ann85,8009,0,0
Ann85,8012,1,1
Ann85,802,0,0
Ann85,8025,1,0
Ann85,8036,0,0
Ann85,8044,1,0
Ann85,8045,1,0
Ann85,8061,1,1
Ann85,8076,0,0
Ann85,8080,1,1
Ann85,8086,0,0
Ann85,8093,0,0
Ann85,8107,0,1
Ann85,8117,0,1
Ann85,8129,1,1
Ann85,8135,0,0
Ann85,8144,0,0
Ann85,8149,0,0
Ann85,8150,0,0
Ann85,8153,0,1
Ann85,8154,0,0
Ann85,8160,0,0
Ann85,8162,1,0
Ann85,8170,0,0
Ann85,8181,0,0
Ann85,8185,1,1
Ann85,8197,1,0
Ann85,82,1,1
Ann85,820,0,0
Ann85,8202,1,1
Ann85,8215,0,0
Ann85,8248,1,0
Ann85,8285,1,0
Ann85,8310,0,0
Ann85,8314,0,0
Ann85,8315,0,0
Ann85,8368,1,1
Ann85,8374,1,1
Ann85,8380,0,0
Ann85,8398,0,1
Ann85,8399,0,0
Ann85,84,0,0
Ann85,8412,0,1
Ann85,8413,0,0
Ann85,8414,0,1
Ann85,8415,1,1
Ann85,8417,0,0
Ann85,8433,0,0
Ann85,8434,1,1
Ann85,8439,0,1
Ann85,8444,0,0
Ann85,8448,1,1
Ann85,8452,1,0
Ann85,8454,0,0
Ann85,8456,0,0
Ann85,8459,1,0
Ann85,8460,1,1
Ann85,8463,0,0
Ann85,8468,0,0
Ann85,8469,0,0
Ann85,8486,1,0
Ann85,8492,1,1
Ann85,8495,0,0
Ann85,8504,1,1
Ann85,8530,0,0
Ann85,8532,1,1
Ann85,8540,0,0
Ann85,8541,1,1
Ann85,8550,0,0
Ann85,8552,0,1
Ann85,8572,1,1
Ann85,8573,0,1
Ann85,8574,0,0
Ann85,8590,1,0
Ann85,8612,0,0
Ann85,8627,1,0
Ann85,8631,0,0
Ann85,8633,0,0
Ann85,8637,1,0
Ann85,8649,1,1
Ann85,8661,1,1
Ann85,8664,1,1
Ann85,8674,0,0
Ann85,8686,1,0
Ann85,8715,1,0
Ann85,8717,1,0
Ann85,8718,1,0
Ann85,8726,1,0
Ann85,8730,1,1
Ann85,8732,0,0
Ann85,8736,0,0
Ann85,8751,0,0
Ann85,8766,0,1
Ann85,8784,1,0
Ann85,8785,0,0
Ann85,8786,0,0
Ann85,8788,0,0
Ann85,8790,1,1
Ann85,8792,0,0
Ann85,8795,0,0
Ann85,8797,0,0
Ann85,8801,0,0
Ann85,8802,1,0
Ann85,8824,1,0
Ann85,8826,0,0
Ann85,8830,0,0
Ann85,8831,0,0
Ann85,8839,0,1
Ann85,8844,0,0
Ann85,8846,1,1
Ann85,8876,0,0
Ann85,8897,1,0
Ann85,8908,1,0
Ann85,8911,0,0
Ann85,8925,1,1
Ann85,8928,0,1
Ann85,8930,0,0
Ann85,8940,0,0
Ann85,8942,0,1
Ann85,8944,1,1
Ann85,8954,1,1
Ann85,8967,0,0
Ann85,8970,1,1
Ann85,8980,0,0
Ann85,8984,0,0
Ann85,8986,0,0
Ann85,8997,1,0
Ann85,9005,1,0
Ann85,9007,0,0
Ann85,9014,1,1
Ann85,9023,1,1
Ann85,9027,0,0
Ann85,9053,0,0
Ann85,9055,0,0
Ann85,9067,0,0
Ann85,9069,0,0
Ann85,9074,0,0
Ann85,9078,0,0
Ann85,9099,0,0
Ann85,9112,1,1
Ann85,9132,0,0
Ann85,9138,0,1
Ann85,914,0,0
Ann85,9156,1,0
Ann85,9171,1,0
Ann85,9172,1,0
Ann85,9175,0,0
Ann85,9181,0,0
Ann85,9197,0,0
Ann85,9211,1,1
Ann85,9212,0,0
Ann85,9224,1,0
Ann85,9225,0,0
Ann85,9229,1,1
Ann85,9241,0,0
Ann85,9243,0,0
Ann85,9262,0,0
Ann85,9265,0,0
Ann85,9267,0,1
Ann85,9268,0,0
Ann85,9278,0,0
Ann85,9294,0,0
Ann85,9300,1,1
Ann85,9306,0,1
Ann85,9307,0,1
Ann85,9312,0,0
Ann85,9318,1,1
Ann85,9320,1,0
Ann85,9328,0,0
Ann85,9333,0,1
Ann85,9339,0,0
Ann85,9363,1,0
Ann85,9372,0,0
Ann85,9385,0,0
Ann85,9386,1,1
Ann85,9404,0,0
Ann85,9421,0,0
Ann85,9425,0,0
Ann85,9427,0,0
Ann85,9470,0,1
Ann85,9478,0,0
Ann85,9482,0,0
Ann85,9487,0,0
Ann85,949,0,0
Ann85,9492,1,0
Ann85,9504,0,0
Ann85,9513,0,0
Ann85,9533,0,1
Ann85,9546,0,0
Ann85,9550,0,0
Ann85,9552,0,0
Ann85,9559,1,0
Ann85,9565,0,0
Ann85,9587,1,0
Ann85,9589,0,0
Ann85,9594,0,0
Ann85,9595,1,1
Ann85,9602,0,1
Ann85,9605,1,1
Ann85,9625,1,0
Ann85,9637,0,0
Ann85,9650,0,0
Ann85,9654,0,0
Ann85,9656,0,0
Ann85,9657,1,0
Ann85,9672,0,0
Ann85,9690,0,0
Ann85,9703,0,0
Ann85,9705,1,1
Ann85,9712,1,1
Ann85,9725,0,0
Ann85,9727,0,0
Ann85,9731,0,1
Ann85,9743,0,0
Ann85,9752,1,0
Ann85,976,0,0
Ann85,9762,0,1
Ann85,9768,0,0
Ann85,9769,0,1
Ann85,9775,0,0
Ann85,9777,0,0
Ann85,9785,1,1
Ann85,9811,0,0
Ann85,9816,0,0
Ann85,9834,0,0
Ann85,9835,0,0
Ann85,9850,0,0
Ann85,9854,0,0
Ann85,9875,1,0
Ann85,9884,0,0
Ann85,9887,1,1
Ann85,9890,0,0
Ann85,9901,1,0
Ann85,9916,0,0
Ann85,9934,0,0
Ann85,9938,0,0
Ann85,994,0,1
Ann85,9943,1,1
Ann85,9951,1,1
Ann85,9954,0,0
Ann85,9966,0,0
Ann88,100,1,0
Ann88,1034,0,0
Ann88,1080,1,0
Ann88,1111,0,0
Ann88,1114,0,0
Ann88,1130,1,1
Ann88,1142,0,0
Ann88,1153,0,0
Ann88,1156,0,0
Ann88,1157,1,0
Ann88,1164,0,0
Ann88,1188,1,0
Ann88,1208,1,0
Ann88,1209,0,0
Ann88,1217,1,0
Ann88,1230,0,0
Ann88,1241,0,1
Ann88,1257,1,1
Ann88,130,0,0
Ann88,1315,0,0
Ann88,1337,1,1
Ann88,1347,1,0
Ann88,1373,0,0
Ann88,1379,1,0
Ann88,1381,0,0
Ann88,1470,0,1
Ann88,1477,0,0
Ann88,1486,1,0
Ann88,1492,0,0
Ann88,150,1,1
Ann88,1506,0,0
Ann88,1534,0,0
Ann88,1543,1,1
Ann88,1560,0,0
Ann88,1563,0,0
Ann88,1578,0,0
Ann88,160,0,1
Ann88,1604,1,0
Ann88,1641,0,1
Ann88,1670,1,0
Ann88,1704,1,1
Ann88,1712,0,0
Ann88,1794,0,0
Ann88,18,0,0
Ann88,180,1,0
Ann88,1825,1,0
Ann88,1828,1,0
Ann88,1866,0,0
Ann88,1905,0,1
Ann88,1925,1,0
Ann88,1938,0,0
Ann88,1946,1,1
Ann88,1956,0,0
Ann88,1972,0,0
Ann88,200,0,0
Ann88,2028,1,0
Ann88,2035,0,1
Ann88,2039,0,0
Ann88,2046,0,0
Ann88,2056,1,0
Ann88,2061,1,0
Ann88,2073,0,0
Ann88,2096,1,1
Ann88,2112,0,1
Ann88,2129,0,0
Ann88,2133,0,0
Ann88,2150,0,0
Ann88,2209,1,1
Ann88,2211,0,1
Ann88,2226,1,0
Ann88,2265,1,1
Ann88,2297,1,1
Ann88,2315,0,0
Ann88,2317,1,0
Ann88,2376,1,1
Ann88,2393,1,0
Ann88,2435,1,1
Ann88,2448,0,0
Ann88,2450,0,0
Ann88,2455,1,0
Ann88,2477,0,0
Ann88,2479,0,0
Ann88,2486,0,0
Ann88,2555,0,0
Ann88,2556,1,0
Ann88,2599,1,1
Ann88,2603,0,0
Ann88,2613,0,0
Ann88,2622,1,0
Ann88,2636,0,0
Ann88,2699,0,0
Ann88,2727,0,0
Ann88,2762,0,0
Ann88,2766,0,0
Ann88,2770,0,0
Ann88,2785,0,0
Ann88,2791,1,0
Ann88,2813,1,1
Ann88,2863,1,0
Ann88,2870,1,1
Ann88,2875,1,1
Ann88,2880,1,1
Ann88,2908,1,1
Ann88,2913,0,1
Ann88,2937,1,0
Ann88,3014,0,0
Ann88,3015,1,0
Ann88,3021,1,0
Ann88,3055,1,1
Ann88,3072,0,0
Ann88,3082,0,0
Ann88,3089,1,1
Ann88,3092,0,1
Ann88,3095,0,1
Ann88,3155,1,0
Ann88,3157,0,0
Ann88,3159,0,0
Ann88,3163,0,0
Ann88,323,1,1
Ann88,3238,1,0
Ann88,3287,0,0
Ann88,3295,1,0
Ann88,3335,0,0
Ann88,3344,1,1
Ann88,3354,0,0
Ann88,337,0,1
Ann88,3374,0,0
Ann88,3386,1,0
Ann88,3387,0,0
Ann88,341,1,0
Ann88,3416,0,0
Ann88,3417,1,1
Ann88,3418,1,1
Ann88,3443,0,0
Ann88,3482,1,0
Ann88,3487,1,0
Ann88,3496,0,0
Ann88,352,0,0
Ann88,3532,0,0
Ann88,3557,0,0
Ann88,3584,0,0
Ann88,3620,1,1
Ann88,3632,1,0
Ann88,3650,1,1
Ann88,3700,0,0
Ann88,3711,1,0
Ann88,3720,1,0
Ann88,3729,0,0
Ann88,3797,1,1
Ann88,3854,0,0
Ann88,3857,1,1
Ann88,3860,0,1
Ann88,3870,0,0
Ann88,3908,0,0
Ann88,3940,0,0
Ann88,3941,1,0
Ann88,3950,1,1
Ann88,3966,1,1
Ann88,3969,1,0
Ann88,3978,0,0
Ann88,4014,1,0
Ann88,4016,0,0
Ann88,4051,0,0
Ann88,4061,1,1
Ann88,4073,0,0
Ann88,4077,1,1
Ann88,4135,0,1
Ann88,4166,1,0
Ann88,4167,0,0
Ann88,4168,0,1
Ann88,4216,1,0
Ann88,4220,0,0
Ann88,4235,0,0
Ann88,4253,1,1
Ann88,4279,0,0
Ann88,4296,0,1
Ann88,4299,0,0
Ann88,4313,0,0
Ann88,4359,0,0
Ann88,4384,0,1
Ann88,4397,0,0
Ann88,4399,1,0
Ann88,4400,0,1
Ann88,4447,0,1
Ann88,445,0,1
Ann88,4453,0,0
Ann88,4510,1,1
Ann88,4546,1,1
Ann88,4605,1,0
Ann88,4611,1,0
Ann88,4616,1,0
Ann88,4648,1,1
Ann88,4670,0,0
Ann88,4691,0,0
Ann88,4694,1,0
Ann88,4703,1,1
Ann88,4728,0,0
Ann88,4745,0,0
Ann88,4753,0,0
Ann88,4783,1,1
Ann88,4804,0,0
Ann88,4816,0,0
Ann88,4886,1,0
Ann88,4922,0,1
Ann88,4934,1,0
Ann88,4935,0,0
Ann88,4942,1,1
Ann88,4966,1,1
Ann88,4968,0,0
Ann88,4999,0,0
Ann88,5003,1,0
Ann88,5009,1,1
Ann88,5016,1,0
Ann88,5050,0,0
Ann88,5088,1,1
Ann88,5094,1,0
Ann88,5100,0,0
Ann88,5124,0,1
Ann88,5132,0,0
Ann88,5140,1,0
Ann88,5159,0,0
Ann88,5200,0,1
Ann88,5215,0,0
Ann88,5229,0,0
Ann88,5234,1,1
Ann88,524,1,1
Ann88,5261,0,0
Ann88,5262,1,1
Ann88,5265,1,1
Ann88,5282,0,0
Ann88,5284,0,1
Ann88,5326,0,0
Ann88,5332,0,0
Ann88,5335,0,0
Ann88,5368,0,0
Ann88,5398,0,0
Ann88,5412,0,0
Ann88,5428,1,1
Ann88,5461,1,0
Ann88,5463,1,1
Ann88,5478,1,1
Ann88,5482,1,1
Ann88,5483,1,1
Ann88,5486,1,1
Ann88,5500,0,1
Ann88,5515,0,0
Ann88,5529,0,0
Ann88,5536,0,1
Ann88,5540,1,1
Ann88,5572,1,0
Ann88,5594,0,0
Ann88,5656,1,0
Ann88,5676,1,1
Ann88,5708,0,0
Ann88,5709,1,1
Ann88,5739,0,0
Ann88,5797,1,1
Ann88,5799,0,0
Ann88,5813,0,0
Ann88,5823,0,1
Ann88,5884,0,0
Ann88,590,1,1
Ann88,5902,0,0
Ann88,5915,0,1
Ann88,5925,0,0
Ann88,5951,1,1
Ann88,5953,0,0
Ann88,5966,1,0
Ann88,601,1,1
Ann88,6014,1,1
Ann88,6037,0,0
Ann88,6039,1,0
Ann88,6040,1,0
Ann88,6051,1,1
Ann88,6071,0,0
Ann88,6083,0,1
Ann88,6091,0,0
Ann88,6105,1,0
Ann88,6162,0,0
Ann88,6166,0,0
Ann88,6189,1,1
Ann88,6206,0,1
Ann88,6212,0,1
Ann88,6238,0,0
Ann88,6274,0,1
Ann88,6277,1,0
Ann88,6286,1,0
Ann88,63,0,0
Ann88,633,1,1
Ann88,6339,0,0
Ann88,6361,0,0
Ann88,6377,0,0
Ann88,6382,1,1
Ann88,6521,1,1
Ann88,653,0,1
Ann88,6538,1,0
Ann88,6554,1,0
Ann88,6570,1,0
Ann88,6576,1,1
Ann88,6588,0,0
Ann88,6598,0,0
Ann88,6624,1,0
Ann88,6626,1,1
Ann88,6635,0,0
Ann88,6636,1,1
Ann88,6640,0,1
Ann88,6657,1,1
Ann88,6697,0,1
Ann88,6711,0,1
Ann88,6728,1,1
Ann88,6738,0,0
Ann88,6755,0,0
Ann88,6784,0,0
Ann88,6794,0,0
Ann88,6811,0,1
Ann88,6854,1,1
Ann88,6883,1,1
Ann88,6884,1,1
Ann88,6893,1,0
Ann88,6895,1,0
Ann88,6915,1,1
Ann88,6924,1,0
Ann88,6938,0,0
Ann88,6946,1,1
Ann88,6951,1,0
Ann88,6958,1,1
Ann88,698,1,1
Ann88,6999,1,0
Ann88,7011,0,0
Ann88,702,0,0
Ann88,705,1,1
Ann88,7056,0,0
Ann88,7127,0,0
Ann88,7139,0,0
Ann88,7150,1,0
Ann88,7170,1,0
Ann88,7216,0,1
Ann88,7220,1,0
Ann88,7227,0,0
Ann88,7265,0,0
Ann88,727,0,0
Ann88,7295,0,0
Ann88,7329,1,0
Ann88,7354,0,0
Ann88,7358,1,0
Ann88,7370,1,1
Ann88,7427,1,0
Ann88,7439,0,1
Ann88,7458,0,0
Ann88,7519,1,0
Ann88,7525,0,0
Ann88,7604,0,0
Ann88,7607,0,0
Ann88,7631,1,0
Ann88,7649,0,0
Ann88,786,0,0
Ann88,80,1,1
Ann88,808,1,0
Ann88,809,1,1
Ann88,815,0,0
Ann88,841,0,0
Ann88,844,0,0
Ann88,85,1,0
Ann88,889,1,1
Ann88,890,0,0
Ann88,911,1,0
Ann88,956,0,0
Ann88,960,0,0
Ann88,962,0,0
Ann88,968,0,0
Ann88,984,1,0
Ann90,1049,1,1
Ann90,1201,0,0
Ann90,1319,0,0
Ann90,132,1,1
Ann90,1444,0,0
Ann90,146,0,0
Ann90,1594,0,1
Ann90,1610,1,0
Ann90,1644,1,0
Ann90,1652,0,0
Ann90,1719,1,0
Ann90,1914,0,0
Ann90,201,0,1
Ann90,2122,1,0
Ann90,2433,0,0
Ann90,249,1,0
Ann90,2500,0,0
Ann90,2716,0,0
Ann90,2874,0,0
Ann90,2903,0,0
Ann90,3052,1,1
Ann90,3062,0,0
Ann90,3072,0,0
Ann90,3205,0,0
Ann90,322,0,0
Ann90,3270,0,1
Ann90,3422,0,0
Ann90,3609,0,1
Ann90,3628,0,0
Ann90,3774,0,0
Ann90,3906,1,0
Ann90,4011,0,0
Ann90,4047,0,0
Ann90,4070,0,0
Ann90,4088,0,0
Ann90,411,1,0
Ann90,4168,0,1
Ann90,4225,0,1
Ann90,4230,0,0
Ann90,4298,0,0
Ann90,443,0,0
Ann90,4516,0,0
Ann90,4547,0,0
Ann90,4568,0,0
Ann90,4569,0,0
Ann90,4595,0,0
Ann90,4907,0,0
Ann90,4917,0,0
Ann90,4976,0,0
Ann90,4994,0,0
Ann90,5037,0,0
Ann90,5058,0,0
Ann90,5074,0,1
Ann90,5127,0,0
Ann90,5172,0,0
Ann90,5205,1,1
Ann90,5271,1,1
Ann90,5310,0,0
Ann90,5433,1,0
Ann90,5465,1,0
Ann90,5500,0,1
Ann90,5503,1,1
Ann90,5595,0,0
Ann90,5613,1,0
Ann90,5701,0,1
Ann90,5790,0,0
Ann90,5858,0,0
Ann90,6076,1,1
Ann90,6271,1,0
Ann90,6356,1,0
Ann90,6493,0,0
Ann90,6525,0,0
Ann90,6686,0,0
Ann90,6806,0,1
Ann90,6822,0,0
Ann90,6849,0,0
Ann90,6862,0,0
Ann90,6880,0,0
Ann90,6906,0,0
Ann90,6937,0,0
Ann90,6945,0,0
Ann90,7000,0,0
Ann90,7080,0,0
Ann90,712,0,0
Ann90,7164,0,0
Ann90,7168,0,1
Ann90,7247,1,1
Ann90,7250,0,0
Ann90,7299,0,0
Ann90,7444,0,0
Ann90,7498,1,0
Ann90,7541,0,0
Ann90,7570,0,0
Ann90,776,1,0
Ann90,795,0,0
Ann90,84,0,0
Ann90,872,1,1
Ann91,1510,0,0
Ann91,1583,1,0
Ann91,166,0,0
Ann91,1720,0,0
Ann91,1910,0,0
Ann91,3222,0,0
Ann91,3511,0,0
Ann91,3619,0,0
Ann91,4109,0,1
Ann91,4227,0,0
Ann91,4452,0,0
Ann91,5235,1,0
Ann91,621,0,0
Ann91,6508,0,0
Ann91,6823,0,0
Ann91,7091,0,0
Ann91,720,1,1
Ann92,10087,0,0
Ann92,10115,0,0
Ann92,10357,1,0
Ann92,10570,1,0
Ann92,10579,1,0
Ann92,7733,1,0
Ann92,7863,0,0
Ann92,7940,1,1
Ann92,8046,1,0
Ann92,8056,0,0
Ann92,8116,1,0
Ann92,8143,0,0
Ann92,8186,0,0
Ann92,8189,0,0
Ann92,8372,1,0
Ann92,8422,0,0
Ann92,8533,0,0
Ann92,8585,0,0
Ann92,8708,1,0
Ann92,8817,1,1
Ann92,8914,0,1
Ann92,8951,0,0
Ann92,9136,1,0
Ann92,9137,0,0
Ann92,9166,1,0
Ann92,9168,0,0
Ann92,9237,0,1
Ann92,9382,1,1
Ann92,9389,1,0
Ann92,9396,1,1
Ann92,9510,1,0
Ann92,9695,0,0
Ann92,9749,0,0
Ann92,9759,0,0
Ann92,9841,0,0
Ann92,9864,0,0
Ann92,9976,0,1
Ann94,2541,0,0
Ann94,714,1,1
Ann94,7191,1,0
Ann94,7675,0,0
Ann94,828,0,0
Ann98,10008,0,0
Ann98,10533,0,0
Ann98,10630,0,0
Ann98,7793,0,1
Ann98,7899,0,0
Ann98,8337,0,0
Ann98,8369,1,0
Ann98,8559,0,0
Ann98,8587,0,0
Ann98,8749,1,0
Ann98,8878,0,0
Ann98,8896,0,0
Ann98,9337,0,0
Ann98,9356,0,0
Ann98,9691,0,0